103/10/31,19.70,19.90,19.65,19.75,8681000,172054280,-0.24,1889
103/11/03,19.75,19.76,19.61,19.68,5828013,114736659,-0.07,1434
103/11/04,19.68,19.73,19.60,19.72,8030000,158039450,0.04,1740
103/11/05,19.69,19.78,19.66,19.77,7323016,144565229,0.05,1992
103/11/06,19.77,19.91,19.71,19.89,9868528,195451526,0.12,1943
103/11/07,19.89,19.97,19.84,19.86,11326132,225198624,-0.03,1937
103/11/10,19.70,19.78,19.53,19.55,7645067,149699975,-0.31,1710
103/11/11,19.52,19.60,19.51,19.60,5012121,98014658,0.05,1018
103/11/12,19.65,19.87,19.61,19.84,7630400,150571995,0.24,905
103/11/13,19.85,19.85,19.73,19.74,3540081,70045566,-0.10,457
103/11/14,19.76,19.80,19.69,19.76,2545066,50213656,0.02,545
103/11/17,19.66,19.93,19.63,19.88,6541000,129418600,0.12,621
103/11/18,19.80,20.00,19.77,19.94,2818150,56166961,0.06,543
103/11/19,19.94,19.94,19.70,19.76,7037500,138924969,-0.18,998
103/11/20,19.72,19.72,19.46,19.50,16837392,328761274,-0.26,2470
103/11/21,19.50,19.53,19.46,19.48,8490000,165494750,-0.02,1542
103/11/24,19.48,19.48,19.37,19.47,6430000,124913840,-0.01,970
103/11/25,19.52,19.53,19.42,19.45,4919000,95756020,-0.02,516
103/11/26,19.50,19.50,19.45,19.48,1768000,34427250,0.03,198
103/11/27,19.42,19.42,19.24,19.33,5638019,108872555,-0.15,874
103/11/28,19.32,19.35,19.29,19.34,3638100,70314450,0.01,605
103/12/01,19.58,19.61,19.35,19.45,8593000,167597300,0.11,1002
103/12/02,19.49,19.68,19.49,19.62,7556385,148144502,0.17,1009
103/12/03,19.60,19.60,19.30,19.34,9567100,185404055,-0.28,963
103/12/04,19.25,19.29,19.17,19.26,11227000,216003520,-0.08,748
103/12/05,19.26,19.33,19.24,19.27,1903000,36669950,0.01,310
103/12/08,19.20,19.34,19.18,19.30,2488000,47970020,0.03,304
103/12/09,19.37,19.44,19.34,19.40,1928005,37385693,0.10,356
103/12/10,19.52,19.67,19.42,19.65,5625000,110163210,0.25,938
103/12/11,19.75,19.77,19.60,19.66,3803011,74826575,0.01,520
103/12/12,19.66,19.68,19.56,19.65,2140485,42023216,-0.01,332
103/12/15,19.75,19.83,19.66,19.66,8286100,163623505,0.01,827
103/12/16,19.70,19.74,19.62,19.74,5644000,111112030,0.08,405
103/12/17,19.74,19.97,19.74,19.91,23119000,460219430,0.17,1252
103/12/18,19.83,19.95,19.79,19.95,16730200,332511360,0.04,709
103/12/19,19.66,19.73,19.54,19.59,7476000,146770580,-0.36,813
103/12/22,19.59,19.59,19.42,19.43,3879159,75587900,-0.16,514
103/12/23,19.38,19.43,19.35,19.38,2679000,51929570,-0.05,432
103/12/24,19.38,19.38,19.24,19.27,5571000,107511210,-0.11,851
103/12/25,19.25,19.30,19.25,19.27,2226000,42894980,,363
103/12/26,19.27,19.27,19.19,19.20,2970000,57072350,-0.07,569
103/12/27,19.17,19.18,19.13,19.14,2846000,54512470,-0.06,538
103/12/29,19.12,19.13,18.96,18.98,8010100,152328034,-0.16,1109
103/12/30,18.95,19.09,18.93,19.06,4989100,94925365,0.08,530
103/12/31,19.07,19.11,19.01,19.05,3415000,65099610,-0.01,367
104/01/05,19.15,19.28,19.08,19.12,5644000,108153060,0.07,551
104/01/06,19.33,19.58,19.31,19.53,10199100,198273600,0.41,1272
104/01/07,19.53,19.56,19.44,19.49,6164410,120168370,-0.04,538
104/01/08,19.25,19.33,19.12,19.12,13061000,250556150,-0.37,1288
104/01/09,19.00,19.19,18.99,19.17,3771000,72088280,0.05,490
104/01/12,19.27,19.30,19.16,19.25,4123000,79300010,0.08,390
104/01/13,19.25,19.30,19.07,19.16,8025000,153595270,-0.09,857
104/01/14,19.19,19.31,19.14,19.27,6469000,124601670,0.11,385
104/01/15,19.18,19.36,19.17,19.27,6903013,133113691,,418
104/01/16,19.14,19.47,19.14,19.40,14133477,274113563,0.13,1069
104/01/19,19.18,19.35,19.12,19.31,9907000,190829110,-0.09,805
104/01/20,19.23,19.26,19.11,19.12,12827000,245754060,-0.19,980
104/01/21,19.07,19.07,19.00,19.03,16200000,308144560,-0.09,1506
104/01/22,18.99,18.99,18.83,18.89,14742000,278355370,-0.14,1422
104/01/23,18.70,18.73,18.67,18.70,14862000,277822050,-0.19,1641
104/01/26,18.77,18.77,18.69,18.71,11415000,213662890,0.01,689
104/01/27,18.61,18.67,18.55,18.60,6516000,121289280,-0.11,951
104/01/28,18.68,18.68,18.58,18.59,11519000,214363900,-0.01,928
104/01/29,18.66,18.77,18.64,18.75,8441156,158053482,0.16,1052
104/01/30,18.73,18.82,18.71,18.82,6813013,127845055,0.07,565
104/02/02,18.85,18.89,18.77,18.82,5573000,104918240,,756
104/02/03,18.73,18.81,18.65,18.71,8608055,161040655,-0.11,769
104/02/04,18.58,18.61,18.53,18.60,9913000,184079220,-0.11,1031
104/02/05,18.60,18.67,18.60,18.61,2157011,40202604,0.01,311
104/02/06,18.60,18.70,18.58,18.69,3084000,57538420,0.08,354
104/02/09,18.75,18.77,18.69,18.73,2615000,49000110,0.04,292
104/02/10,18.75,18.77,18.70,18.77,3638260,68211600,0.04,405
104/02/11,18.70,18.71,18.62,18.63,3101004,57818255,-0.14,488
104/02/12,18.63,18.69,18.62,18.66,2168200,40436230,0.03,213
104/02/13,18.60,18.60,18.52,18.58,6527096,121091414,-0.08,831
104/02/24,18.46,18.46,18.37,18.39,11183240,205867419,-0.19,1508
104/02/25,18.31,18.34,18.28,18.28,8133100,148815510,-0.11,1257
104/02/26,18.33,18.38,18.31,18.34,2518000,46185100,0.06,473
104/03/02,18.35,18.40,18.28,18.39,3708114,68030040,0.05,417
104/03/03,18.31,18.47,18.31,18.40,1694100,31193559,0.01,433
104/03/04,18.45,18.49,18.37,18.41,2212000,40721750,0.01,432
104/03/05,18.40,18.52,18.39,18.42,2769150,51080586,0.01,403
104/03/06,18.45,18.49,18.38,18.40,2972000,54735130,-0.02,464
104/03/09,18.48,18.53,18.45,18.47,4008000,74076290,0.07,538
104/03/10,18.53,18.60,18.47,18.56,4954000,91917870,0.09,758
104/03/11,18.70,18.71,18.54,18.59,5409000,100733490,0.03,761
104/03/12,18.59,18.60,18.44,18.45,4905000,90661200,-0.14,735
104/03/13,18.45,18.47,18.37,18.47,5063050,93259414,0.02,638
104/03/16,18.47,18.53,18.45,18.53,2040161,37724894,0.06,283
104/03/17,18.45,18.52,18.36,18.52,5964100,109870890,-0.01,684
104/03/18,18.50,18.50,18.35,18.39,7890100,145088920,-0.13,1721
104/03/19,18.30,18.30,18.14,18.19,14030050,255436310,-0.20,2342
104/03/20,18.20,18.21,18.15,18.18,2844000,51718710,-0.01,437
104/03/23,18.19,18.21,18.15,18.18,2880000,52340630,,428
104/03/24,18.19,18.28,18.16,18.24,2537000,46257020,0.06,350
104/03/25,18.25,18.32,18.23,18.28,2220000,40608500,0.04,459
104/03/26,18.41,18.48,18.38,18.42,7588163,139956647,0.14,831
104/03/27,18.45,18.57,18.41,18.56,6356500,117669824,0.14,844
104/03/30,18.56,18.60,18.52,18.54,6009000,111547690,-0.02,554
104/03/31,18.50,18.54,18.44,18.48,3981000,73578850,-0.06,564
104/04/01,18.60,18.64,18.57,18.61,5564000,103548900,0.13,717
104/04/02,18.59,18.59,18.40,18.41,9496100,175189321,-0.20,1155
104/04/07,18.38,18.41,18.34,18.35,6478000,119020640,-0.06,745
104/04/08,18.35,18.51,18.35,18.48,3136000,57944470,0.13,367
104/04/09,18.51,18.51,18.30,18.47,8102050,148968872,-0.01,1144
104/04/10,18.36,18.44,18.31,18.39,3543000,65100710,-0.08,524
104/04/13,18.32,18.37,18.30,18.32,6004000,110103750,-0.07,1172
104/04/14,18.35,18.39,18.31,18.35,10159000,186276700,0.03,466
104/04/15,18.40,18.55,18.35,18.53,10104500,186920603,0.18,1001
104/04/16,18.50,18.50,18.36,18.37,5830030,107272988,-0.16,1171
104/04/17,18.40,18.47,18.38,18.46,2872000,52980150,0.09,332
104/04/20,18.52,18.58,18.46,18.49,7063161,130808911,0.03,682
104/04/21,18.46,18.56,18.40,18.51,3126000,57832060,0.02,483
104/04/22,18.50,18.50,18.35,18.37,6583000,121063560,-0.14,902
104/04/23,18.31,18.31,17.94,17.97,22241000,402721320,-0.40,4255
104/04/24,17.93,17.95,17.69,17.83,14694100,261700699,-0.14,2446
104/04/27,17.77,17.77,17.64,17.65,10144000,179363850,-0.18,1904
104/04/28,17.65,17.74,17.64,17.71,3880541,68686503,0.06,659
104/04/29,17.73,17.88,17.65,17.82,4159000,73991810,0.11,759
104/04/30,17.83,17.92,17.82,17.88,3416000,61049180,0.06,713
104/05/04,17.88,17.95,17.84,17.85,3032500,54245820,-0.03,456
104/05/05,17.85,17.96,17.85,17.93,2581298,46278859,0.08,424
104/05/06,18.00,18.04,17.88,17.89,4713161,84741880,-0.04,1229
104/05/07,18.00,18.07,18.00,18.07,8304120,149849874,0.18,1137
104/05/08,18.07,18.10,18.03,18.10,4044410,73101753,0.03,579
104/05/11,18.00,18.23,17.98,18.14,9602000,173787740,0.04,1111
104/05/12,18.15,18.20,18.07,18.15,5469000,99325770,0.01,591
104/05/13,18.14,18.16,18.04,18.12,5068000,91759560,-0.03,686
104/05/14,18.13,18.38,18.13,18.33,10163589,185965397,0.21,1403
104/05/15,18.30,18.47,18.28,18.44,8625197,158436193,0.11,1314
104/05/18,18.42,18.46,18.37,18.40,3694000,68020069,-0.04,645
104/05/19,18.36,18.36,18.14,18.17,6309001,114798058,-0.23,1274
104/05/20,18.17,18.27,18.17,18.21,3168293,57711439,0.04,369
104/05/21,18.31,18.51,18.31,18.45,8145100,150303914,0.24,1039
104/05/22,18.45,18.45,18.27,18.35,6489000,118945850,-0.10,897
104/05/25,18.40,18.45,18.30,18.36,3071134,56387658,0.01,399
104/05/26,18.29,18.32,18.15,18.27,7062000,128995290,-0.09,530
104/05/27,18.32,18.32,18.19,18.20,4696160,85644934,-0.07,613
104/05/28,18.10,18.20,18.10,18.15,5017403,91114244,-0.05,633
104/05/29,18.15,18.20,18.10,18.16,4496235,81598138,0.01,747
104/06/01,18.19,18.36,18.19,18.32,7625109,139626286,0.16,774
104/06/02,18.41,18.43,18.30,18.36,4568000,83874840,0.04,557
104/06/03,18.36,18.50,18.31,18.50,6978096,128600034,0.14,1130
104/06/04,18.50,18.92,18.47,18.91,20773034,388279483,0.41,3450
104/06/05,18.94,19.00,18.85,18.89,18285500,346294321,-0.02,2308
104/06/08,18.89,19.05,18.73,18.81,12296842,232639797,-0.08,1713
104/06/09,18.88,19.10,18.85,19.07,12349725,234685483,0.26,1851
104/06/10,19.00,19.00,18.84,18.93,12173604,230329426,-0.14,1589
104/06/11,18.89,19.06,18.84,18.93,10877300,206204570,,2300
104/06/12,18.95,19.06,18.90,18.98,8216150,155932133,0.05,1524
104/06/15,18.99,19.07,18.92,19.06,5394070,102497940,0.08,835
104/06/16,19.06,19.24,19.05,19.21,11646764,223343002,0.15,1666
104/06/17,19.15,19.23,19.09,19.14,7082206,135773494,-0.07,1167
104/06/18,19.14,19.19,19.08,19.11,6796000,130012670,-0.03,859
104/06/22,19.03,19.03,18.83,18.85,12258300,231341220,-0.26,1716
104/06/23,18.75,18.81,18.70,18.76,11046250,206985770,-0.09,1502
104/06/24,18.77,18.86,18.77,18.78,2585500,48610359,0.02,608
104/06/25,18.70,18.70,18.51,18.58,15045500,279576640,-0.20,2304
104/06/26,18.59,18.64,18.55,18.60,4920850,91502173,0.02,857
104/06/29,18.80,19.02,18.80,19.02,14959000,282818670,0.42,2073
104/06/30,19.05,19.05,18.86,18.87,10669210,202060583,-0.15,1641
104/07/01,18.86,18.86,18.63,18.69,10748230,200942797,-0.18,1864
104/07/02,18.64,18.72,18.62,18.68,3790000,70772750,-0.01,633
104/07/03,18.72,18.90,18.65,18.65,7584000,142372820,-0.03,1422
104/07/06,18.79,18.84,18.65,18.79,12721000,238635170,0.14,1246
104/07/07,18.74,18.80,18.62,18.75,5429000,101647530,-0.04,851
104/07/08,18.82,19.36,18.82,19.32,35069292,673441191,0.57,3583
104/07/09,19.50,19.75,19.31,19.40,42905930,836731422,0.08,3270
104/07/13,19.20,19.38,19.14,19.14,23438155,451674072,-0.26,2396
104/07/14,19.11,19.17,18.98,19.17,16179609,308672524,0.03,1855
104/07/15,19.10,19.22,19.00,19.16,12059350,230565510,-0.01,1236
104/07/16,19.06,19.16,18.98,19.08,9800000,186786760,-0.08,1093
104/07/17,19.08,19.14,19.03,19.11,6234000,119026720,0.03,680
104/07/20,19.03,19.33,18.86,19.24,10986430,210039355,0.13,1562
104/07/21,19.18,19.31,19.12,19.14,7033599,135073459,-0.10,933
104/07/22,19.22,19.28,19.14,19.26,9328000,179315660,0.12,1171
104/07/23,19.32,19.55,19.26,19.41,17555000,340672830,0.15,2206
104/07/24,19.43,19.60,19.42,19.54,9217000,180004340,0.13,1311
104/07/27,19.65,19.95,19.59,19.90,14738100,291664800,0.36,2424
104/07/28,19.93,19.98,19.74,19.83,15086100,299514380,-0.07,1779
104/07/29,19.83,20.08,19.83,19.99,10804258,215879860,0.16,1769
104/07/30,19.92,19.94,19.65,19.75,12459000,246302090,-0.24,1691
104/07/31,19.76,19.95,19.72,19.88,13426000,266985110,0.13,1087
104/08/03,19.98,20.22,19.95,20.14,25130995,506407229,0.26,1916
104/08/04,20.09,20.22,19.90,20.11,16650195,334320148,-0.03,2012
104/08/05,20.00,20.11,19.91,19.92,11047196,220710350,-0.19,1387
104/08/06,19.85,20.28,19.82,20.19,15184400,305684310,0.27,1712
104/08/07,20.35,20.40,20.17,20.24,9618146,195186851,0.05,1376
104/08/10,20.25,20.34,20.04,20.08,13301490,268250916,-0.16,1319
104/08/11,19.95,20.29,19.84,20.27,13096581,262041082,0.19,1695
104/08/12,20.21,20.58,20.21,20.46,14430260,294612546,0.19,2228
104/08/13,20.41,20.51,20.30,20.43,9892030,202034503,-0.03,1286
104/08/14,20.46,20.51,20.39,20.45,5556200,113653230,0.02,664
104/08/17,20.45,20.62,20.45,20.59,5790030,119040952,0.14,927
104/08/18,20.59,20.77,20.52,20.75,7193030,148633208,0.16,1160
104/08/19,20.79,21.21,20.75,21.09,14720300,309703313,0.34,2225
104/08/20,21.21,21.37,21.00,21.18,22045050,467061539,0.09,2638
104/08/21,21.50,21.77,21.40,21.76,21233500,458543800,0.58,3119
104/08/24,22.41,23.84,22.26,23.03,62199658,1424399918,1.27,8192
104/08/25,23.69,23.69,22.13,22.15,50949801,1144544544,-0.88,7400
104/08/26,22.31,22.60,21.85,21.91,40186200,894523740,-0.24,5648
104/08/27,21.75,22.03,21.66,21.93,33104350,723943467,0.02,4862
104/08/28,21.53,21.55,21.29,21.46,49968100,1069645423,-0.47,8615
104/08/31,21.50,21.54,21.39,21.42,38854290,834398290,-0.04,3808
104/09/01,21.35,21.54,21.11,21.44,41422540,882576904,0.02,5301
104/09/02,21.80,21.80,21.03,21.16,59401250,1268602570,-0.28,7514
104/09/03,21.10,21.34,21.00,21.13,27171404,575333865,-0.03,3416
104/09/04,21.23,21.36,20.91,21.31,42900670,908842825,0.18,5662
104/09/07,21.37,21.37,21.00,21.21,26278060,556448576,-0.10,4224
104/09/08,21.18,21.31,21.07,21.17,17684400,374270428,-0.04,2449
104/09/09,20.72,20.72,20.14,20.14,54502305,1111977547,-1.03,10526
104/09/10,20.36,20.46,20.20,20.26,20954306,425754812,0.12,3100
104/09/11,20.32,20.38,20.22,20.27,15604150,316564922,0.01,2946
104/09/14,20.18,20.42,20.12,20.30,24381999,494562029,0.03,3215
104/09/15,20.18,20.37,20.14,20.29,17452800,354014902,-0.01,3002
104/09/16,20.20,20.31,20.10,20.20,20118620,406176778,-0.09,2994
104/09/17,20.00,20.00,19.71,19.82,49605499,982459540,-0.38,8423
104/09/18,19.84,19.90,19.74,19.75,19283599,381974394,-0.07,3768
104/09/21,20.00,20.28,20.00,20.21,40888900,825875360,0.46,8200
104/09/22,20.11,20.17,20.01,20.07,20033100,402319367,-0.14,2637
104/09/23,20.33,20.49,20.24,20.47,32521610,663150120,0.40,5682
104/09/24,20.40,20.72,20.31,20.66,45645000,938670530,0.19,6261
104/09/25,20.70,20.75,20.50,20.55,45053000,929788280,-0.11,6825
104/09/30,20.81,20.82,20.44,20.48,41078100,845659215,-0.07,6164
104/10/01,20.38,20.52,20.03,20.09,42087200,849906206,-0.39,7861
104/10/02,20.21,20.21,20.05,20.14,23736150,477492142,0.05,3208
104/10/05,19.94,20.14,19.93,20.03,20810050,416326745,-0.11,3249
104/10/06,19.82,19.93,19.66,19.93,38290200,758574719,-0.10,5826
104/10/07,19.91,19.93,19.62,19.64,36377222,718432242,-0.29,6510
104/10/08,19.48,19.79,19.48,19.76,21214100,417046348,0.12,3730
104/10/12,19.66,19.68,19.42,19.47,42758651,833651560,-0.29,7253
104/10/13,19.46,19.57,19.43,19.49,18113500,353185948,0.02,2244
104/10/14,19.58,19.61,19.47,19.53,12599250,246086797,0.04,2129
104/10/15,19.43,19.43,19.22,19.32,34818250,672274140,-0.21,6270
104/10/16,19.32,19.43,19.31,19.36,17407000,337034877,0.04,3704
104/10/19,19.32,19.38,19.21,19.33,22818250,440589777,-0.03,5062
104/10/20,19.28,19.29,19.23,19.26,19593342,377463889,-0.07,4223
104/10/21,19.18,19.40,19.15,19.36,27941490,539406597,0.10,3754
104/10/22,19.39,19.40,19.28,19.35,21579500,417429200,-0.01,2608
104/10/23,19.05,19.20,19.01,19.17,27236499,520475939,-0.18,6638
104/10/26,19.06,19.08,18.99,19.04,20319577,387005517,-0.13,3217
104/10/27,19.09,19.20,19.04,19.16,13392392,256403946,0.12,1899
104/10/28,19.19,19.28,19.08,19.23,14803711,283912227,0.07,1897
104/10/29,19.15,19.46,19.14,19.40,27263340,527818894,0.17,3316
104/10/30,19.41,19.58,19.34,19.38,23893166,464767897,-0.02,3517
104/11/02,19.45,19.54,19.35,19.37,13395500,260105159,-0.01,1613
104/11/03,19.23,19.23,19.03,19.06,34437977,657787458,-0.31,5281
104/11/04,18.95,19.00,18.68,18.74,57743599,1084691547,-0.32,10946
104/11/05,18.71,18.81,18.68,18.70,19988000,374312979,-0.04,7148
104/11/06,18.73,19.17,18.73,19.08,34271200,651358651,0.38,7042
104/11/09,19.15,19.28,19.00,19.22,20817770,398857182,0.14,3485
104/11/10,19.38,19.48,19.32,19.43,24638410,478086388,0.21,3943
104/11/11,19.44,19.71,19.40,19.67,33341220,653780304,0.24,5171
104/11/12,19.66,19.82,19.59,19.67,29754476,586371620,,3767
104/11/13,19.79,19.88,19.57,19.83,41245000,815876336,0.16,3971
104/11/16,20.00,20.12,19.92,19.95,42030500,840863464,0.12,4856
104/11/17,19.69,19.69,19.52,19.63,26783128,524727527,-0.32,4401
104/11/18,19.60,19.92,19.60,19.91,18262096,360980210,0.28,2540
104/11/19,19.76,19.87,19.62,19.62,25140127,495847605,-0.29,3456
104/11/20,19.62,19.68,19.51,19.58,17342077,339563789,-0.04,1746
104/11/23,19.50,19.65,19.47,19.54,13954000,272928288,-0.04,1536
104/11/24,19.60,19.79,19.50,19.74,20803999,409192616,0.20,2391
104/11/25,19.74,19.88,19.70,19.78,15604145,309142394,0.04,2212
104/11/26,19.65,19.65,19.44,19.48,26316488,513170632,-0.30,4422
104/11/27,19.45,19.68,19.44,19.68,15842014,309784295,0.20,1985
104/11/30,19.83,20.10,19.83,19.95,55267028,1105440044,0.27,5610
104/12/01,19.80,19.86,19.53,19.57,32438617,637942593,-0.38,5850
104/12/02,19.57,19.62,19.42,19.52,18597384,362746205,-0.05,2981
104/12/03,19.67,19.74,19.44,19.50,21492192,420529135,-0.02,2420
104/12/04,19.67,19.78,19.64,19.67,27218876,536357726,0.17,2966
104/12/07,19.53,19.53,19.34,19.50,22644500,440106202,-0.17,3568
104/12/08,19.56,19.81,19.51,19.76,32528721,640931038,0.26,4255
104/12/09,19.86,20.08,19.80,20.02,43796397,874799694,0.26,6099
104/12/10,20.16,20.33,20.08,20.12,42622751,861893734,0.10,5286
104/12/11,20.11,20.43,20.05,20.43,22974963,465570710,0.31,3808
104/12/14,20.70,20.72,20.45,20.53,39503148,812198773,0.10,4829
104/12/15,20.39,20.47,20.27,20.41,25454650,519168539,-0.12,3181
104/12/16,20.18,20.35,20.09,20.13,28543300,576362629,-0.28,5247
104/12/17,20.05,20.14,19.87,19.87,37105291,740132763,-0.26,7341
104/12/18,19.99,20.03,19.78,19.96,19712999,392861888,0.09,3208
104/12/21,20.17,20.19,19.90,19.93,19788622,396670840,-0.03,3662
104/12/22,19.90,20.01,19.85,19.93,11008051,219489911,,2163
104/12/23,19.89,19.90,19.73,19.87,23818976,471688180,-0.06,3964
104/12/24,19.73,19.83,19.64,19.82,20428306,403014891,-0.05,3485
104/12/25,19.80,19.82,19.67,19.68,11719195,231350145,-0.14,2313
104/12/28,19.68,19.70,19.63,19.70,8240051,162102910,0.02,1618
104/12/29,19.76,19.91,19.75,19.85,13699437,271921944,0.15,2300
104/12/30,19.78,19.98,19.78,19.94,13190051,262603788,0.09,2106
104/12/31,19.96,19.99,19.86,19.91,9794051,195087184,-0.03,1504
105/01/04,19.91,20.40,19.87,20.35,46537030,942513988,0.44,8758
105/01/05,20.39,20.50,20.23,20.48,38668100,787925970,0.13,5191
105/01/06,20.45,20.80,20.45,20.65,44361600,915269448,0.17,6376
105/01/07,20.70,21.22,20.64,21.01,66465287,1394513074,0.36,8543
105/01/08,21.10,21.18,20.81,20.87,73267628,1536108994,-0.14,6309
105/01/11,21.13,21.38,21.08,21.21,51077065,1083429994,0.34,7263
105/01/12,21.15,21.39,21.07,21.32,31486215,668957612,0.11,4379
105/01/13,21.15,21.24,20.95,21.11,34502522,727567288,-0.21,5261
105/01/14,21.50,21.58,21.30,21.32,54396173,1164625996,0.21,6348
105/01/15,21.09,21.53,21.09,21.46,41945229,894282251,0.14,5586
105/01/18,21.71,21.71,21.00,21.01,69368127,1478894797,-0.45,10105
105/01/19,21.02,21.16,20.90,20.90,57358317,1205717430,-0.11,4268
105/01/20,21.07,21.53,21.06,21.45,43317738,924345756,0.55,5642
105/01/21,21.30,21.52,21.25,21.48,45195799,966134394,0.03,6188
105/01/22,21.24,21.42,21.17,21.19,37371570,795500398,-0.29,5421
105/01/25,21.01,21.04,20.79,20.83,40782801,850952341,-0.36,6608
105/01/26,21.05,21.09,20.94,21.03,19393620,407788180,0.20,2883
105/01/27,20.87,21.04,20.83,20.94,17153174,359238977,-0.09,3218
105/01/28,20.99,20.99,20.70,20.80,32045149,667021512,-0.14,4479
105/01/29,20.89,20.90,20.26,20.30,64797319,1328617326,-0.50,10139
105/01/30,20.15,20.15,20.01,20.01,37696500,756692760,-0.29,5827
105/02/01,20.03,20.20,20.03,20.09,20782449,418059500,0.08,3574
105/02/02,20.20,20.24,20.05,20.12,16164487,325461712,0.03,2534
105/02/03,20.26,20.40,20.22,20.29,29557056,599785239,0.17,4205
105/02/15,20.65,20.65,20.28,20.29,37224999,760637459,,5591
105/02/16,20.22,20.23,19.84,19.88,52766244,1053890136,-0.41,10402
105/02/17,19.80,19.94,19.78,19.94,44342831,881296489,0.06,5219
105/02/18,19.73,19.77,19.56,19.66,60539122,1190398975,-0.28,9839
105/02/19,19.70,19.74,19.60,19.63,33503441,658446714,-0.03,4068
105/02/22,19.62,19.70,19.39,19.61,40487314,791082183,-0.02,7658
105/02/23,19.59,19.69,19.53,19.64,31740532,622984443,0.03,5070
105/02/24,19.63,19.81,19.46,19.78,43961869,863799642,0.14,9617
105/02/25,19.66,19.68,19.47,19.52,58639135,1146547067,-0.26,11019
105/02/26,19.47,19.58,19.37,19.46,33820939,658398147,-0.06,6990
105/03/01,19.48,19.49,19.21,19.26,58824827,1135767783,-0.20,11208
105/03/02,19.07,19.16,19.00,19.14,61340699,1170764217,-0.12,9705
105/03/03,19.11,19.11,18.94,19.02,78984916,1502754181,-0.12,11848
105/03/04,18.97,19.04,18.90,18.94,51482471,975688955,-0.08,8805
105/03/07,18.91,18.99,18.75,18.92,70077478,1322445112,-0.02,12452
105/03/08,18.94,19.09,18.90,18.92,67584392,1283464478,,9263
105/03/09,18.95,19.01,18.86,18.90,60100750,1137902842,-0.02,8012
105/03/10,18.89,18.93,18.77,18.84,58437069,1100860882,-0.06,8633
105/03/11,18.87,18.88,18.69,18.70,86894176,1632247637,-0.14,12629
105/03/14,18.61,18.62,18.55,18.60,65480553,1216816997,-0.10,10636
105/03/15,18.61,18.97,18.59,18.97,92819277,1744336863,0.37,16335
105/03/16,18.86,18.86,18.75,18.81,94325251,1772421061,-0.16,12804
105/03/17,18.63,18.69,18.42,18.65,129467997,2400913114,-0.16,22021
105/03/18,18.64,18.64,18.49,18.52,83524069,1548276958,-0.13,12684
105/03/21,18.45,18.66,18.44,18.50,49466090,917392623,-0.02,7928
105/03/22,18.52,18.72,18.52,18.58,68456326,1276272051,0.08,8987
105/03/23,18.59,18.63,18.47,18.60,56477151,1047972837,0.02,7312
105/03/24,18.68,18.78,18.54,18.61,70757810,1319928967,0.01,9600
105/03/25,18.56,18.69,18.53,18.65,36321315,676439185,0.04,4398
105/03/28,18.64,18.73,18.59,18.67,42552630,793668809,0.02,4934
105/03/29,18.68,18.93,18.64,18.85,75970837,1429784565,0.18,11777
105/03/30,18.78,18.79,18.57,18.60,138629282,2585625215,-0.25,19417
105/03/31,18.50,18.64,18.40,18.58,78921530,1460220611,-0.02,11835
105/04/01,18.68,18.80,18.65,18.76,66930926,1254385713,0.18,8819
105/04/06,18.91,19.09,18.91,19.07,115075989,2190364703,0.31,14158
105/04/07,19.06,19.27,19.04,19.15,93868974,1799121944,0.08,13674
105/04/08,19.28,19.28,19.04,19.06,83124537,1590249624,-0.09,11863
105/04/11,19.15,19.20,18.98,18.99,63188887,1203951390,-0.07,8453
105/04/12,19.00,19.11,18.87,19.06,65553280,1244331717,0.07,8790
105/04/13,18.98,18.98,18.73,18.73,162861002,3062443140,-0.33,23786
105/04/14,18.60,18.72,18.56,18.69,65193679,1215138310,-0.04,9378
105/04/15,18.76,18.81,18.61,18.61,74388130,1388494411,-0.08,10804
105/04/18,18.70,18.74,18.63,18.69,23937550,447462764,0.08,3585
105/04/19,18.60,18.80,18.51,18.76,73325732,1366954747,0.07,10011
105/04/20,18.71,19.03,18.65,19.03,97012131,1835868777,0.27,13374
105/04/21,18.94,19.06,18.91,18.91,56360648,1068306563,-0.12,7238
105/04/22,18.94,19.04,18.84,18.96,48171800,912306101,0.05,6924
105/04/25,18.99,19.00,18.88,18.89,30028516,568466765,-0.07,4466
105/04/26,18.88,18.88,18.71,18.80,53381414,1003736391,-0.09,7144
105/04/27,18.85,18.93,18.78,18.83,23051000,434380913,0.03,3267
105/04/28,18.78,19.12,18.77,19.09,97140828,1848736863,0.26,11185
105/04/29,19.19,19.35,19.18,19.31,135317564,2608407673,0.22,19638
105/05/03,19.31,19.54,19.31,19.45,103280167,2007213486,0.14,15061
105/05/04,19.50,19.81,19.47,19.71,140702104,2761885281,0.26,16993
105/05/05,19.70,19.84,19.64,19.69,124236805,2451330941,-0.02,12888
105/05/06,19.75,19.91,19.75,19.80,94241752,1867935901,0.11,11365
105/05/09,19.72,19.90,19.70,19.81,61386329,1215861325,0.01,6870
105/05/10,19.82,19.94,19.64,19.68,98752128,1951322983,-0.13,14401
105/05/11,19.60,19.87,19.60,19.80,88084809,1738125012,0.12,7049
105/05/12,19.87,19.87,19.71,19.82,84421300,1672695586,0.02,4812
105/05/13,19.91,20.18,19.91,20.06,138950026,2785218024,0.24,12981
105/05/16,20.05,20.11,19.89,19.90,62890059,1255547049,-0.16,8510
105/05/17,19.86,20.02,19.73,19.73,65856125,1305759345,-0.17,9408
105/05/18,19.85,19.95,19.74,19.77,51486645,1021013741,0.04,6582
105/05/19,19.75,19.98,19.72,19.90,54045668,1074860073,0.13,12076
105/05/20,19.83,19.96,19.73,19.75,88646897,1754789667,-0.15,12571
105/05/23,19.75,19.86,19.15,19.15,161977160,3140492709,-0.60,24368
105/05/24,19.19,19.29,19.15,19.27,33557138,645134152,0.12,4736
105/05/25,19.14,19.18,19.02,19.07,72459388,1383435197,-0.20,10501
105/05/26,19.07,19.15,19.04,19.09,28719420,548117444,0.02,3807
105/05/27,19.00,19.07,18.91,18.96,53971784,1024440248,-0.13,9302
105/05/30,18.96,18.99,18.80,18.85,65111702,1229198653,-0.11,11520
105/05/31,18.85,18.92,18.75,18.82,70238749,1322523113,-0.03,9327
105/06/01,18.86,18.86,18.66,18.72,143055255,2677679792,-0.10,20442
105/06/02,18.70,18.80,18.61,18.75,141387889,2643325944,0.03,16680
105/06/03,18.72,18.74,18.65,18.70,77696200,1453095397,-0.05,9337
105/06/04,18.70,18.71,18.65,18.66,49189322,918633789,-0.04,5547
105/06/06,18.63,18.79,18.51,18.68,81471975,1519139837,0.02,12003
105/06/07,18.60,18.60,18.45,18.45,203749460,3771804475,-0.23,28727
105/06/08,18.44,18.44,18.32,18.36,159811011,2937255980,-0.09,20359
105/06/13,18.58,18.78,18.57,18.77,108355850,2023502817,0.41,16248
105/06/14,18.83,18.83,18.65,18.66,76657500,1435113576,-0.11,11027
105/06/15,18.65,18.76,18.56,18.61,98623909,1836494609,-0.05,11271
105/06/16,18.64,18.90,18.63,18.87,92885957,1746981249,0.26,13949
105/06/17,18.71,18.71,18.54,18.62,118378279,2201780237,-0.25,16865
105/06/20,18.45,18.51,18.42,18.45,80799700,1490707497,-0.17,10858
105/06/21,18.47,18.50,18.33,18.36,118718538,2181839483,-0.09,13823
105/06/22,18.38,18.44,18.32,18.36,76355333,1402361686,,6373
105/06/23,18.37,18.43,18.34,18.37,59862446,1100337450,0.01,5836
105/06/24,18.37,19.09,18.31,18.93,325410481,6103186679,0.56,39488
105/06/27,18.90,18.90,18.69,18.70,97157198,1824119560,-0.23,12778
105/06/28,18.84,18.85,18.59,18.60,73114686,1365801626,-0.10,10797
105/06/29,18.56,18.57,18.37,18.45,118470907,2185680086,-0.15,16659
105/06/30,18.38,18.46,18.27,18.31,206292498,3780609551,-0.14,28637
105/07/01,18.23,18.23,18.06,18.08,229889330,4165363460,-0.23,32053
105/07/04,18.10,18.13,17.96,18.04,111938696,2018475820,-0.04,14022
105/07/05,18.11,18.18,18.06,18.09,58195440,1053575155,0.05,7247
105/07/06,18.23,18.41,18.22,18.39,132097504,2424405779,0.30,17576
105/07/07,18.27,18.27,18.17,18.21,69051000,1257815244,-0.18,9210
105/07/11,17.95,17.95,17.81,17.85,206816062,3694359898,-0.36,26231
105/07/12,17.80,17.82,17.71,17.75,179597904,3187804544,-0.10,19898
105/07/13,17.65,17.83,17.63,17.71,101078509,1791682162,-0.04,16582
105/07/14,17.75,17.75,17.61,17.65,101931285,1800517848,-0.06,15976
105/07/15,17.61,17.63,17.44,17.44,169703453,2969084481,-0.21,30374
105/07/18,17.40,17.40,17.28,17.30,145365001,2518217430,-0.14,18430
105/07/19,17.25,17.34,17.20,17.20,100184712,1728341847,-0.10,18231
105/07/20,17.26,17.30,17.16,17.25,101710914,1753404336,0.05,19231
105/07/21,17.17,17.18,17.02,17.07,115246297,1967188564,-0.18,21679
105/07/22,17.10,17.17,17.07,17.15,55572455,951572144,0.08,11731
105/07/25,17.05,17.39,16.99,17.26,115739581,1993527285,0.11,20268
105/07/26,17.24,17.30,17.15,17.15,92399595,1589775843,-0.11,11281
105/07/27,17.04,17.13,16.99,17.07,125686955,2140562644,-0.08,18900
105/07/28,17.09,17.16,16.99,17.04,86518580,1474468381,-0.03,13740
105/07/29,17.04,17.16,17.03,17.14,72629754,1242685721,0.10,7735
105/08/01,17.11,17.12,16.97,16.98,103756842,1764834399,-0.16,15860
105/08/02,16.98,17.04,16.97,16.98,48563587,825315139,,5843
105/08/03,17.20,17.25,17.08,17.13,94808025,1628102903,0.15,11298
105/08/04,17.08,17.23,17.07,17.08,68498731,1173869274,-0.05,7741
105/08/05,17.03,17.08,16.89,16.90,150677172,2552534125,-0.18,21060
105/08/08,16.80,16.89,16.77,16.81,71015504,1195124451,-0.09,10563
105/08/09,16.83,16.83,16.76,16.77,75188616,1262616889,-0.04,14934
105/08/10,16.77,16.85,16.72,16.73,68990932,1156225914,-0.04,12077
105/08/11,16.78,17.00,16.72,16.87,111134104,1875050284,0.14,17448
105/08/12,16.80,16.82,16.75,16.77,67825268,1137985852,-0.10,9605
105/08/15,16.76,16.84,16.72,16.78,48116450,807392450,0.01,9062
105/08/16,16.75,16.91,16.73,16.84,52986010,891495304,0.06,6798
105/08/17,16.87,16.92,16.85,16.87,73226498,1236193824,0.03,7133
105/08/18,16.89,16.89,16.80,16.82,41834986,704201651,-0.05,4210
105/08/19,16.80,16.97,16.72,16.97,103068171,1739201183,0.15,12457
105/08/22,17.04,17.16,17.00,17.08,140292050,2397991927,0.11,14674
105/08/23,17.04,17.06,16.92,16.93,98726896,1676045212,-0.15,12119
105/08/24,16.91,16.98,16.90,16.95,33342698,564750434,0.02,4083
105/08/25,16.96,16.96,16.79,16.79,88225360,1485290129,-0.16,13400
105/08/26,16.80,16.83,16.73,16.73,61073742,1023153426,-0.06,8359
105/08/29,16.81,16.95,16.75,16.81,52097571,879088081,0.08,7503
105/08/30,16.76,16.86,16.75,16.82,39138725,657833254,0.01,4904
105/08/31,16.83,16.95,16.79,16.90,43939871,741721456,0.08,5928
105/09/01,16.93,17.09,16.92,16.99,100668901,1713669500,0.09,11717
105/09/02,16.98,17.06,16.94,17.02,50557496,860216691,0.03,5331
105/09/05,16.87,16.87,16.76,16.78,87067021,1463300460,-0.24,12341
105/09/06,16.75,16.76,16.61,16.61,105028706,1750532179,-0.17,18061
105/09/07,16.57,16.57,16.41,16.42,186037560,3061992069,-0.19,22905
105/09/08,16.44,16.48,16.42,16.42,48595459,798900451,,5296
105/09/09,16.57,16.64,16.57,16.62,93534575,1553094099,0.20,9156
105/09/10,16.94,16.95,16.87,16.92,107955679,1826126119,0.30,13570
105/09/12,16.91,17.01,16.90,16.99,101550657,1723929597,0.07,10791
105/09/13,16.91,17.17,16.90,17.03,113875495,1938169925,0.04,11972
105/09/14,17.10,17.10,16.96,17.06,71610742,1220297309,0.03,7269
105/09/19,16.86,16.86,16.58,16.58,165058973,2754405944,-0.48,22929
105/09/20,16.60,16.63,16.54,16.59,39481259,654950924,0.01,4537
105/09/21,16.66,16.66,16.51,16.52,58320155,965623035,-0.07,8111
105/09/22,16.39,16.51,16.34,16.44,95998983,1577113536,-0.08,11441
105/09/23,16.42,16.45,16.35,16.36,84790855,1388964889,-0.08,11645
105/09/26,16.43,16.50,16.43,16.48,57806305,952096541,0.12,5060
105/09/29,16.34,16.40,16.26,16.32,98810929,1611032800,-0.16,14444
105/09/30,16.43,16.52,16.40,16.49,75467243,1242677167,0.17,7358
105/10/03,16.40,16.47,16.36,16.43,28269715,464211527,-0.06,3967
105/10/04,16.40,16.44,16.33,16.33,46801968,765473707,-0.10,7262
105/10/05,16.37,16.38,16.29,16.32,44030539,718885477,-0.01,4935
105/10/06,16.30,16.38,16.30,16.32,55888003,913199505,,3208
105/10/07,16.30,16.33,16.29,16.30,59900274,976826183,-0.02,5122
105/10/11,16.19,16.49,16.17,16.42,74107162,1211656200,0.12,10097
105/10/12,16.42,16.46,16.27,16.28,63467470,1037303537,-0.14,8856
105/10/13,16.30,16.42,16.27,16.37,34653408,567295492,0.09,4660
105/10/14,16.42,16.47,16.36,16.43,85967687,1411862738,0.06,7130
105/10/17,16.45,16.62,16.41,16.45,87050370,1438587496,0.02,9872
105/10/18,16.44,16.47,16.35,16.36,56108310,919940362,-0.09,5736
105/10/19,16.33,16.34,16.23,16.28,91616343,1489998312,-0.08,12836
105/10/20,16.26,16.29,16.19,16.20,57049117,925171938,-0.08,8455
105/10/21,16.24,16.27,16.14,16.21,51172831,828308333,0.01,7647
105/10/24,16.17,16.21,16.14,16.15,39069809,631348041,-0.06,5816
105/10/25,16.14,16.15,16.01,16.02,81162369,1304141088,-0.13,13862
105/10/26,16.09,16.12,16.06,16.09,26335594,423730260,0.07,3909
105/10/27,16.10,16.22,16.08,16.19,35662741,576710560,0.10,5198
105/10/28,16.16,16.23,16.14,16.20,25214117,408313591,0.01,3673
105/10/31,16.26,16.36,16.17,16.18,64746703,1054197847,-0.02,8404
105/11/01,16.25,16.28,16.18,16.22,47509325,770391471,0.04,3513
105/11/02,16.33,16.40,16.29,16.40,97048294,1588172685,0.18,13118
105/11/03,16.43,16.53,16.39,16.51,132869689,2189403970,0.11,12684
105/11/04,16.54,16.58,16.50,16.53,81992618,1356219689,0.02,7157
105/11/07,16.42,16.44,16.30,16.30,79163770,1295507161,-0.23,7570
105/11/08,16.27,16.37,16.26,16.30,63648984,1038105016,,4916
105/11/09,16.18,16.83,16.15,16.78,326286301,5420334499,0.48,34645
105/11/10,16.32,16.37,16.30,16.31,133331131,2177099272,-0.47,14072
105/11/11,16.55,16.70,16.51,16.68,157903099,2624677103,0.37,15249
105/11/14,16.70,16.83,16.65,16.70,103628616,1735073713,0.02,13837
105/11/15,16.75,16.77,16.67,16.72,47250702,789532005,0.02,6636
105/11/16,16.62,16.67,16.59,16.67,63407995,1054249746,-0.05,7954
105/11/17,16.66,16.75,16.65,16.67,35418824,591359542,,4326
105/11/18,16.66,16.72,16.57,16.60,41362123,687857611,-0.07,7013
105/11/21,16.60,16.63,16.53,16.55,37389800,619491701,-0.05,6667
105/11/22,16.48,16.50,16.31,16.33,133873993,2193909948,-0.22,15712
105/11/23,16.31,16.34,16.25,16.28,52964805,862377794,-0.05,7892
105/11/24,16.31,16.37,16.30,16.32,21973547,358754658,0.04,3753
105/11/25,16.35,16.35,16.25,16.28,25124963,409320973,-0.04,4003
105/11/28,16.29,16.30,16.16,16.20,55924938,906185197,-0.08,8731
105/11/29,16.21,16.25,16.18,16.23,28486113,461691302,0.03,3770
105/11/30,16.22,16.27,16.16,16.20,31854713,516427210,-0.03,3962
105/12/01,16.19,16.19,16.11,16.13,51769798,835607214,-0.07,10056
105/12/02,16.25,16.31,16.25,16.28,54099251,880653995,0.15,10631
105/12/05,16.30,16.37,16.27,16.30,31135438,507854278,0.02,7323
105/12/06,16.16,16.17,16.09,16.14,63587491,1025338457,-0.16,9457
105/12/07,16.07,16.15,16.06,16.12,27199193,437957074,-0.02,3633
105/12/08,16.00,16.04,15.95,15.96,116292795,1859139552,-0.16,17939
105/12/09,15.94,15.96,15.89,15.90,91277392,1452143943,-0.06,13208
105/12/12,15.85,15.97,15.81,15.95,60551985,962019725,0.05,10059
105/12/13,15.96,15.98,15.91,15.92,24601151,392039147,-0.03,4857
105/12/14,15.88,15.97,15.87,15.91,24967771,397476226,-0.01,3043
105/12/15,16.00,16.03,15.91,15.91,37605102,600809194,,4791
105/12/16,15.94,15.99,15.92,15.99,19594013,312678863,0.08,2274
105/12/19,16.05,16.11,16.01,16.10,43240000,694973405,0.11,5590
105/12/20,16.10,16.17,16.09,16.10,51002134,822678112,,5544
105/12/21,16.10,16.15,16.08,16.12,23667280,381443594,0.02,2049
105/12/22,16.15,16.29,16.15,16.28,72120619,1171566682,0.16,8410
105/12/23,16.32,16.38,16.27,16.37,96769237,1581994011,0.09,9097
105/12/26,16.35,16.37,16.31,16.32,28571199,466730071,-0.05,2941
105/12/27,16.32,16.35,16.30,16.34,38722301,632652560,0.02,2542
105/12/28,16.31,16.32,16.17,16.17,42523666,689443720,-0.17,5217
105/12/29,16.23,16.25,16.16,16.21,22820043,369654805,0.04,2507
105/12/30,16.13,16.16,16.06,16.11,60035688,966928758,-0.10,5365
106/01/03,16.11,16.14,16.06,16.08,15704198,252900536,-0.03,1982
106/01/04,16.05,16.09,16.03,16.06,22322046,358316159,-0.02,2763
106/01/05,16.05,16.08,15.94,15.96,63260491,1010796916,-0.10,8850
106/01/06,15.95,15.96,15.91,15.92,31086115,495325803,-0.04,4220
106/01/09,15.90,15.99,15.85,15.95,31773705,505657078,0.03,4933
106/01/10,15.98,16.00,15.95,15.98,28618229,457335885,0.03,2573
106/01/11,15.89,15.98,15.88,15.96,13842890,220600612,-0.02,2005
106/01/12,15.93,15.93,15.81,15.83,70793692,1121810041,-0.13,10255
106/01/13,15.88,15.92,15.87,15.88,17352945,275823948,0.05,2770
106/01/16,15.95,16.04,15.95,16.02,33255755,532488074,0.14,4945
106/01/17,16.01,16.02,15.95,15.96,19233500,307146845,-0.06,2424
106/01/18,15.99,16.00,15.96,15.98,14891495,237997568,0.02,1571
106/01/19,16.02,16.07,15.98,16.02,22132309,354565086,0.04,3130
106/01/20,16.03,16.03,15.94,15.96,16117035,257382529,-0.06,3272
106/01/23,15.89,15.89,15.81,15.82,55845279,884369306,-0.14,8026
106/01/24,15.83,15.83,15.74,15.75,45958903,725024746,-0.07,9751
106/02/02,15.72,15.85,15.68,15.84,31372340,494430760,0.09,4807
106/02/03,15.77,15.82,15.74,15.77,27148259,428255316,-0.07,3140
106/02/06,15.73,15.75,15.62,15.65,53823977,843441664,-0.12,9644
106/02/07,15.66,15.69,15.63,15.63,22766684,356367890,-0.02,3235
106/02/08,15.67,15.71,15.62,15.62,25301967,396130579,-0.01,3498
106/02/09,15.62,15.65,15.55,15.55,40725545,634342406,-0.07,7372
106/02/10,15.50,15.50,15.38,15.42,88104412,1359250858,-0.13,13550
106/02/13,15.38,15.39,15.33,15.33,37458318,575186052,-0.09,6488
106/02/14,15.27,15.34,15.25,15.33,57386864,877645304,,7520
106/02/15,15.30,15.30,15.18,15.18,70720698,1076727574,-0.15,13067
106/02/16,15.13,15.22,15.08,15.19,64011214,970482308,0.01,10082
106/02/17,15.20,15.24,15.19,15.21,17519236,266569179,0.02,3275
106/02/18,15.20,15.20,15.17,15.17,11157630,169427535,-0.04,2335
106/02/20,15.15,15.25,15.14,15.25,20420717,310475839,0.08,3087
106/02/21,15.22,15.26,15.19,15.20,19947627,303697376,-0.05,3179
106/02/22,15.14,15.20,15.12,15.18,26463160,401138699,-0.02,4469
106/02/23,15.22,15.22,15.13,15.19,25251807,383261214,0.01,3812
106/02/24,15.22,15.26,15.18,15.20,20965870,318939220,0.01,2643
106/03/01,15.22,15.33,15.20,15.30,60389982,923357705,0.10,5298
106/03/02,15.19,15.38,15.17,15.32,67021384,1024926680,0.02,8055
106/03/03,15.38,15.41,15.33,15.39,59348246,912421816,0.07,5525
106/03/06,15.40,15.41,15.33,15.33,26423364,405895956,-0.06,3274
106/03/07,15.31,15.33,15.26,15.26,20925856,319738430,-0.07,2948
106/03/08,15.25,15.29,15.20,15.20,32322805,492622052,-0.06,4259
106/03/09,15.23,15.38,15.23,15.35,67202607,1030485354,0.15,8259
106/03/10,15.39,15.51,15.38,15.39,84268837,1301441670,0.04,11411
106/03/13,15.36,15.36,15.30,15.31,17126479,262418513,-0.08,2882
106/03/14,15.28,15.28,15.19,15.22,33217247,505569806,-0.09,5070
106/03/15,15.25,15.27,15.21,15.21,10037477,152895118,-0.01,1846
106/03/16,15.15,15.15,15.05,15.08,77926402,1175124780,-0.13,11334
106/03/17,15.05,15.08,15.01,15.01,48446732,728207868,-0.07,10383
106/03/20,15.02,15.04,14.97,14.98,49361131,739895742,-0.03,6008
106/03/21,14.95,14.95,14.86,14.89,80664684,1201276943,-0.09,11160
106/03/22,15.00,15.03,14.96,14.97,63197700,947823441,0.08,9414
106/03/23,14.91,15.00,14.90,14.95,26297300,393176922,-0.02,3720
106/03/24,14.95,15.00,14.94,14.98,19271866,288501506,0.03,2728
106/03/27,15.03,15.04,14.96,15.02,33148070,497382482,0.04,4463
106/03/28,14.95,15.09,14.93,15.00,52844848,793033959,-0.02,6077
106/03/29,14.96,15.03,14.95,15.00,25775670,386836885,,3144
106/03/30,15.01,15.05,14.98,15.01,21881266,328561215,0.01,1821
106/03/31,15.00,15.06,15.00,15.05,34218493,514494565,0.04,2375
106/04/05,15.01,15.01,14.90,14.91,81783418,1220959292,-0.14,8050
106/04/06,14.91,14.98,14.90,14.95,27154399,405809035,0.04,2317
106/04/07,14.99,15.14,14.97,15.00,52763658,794700621,0.05,5994
106/04/10,15.00,15.03,14.97,15.00,24370779,365619062,,1875
106/04/11,15.02,15.09,14.97,15.06,28571178,429884999,0.06,3640
106/04/12,15.10,15.14,15.06,15.08,28022700,422957510,0.02,3312
106/04/13,15.10,15.12,15.00,15.03,21775877,327557558,-0.05,2590
106/04/14,15.11,15.22,15.11,15.21,100297788,1520858268,0.18,10316
106/04/17,15.19,15.27,15.16,15.21,61704940,939013154,,5900
106/04/18,15.14,15.21,15.13,15.18,20186337,306336780,-0.03,2405
106/04/19,15.26,15.35,15.24,15.33,84647052,1295973433,0.15,8967
106/04/20,15.38,15.40,15.31,15.34,44721993,686883349,0.01,5090
106/04/21,15.27,15.28,15.23,15.23,42215909,644015787,-0.11,5314
106/04/24,15.14,15.26,15.13,15.21,27630004,420127066,-0.02,2854
106/04/25,15.15,15.19,15.07,15.07,47438112,716899558,-0.14,5452
106/04/26,15.00,15.04,14.97,14.99,40881346,613126122,-0.08,6101
106/04/27,15.02,15.05,14.99,15.00,18449068,277081332,0.01,3691
106/04/28,15.01,15.02,14.95,14.99,15678016,234988630,-0.01,2181
106/05/02,14.90,14.90,14.85,14.87,70772172,1052409291,-0.12,10133
106/05/03,14.87,14.87,14.83,14.85,23526806,349383515,-0.02,3606
106/05/04,14.83,14.89,14.83,14.84,17020223,252871620,-0.01,2369
106/05/05,14.86,14.93,14.86,14.93,24911681,371163761,0.09,2883
106/05/08,14.86,14.92,14.83,14.87,16115494,239877759,-0.06,2184
106/05/09,14.87,14.93,14.79,14.90,62931473,933655344,0.03,7641
106/05/10,14.88,14.90,14.83,14.85,15022874,223262911,-0.05,2488
106/05/11,14.83,14.85,14.79,14.80,55533692,822476248,-0.05,6657
106/05/12,14.80,14.83,14.78,14.82,43427095,643172834,0.02,3108
106/05/15,14.81,14.81,14.74,14.74,34019399,502158636,-0.08,5447
106/05/16,14.71,14.76,14.69,14.72,21263434,313014737,-0.02,3468
106/05/17,14.75,14.79,14.73,14.77,22296656,329272119,0.05,3108
106/05/18,14.90,14.92,14.80,14.82,60707931,901735683,0.05,6305
106/05/19,14.81,14.84,14.80,14.82,18212860,269772241,0.00,1854
106/05/22,14.80,14.83,14.78,14.78,16228974,240139472,-0.04,1804
106/05/23,14.78,14.79,14.71,14.73,33879232,499045350,-0.05,3930
106/05/24,14.73,14.73,14.70,14.71,32224147,474049945,-0.02,2805
106/05/25,14.66,14.67,14.58,14.59,71436074,1044343897,-0.12,9582
106/05/26,14.58,14.63,14.56,14.61,31632924,461605972,0.02,4046
106/05/31,14.61,14.69,14.58,14.69,24454847,358084630,0.08,2631
106/06/01,14.67,14.68,14.63,14.63,15795639,231306718,-0.06,1814
106/06/02,14.55,14.58,14.54,14.55,34806002,506455422,-0.08,4314
106/06/03,14.53,14.54,14.49,14.51,21733494,315422864,-0.04,3592
106/06/05,14.53,14.53,14.45,14.45,33636964,486836733,-0.06,4863
106/06/06,14.45,14.47,14.44,14.45,19469514,281469742,0.00,5960
106/06/07,14.46,14.49,14.41,14.44,38030529,549481373,-0.01,5210
106/06/08,14.45,14.46,14.43,14.43,19281380,278426700,-0.01,4230
106/06/09,14.41,14.44,14.38,14.43,41002213,591199109,0.00,6176
106/06/12,14.55,14.56,14.49,14.53,58993623,856817724,0.10,9509
106/06/13,14.52,14.55,14.50,14.52,46431150,674254267,-0.01,7291
106/06/14,14.50,14.68,14.49,14.62,68714038,1003470274,0.10,8110
106/06/15,14.64,14.68,14.60,14.60,64717090,947066322,-0.02,3643
106/06/16,14.61,14.62,14.50,14.51,56536749,822807668,-0.09,4619
106/06/19,14.48,14.48,14.37,14.38,55440223,799137855,-0.13,6825
106/06/20,14.32,14.32,14.19,14.20,91482310,1302748459,-0.18,14149
106/06/21,14.25,14.29,14.17,14.19,61132793,869923852,-0.01,5164
106/06/22,14.17,14.20,14.12,14.12,78971611,1117341265,-0.07,6760
106/06/23,14.13,14.17,14.10,14.14,61894116,875063215,0.02,4947
106/06/26,14.14,14.14,13.91,13.93,98008069,1370871395,-0.21,12768
106/06/27,13.89,13.95,13.88,13.90,107478981,1495012537,-0.03,7676
106/06/28,13.99,14.08,13.95,14.04,79823889,1118945725,0.14,8517
106/06/29,13.95,14.08,13.94,14.03,43988570,615630194,-0.01,4601
106/06/30,14.14,14.17,14.07,14.07,36634179,517257779,0.04,4550
106/07/03,14.07,14.12,14.04,14.06,21570582,303774105,-0.01,2379
106/07/04,14.05,14.13,14.03,14.12,24128578,339888283,0.06,3799
106/07/05,14.10,14.19,14.03,14.03,42358299,597012097,-0.09,4533
106/07/06,14.03,14.10,14.03,14.05,24490792,344589494,0.02,2666
106/07/07,14.10,14.15,14.10,14.14,27336914,386329996,0.09,5574
106/07/10,14.12,14.17,14.10,14.13,22017916,311163336,-0.01,3268
106/07/11,14.09,14.09,13.96,13.97,56187925,786918143,-0.16,6763
106/07/12,13.97,13.98,13.90,13.94,29646200,413386373,-0.03,3427
106/07/13,13.88,13.91,13.84,13.85,45282673,628016061,-0.09,6857
106/07/14,13.86,13.90,13.86,13.86,22267856,308850725,0.01,3024
106/07/17,13.80,13.87,13.79,13.85,22098327,305589111,-0.01,3073
106/07/18,13.86,13.88,13.81,13.82,17537882,242760677,-0.03,2519
106/07/19,13.80,13.80,13.71,13.75,51430856,707367107,-0.07,7225
106/07/20,13.72,13.76,13.71,13.72,32072913,440381896,-0.03,5180
106/07/21,13.77,13.82,13.76,13.80,28199330,389073982,0.08,3315
106/07/24,13.86,13.87,13.79,13.79,21123716,291870866,-0.01,3366
106/07/25,13.79,13.80,13.74,13.76,14097994,194114284,-0.03,2100
106/07/26,13.74,13.81,13.70,13.80,33757630,464326790,0.04,4169
106/07/27,13.75,13.76,13.64,13.64,68271049,933697946,-0.16,8436
106/07/28,13.72,13.80,13.71,13.78,51501688,708493427,0.14,5545
106/07/31,13.81,13.85,13.77,13.78,30576112,422110993,0.00,2994
106/08/01,13.75,13.76,13.68,13.71,24784116,339764351,-0.07,3350
106/08/02,13.66,13.67,13.62,13.63,35023523,477829091,-0.08,5678
106/08/03,13.73,13.76,13.68,13.68,28090130,385388297,0.05,3186
106/08/04,13.70,13.71,13.64,13.65,13363952,182633953,-0.03,2013
106/08/07,13.60,13.60,13.51,13.52,57549587,779440055,-0.13,8002
106/08/08,13.50,13.60,13.50,13.53,24717699,334589139,0.01,3330
106/08/09,13.61,13.66,13.58,13.63,36384542,495777958,0.10,4466
106/08/10,13.62,13.82,13.61,13.78,83271931,1145570983,0.15,10450
106/08/11,13.89,13.89,13.79,13.81,89731201,1241284602,0.03,8585
106/08/14,13.78,13.93,13.77,13.93,73579808,1020293097,0.12,7162
106/08/15,13.81,13.88,13.80,13.84,43124765,596576452,-0.09,4314
106/08/16,13.88,13.91,13.83,13.87,37342831,517721435,0.03,3920
106/08/17,13.81,13.84,13.74,13.74,47169837,649458986,-0.13,5073
106/08/18,13.85,13.89,13.81,13.81,45703990,632788788,0.07,6184
106/08/21,13.83,13.88,13.80,13.80,22679950,313546396,-0.01,3571
106/08/22,13.73,13.74,13.68,13.69,48166128,659957074,-0.11,6547
106/08/23,13.64,13.71,13.62,13.70,35699179,487619377,0.01,3833
106/08/24,13.67,13.67,13.56,13.57,68234985,927565981,-0.13,7680
106/08/25,13.56,13.60,13.52,13.52,33074677,447909354,-0.05,4740
106/08/28,13.54,13.55,13.49,13.52,27528375,372199566,0.00,3289
106/08/29,13.55,13.60,13.54,13.54,28949852,392806390,0.02,2550
106/08/30,13.49,13.52,13.45,13.47,51228301,690301660,-0.07,4630
106/08/31,13.42,13.46,13.41,13.43,38296549,514313765,-0.04,4637
106/09/01,13.43,13.45,13.39,13.39,33907049,454625174,-0.04,4497
106/09/04,13.45,13.46,13.39,13.42,30843216,413813095,0.03,2831
106/09/05,13.41,13.46,13.40,13.41,21858570,293658154,-0.01,2247
106/09/06,13.46,13.52,13.42,13.47,40006505,538959196,0.06,4739
106/09/07,13.44,13.54,13.42,13.52,35662114,481024929,0.05,3621
106/09/08,13.50,13.52,13.42,13.44,60845941,818460854,-0.08,5819
106/09/11,13.36,13.46,13.34,13.43,36614292,490809480,-0.01,4441
106/09/12,13.37,13.44,13.37,13.41,28543590,382582221,-0.02,3729
106/09/13,13.41,13.50,13.38,13.47,34861287,469219448,0.06,3763
106/09/14,13.50,13.52,13.44,13.45,30745160,414130320,-0.02,2707
106/09/15,13.45,13.51,13.42,13.42,27636049,372021381,-0.03,2673
106/09/18,13.37,13.41,13.33,13.33,53804489,718682231,-0.09,6334
106/09/19,13.31,13.41,13.30,13.40,39034483,521268879,0.07,4410
106/09/20,13.43,13.48,13.40,13.45,51261721,689591205,0.05,5258
106/09/21,13.48,13.50,13.35,13.36,44534514,596833153,-0.09,4398
106/09/22,13.40,13.55,13.40,13.54,73730033,995558104,0.18,11104
106/09/25,13.54,13.69,13.54,13.66,113683965,1550358857,0.12,15260
106/09/26,13.69,13.77,13.63,13.75,105613229,1447387864,0.09,10539
106/09/27,13.71,13.74,13.66,13.68,64519646,882896354,-0.07,6439
106/09/28,13.67,13.77,13.66,13.71,51962508,712246371,0.03,3847
106/09/29,13.70,13.76,13.68,13.69,52556781,720859279,-0.02,4209
106/09/30,13.63,13.64,13.60,13.60,32231155,438724354,-0.09,3259
106/10/02,13.57,13.60,13.51,13.52,41252725,558544659,-0.08,4658
106/10/03,13.51,13.55,13.49,13.50,23040885,311266647,-0.02,2757
106/10/05,13.51,13.52,13.42,13.44,33579129,451685405,-0.06,6011
106/10/06,13.41,13.45,13.41,13.43,19248759,258479808,-0.01,4319
106/10/11,13.36,13.37,13.28,13.31,98375682,1309773649,-0.12,10341
106/10/12,13.28,13.28,13.21,13.21,68971019,913267238,-0.10,7973
106/10/13,13.24,13.25,13.21,13.22,16559472,219074328,0.01,2518
106/10/16,13.18,13.19,13.15,13.15,53591191,705585805,-0.07,5840
106/10/17,13.13,13.18,13.12,13.18,35100331,461613945,0.03,4172
106/10/18,13.13,13.19,13.10,13.14,54314800,714049415,-0.04,5877
106/10/19,13.13,13.13,13.05,13.08,64655576,845704304,-0.06,7198
106/10/20,13.14,13.17,13.09,13.13,50056700,656613267,0.05,4678
106/10/23,13.10,13.14,13.07,13.11,32661733,427838736,-0.02,5347
106/10/24,13.13,13.16,13.10,13.11,34911275,457983202,0.00,2556
106/10/25,13.09,13.14,13.07,13.11,34425303,451152486,0.00,3730
106/10/26,13.16,13.17,13.11,13.12,27399178,359855335,0.01,2398
106/10/27,13.11,13.18,13.05,13.17,52126340,683205038,0.05,4785
106/10/30,13.08,13.14,13.03,13.10,54138486,708457510,-0.07,4986
106/10/31,13.11,13.13,13.04,13.06,34876909,456068814,-0.04,3679
106/11/01,13.03,13.07,13.02,13.04,34153924,445337825,-0.02,3269
106/11/02,13.08,13.08,13.03,13.06,23048162,300961940,0.02,1956
106/11/03,13.04,13.11,13.03,13.06,30686550,401256708,0.00,2037
106/11/06,13.03,13.11,13.01,13.07,31342799,409863324,0.01,3171
106/11/07,13.05,13.07,13.02,13.02,32501964,423811336,-0.05,2864
106/11/08,13.03,13.05,13.01,13.02,28550149,371912667,0.00,2461
106/11/09,13.04,13.16,13.01,13.15,48259618,631292304,0.13,4664
106/11/10,13.18,13.21,13.11,13.11,50395434,663109481,-0.04,4370
106/11/13,13.14,13.17,13.12,13.15,23366993,307172715,0.04,2330
106/11/14,13.16,13.22,13.13,13.16,45079207,594370822,0.01,3874
106/11/15,13.21,13.28,13.21,13.26,69072003,914955765,0.10,5475
106/11/16,13.30,13.30,13.23,13.24,43690731,579235803,-0.02,3361
106/11/17,13.16,13.19,13.14,13.16,69613537,916283074,-0.08,5071
106/11/20,13.16,13.21,13.14,13.19,25303660,333521936,0.03,1949
106/11/21,13.15,13.18,13.06,13.06,68548762,898142417,-0.13,5834
106/11/22,13.01,13.03,12.95,12.99,84118819,1092772428,-0.07,9398
106/11/23,12.99,13.03,12.97,12.98,34340177,446056064,-0.01,2724
106/11/24,13.00,13.01,12.96,12.96,22385243,290788900,-0.02,2274
106/11/27,12.98,13.10,12.98,13.08,58747035,766744373,0.12,6305
106/11/28,13.11,13.15,13.09,13.13,36376047,477331814,0.05,4183
106/11/29,13.09,13.13,13.07,13.11,28839273,377997128,-0.02,2279
106/11/30,13.21,13.28,13.21,13.28,101624287,1345951535,0.17,9666
106/12/01,13.27,13.40,13.20,13.26,69845656,928610901,-0.02,8961
106/12/04,13.23,13.32,13.20,13.20,25128156,332778024,-0.06,3020
106/12/05,13.30,13.35,13.24,13.33,50323613,669209318,0.13,4678
106/12/06,13.35,13.54,13.33,13.53,93768744,1260941257,0.20,11332
106/12/07,13.52,13.60,13.48,13.55,92876571,1258494254,0.02,7727
106/12/08,13.50,13.59,13.49,13.52,58746754,795132416,-0.03,5769
106/12/11,13.46,13.46,13.39,13.40,45195252,606710661,-0.12,4766
106/12/12,13.41,13.52,13.40,13.47,34657165,466756681,0.07,3584
106/12/13,13.48,13.49,13.43,13.46,21939495,295235150,-0.01,2926
106/12/14,13.37,13.39,13.29,13.34,56442959,752616706,-0.12,5751
106/12/15,13.38,13.50,13.38,13.44,40817791,549260689,0.10,6539
106/12/18,13.41,13.46,13.38,13.39,19978805,267949223,-0.05,3015
106/12/19,13.37,13.47,13.35,13.45,20013300,268406306,0.06,3299
106/12/20,13.43,13.45,13.38,13.38,20845402,279354471,-0.07,3910
106/12/21,13.38,13.40,13.33,13.38,25361874,339074387,0.00,2046
106/12/22,13.37,13.42,13.35,13.35,19315171,258347041,-0.03,3594
106/12/25,13.32,13.35,13.31,13.33,19595068,261152663,-0.02,2978
106/12/26,13.34,13.49,13.33,13.49,51404714,691097495,0.16,4456
106/12/27,13.50,13.50,13.40,13.40,26926373,361656847,-0.09,3117
106/12/28,13.35,13.35,13.27,13.28,39263851,522317991,-0.12,6323
106/12/29,13.27,13.27,13.19,13.19,49392226,652658527,-0.09,7409
107/01/02,13.20,13.22,13.13,13.13,25033197,329626216,-0.06,3636
107/01/03,13.07,13.07,13.02,13.02,49587504,646473228,-0.11,6739
107/01/04,13.00,13.05,12.96,12.96,64016339,832016220,-0.06,6853
107/01/05,12.96,13.00,12.92,12.92,53922358,698452508,-0.04,6646
107/01/08,12.90,12.95,12.88,12.91,34840477,449707520,-0.01,4721
107/01/09,12.91,12.94,12.87,12.90,29585770,381866474,-0.01,3691
107/01/10,12.90,12.99,12.88,12.96,40398689,522946397,0.06,3557
107/01/11,12.98,13.03,12.96,12.99,39022687,507362101,0.03,3461
107/01/12,12.96,12.97,12.88,12.89,41239371,532257992,-0.10,4716
107/01/15,12.83,12.87,12.82,12.82,38175763,489881218,-0.07,5736
107/01/16,12.82,12.85,12.78,12.79,29805826,381704483,-0.03,4818
107/01/17,12.82,12.83,12.76,12.77,44211638,565620639,-0.02,4520
107/01/18,12.66,12.70,12.59,12.65,96261682,1215817153,-0.12,12038
107/01/19,12.63,12.65,12.59,12.59,39493917,498112945,-0.06,4949
107/01/22,12.58,12.61,12.50,12.50,60557544,759669285,-0.09,7266
107/01/23,12.47,12.53,12.45,12.49,67436887,842022895,-0.01,5434
107/01/24,12.53,12.63,12.52,12.61,45609227,574064912,0.12,5602
107/01/25,12.56,12.60,12.44,12.58,81082700,1015972872,-0.03,6592
107/01/26,12.57,12.64,12.52,12.56,33031556,415631105,-0.02,3352
107/01/29,12.47,12.55,12.46,12.51,27562682,344774135,-0.05,2850
107/01/30,12.56,12.64,12.52,12.64,48124378,605790573,0.13,5231
107/01/31,12.68,12.70,12.56,12.61,57642107,729163283,-0.03,5709
107/02/01,12.59,12.59,12.51,12.56,43398040,544235070,-0.05,3496
107/02/02,12.62,12.67,12.58,12.61,33063959,417355989,0.05,3437
107/02/05,12.83,12.89,12.77,12.80,104067350,1335754333,0.19,9684
107/02/06,13.14,13.59,13.13,13.46,404325671,5397485317,0.66,35087
107/02/07,13.15,13.28,13.08,13.28,187290072,2466746553,-0.18,14249
107/02/08,13.24,13.30,13.18,13.25,76742225,1016846959,-0.03,6299
107/02/09,13.70,13.71,13.44,13.50,214593194,2917363107,0.25,17936
107/02/12,13.38,13.43,13.36,13.42,69583283,932349211,-0.08,14055
107/02/21,13.13,13.16,13.02,13.05,107508569,1406290461,-0.37,11516
107/02/22,13.08,13.12,13.06,13.10,38229830,500582532,0.05,3236
107/02/23,13.01,13.01,12.91,12.92,68845451,891528064,-0.18,8913
107/02/26,12.83,12.88,12.81,12.88,50100986,643513759,-0.04,4651
107/02/27,12.77,12.88,12.75,12.88,50860225,651480170,0.00,4664
107/03/01,13.01,13.04,12.91,12.95,66941527,868814099,0.07,5592
107/03/02,13.09,13.13,13.01,13.02,63103045,824841020,0.07,5990
107/03/05,13.00,13.11,12.96,13.11,50686608,661534138,0.09,4984
107/03/06,12.93,12.98,12.90,12.91,52135502,674071383,-0.20,5744
107/03/07,12.96,12.99,12.85,12.99,58544799,756694320,0.08,5120
107/03/08,12.90,12.92,12.82,12.83,67629434,868934711,-0.16,6900
107/03/09,12.77,12.83,12.77,12.80,45500639,582365839,-0.03,3864
107/03/12,12.67,12.69,12.60,12.61,88527206,1118713033,-0.19,12256
107/03/13,12.61,12.62,12.52,12.53,76069591,955492479,-0.08,9161
107/03/14,12.58,12.63,12.56,12.59,46852488,589926949,0.06,4899
107/03/15,12.63,12.64,12.55,12.57,30043406,378230886,-0.02,5614
107/03/16,12.59,12.71,12.59,12.63,70406253,891845535,0.06,5466
107/03/19,12.66,12.68,12.58,12.62,31084528,392375124,-0.01,2668
107/03/20,12.68,12.68,12.62,12.62,26684420,337563612,0.00,2396
107/03/21,12.59,12.63,12.56,12.59,19768728,248873326,-0.03,2106
107/03/22,12.55,12.65,12.48,12.63,74603216,936541254,0.04,8788
107/03/23,12.92,12.92,12.82,12.89,129830684,1671843024,0.26,14678
107/03/26,12.90,12.92,12.81,12.81,81885500,1053219867,-0.08,5331
107/03/27,12.67,12.70,12.62,12.62,74939767,948956825,-0.19,7951
107/03/28,12.72,12.80,12.70,12.80,64725978,825701983,0.18,5328
107/03/29,12.78,12.85,12.75,12.78,36662915,468994941,-0.02,4373
107/03/30,12.68,12.69,12.63,12.69,43656244,552649964,-0.09,5869
107/03/31,12.66,12.68,12.65,12.66,13549411,171556207,-0.03,1408
107/04/02,12.66,12.76,12.64,12.76,28638808,364090831,0.10,3111
107/04/03,12.85,12.89,12.82,12.84,74772687,961604460,0.08,6528
107/04/09,12.72,12.80,12.69,12.70,51785523,659784153,-0.14,4068
107/04/10,12.74,12.76,12.60,12.66,56375900,713051533,-0.04,4770
107/04/11,12.61,12.63,12.58,12.62,32904021,414863175,-0.04,3395
107/04/12,12.58,12.68,12.57,12.64,64443076,814635359,0.02,3168
107/04/13,12.62,12.67,12.60,12.64,23980800,302853133,0.00,4068
107/04/16,12.63,12.68,12.62,12.65,23358575,295446031,0.01,1709
107/04/17,12.63,12.81,12.63,12.80,62816000,801446846,0.15,8678
107/04/18,12.74,12.81,12.69,12.76,61547812,784867990,-0.04,6568
107/04/19,12.71,12.71,12.60,12.61,61489945,777017946,-0.15,5959
107/04/20,12.75,12.80,12.73,12.80,96376835,1231219683,0.19,6472
107/04/23,12.86,12.92,12.82,12.92,83603182,1076486863,0.12,6642
107/04/24,12.94,13.07,12.93,13.01,102757190,1336716154,0.09,9834
107/04/25,13.14,13.18,13.07,13.08,76500504,1003303191,0.07,8929
107/04/26,13.00,13.18,13.00,13.17,66726275,874353775,0.09,6641
107/04/27,13.06,13.16,13.06,13.09,51384258,673931481,-0.08,3533
107/04/30,13.04,13.10,12.95,12.95,43647980,567286485,-0.14,3977
107/05/02,12.95,13.02,12.93,13.00,24764177,321334308,0.05,2177
107/05/03,13.08,13.16,13.07,13.14,49875170,654362321,0.14,4632
107/05/04,13.15,13.18,13.08,13.11,35051445,460274581,-0.03,3122
107/05/07,13.00,13.10,12.99,13.00,42790717,557757726,-0.11,3338
107/05/08,13.01,13.03,12.93,12.94,29519556,382557778,-0.06,3331
107/05/09,12.93,12.93,12.86,12.88,41140145,530318527,-0.06,6476
107/05/10,12.84,12.86,12.82,12.82,35469595,455136081,-0.06,6006
107/05/11,12.76,12.77,12.71,12.72,59517417,757851236,-0.10,6245
107/05/14,12.65,12.69,12.60,12.61,78051752,985964848,-0.11,7656
107/05/15,12.59,12.68,12.59,12.68,65924579,833097283,0.07,4352
107/05/16,12.70,12.70,12.65,12.67,27680225,351007612,-0.01,2355
107/05/17,12.62,12.71,12.61,12.71,21020336,266520256,0.04,2126
107/05/18,12.70,12.74,12.67,12.72,27920388,354995660,0.01,2895
107/05/21,12.66,12.67,12.57,12.58,67513926,850570001,-0.14,7097
107/05/22,12.57,12.62,12.54,12.61,35125840,441697306,0.03,3407
107/05/23,12.58,12.69,12.56,12.68,35261028,445581462,0.07,2611
107/05/24,12.66,12.69,12.61,12.61,28334350,358337055,-0.07,2366
107/05/25,12.62,12.65,12.57,12.59,22479648,283243630,-0.02,2377
107/05/28,12.56,12.59,12.54,12.54,27915467,350459817,-0.05,3201
107/05/29,12.56,12.64,12.56,12.59,17597108,221888914,0.05,1740
107/05/30,12.70,12.78,12.70,12.77,62423990,795331862,0.18,5912
107/05/31,12.69,12.72,12.66,12.68,31009647,393557183,-0.09,2319
107/06/01,12.68,12.69,12.60,12.62,28751430,363302589,-0.06,2883
107/06/04,12.54,12.54,12.44,12.44,114916255,1434324726,-0.18,12625
107/06/05,12.40,12.48,12.40,12.44,41731543,518806868,0.00,4412
107/06/06,12.41,12.42,12.29,12.29,101887370,1257660735,-0.15,12918
107/06/07,12.25,12.33,12.24,12.27,46722286,573915622,-0.02,5367
107/06/08,12.30,12.40,12.28,12.39,42646266,526507931,0.12,4342
107/06/11,12.35,12.40,12.33,12.35,26450037,327110604,-0.04,3169
107/06/12,12.40,12.44,12.34,12.37,29340135,363329660,0.02,2481
107/06/13,12.36,12.41,12.33,12.34,40102804,495405899,-0.03,3153
107/06/14,12.41,12.49,12.40,12.48,47268614,588206025,0.14,4600
107/06/15,12.50,12.54,12.44,12.44,33756931,421814586,-0.04,3281
107/06/19,12.55,12.62,12.54,12.61,74168653,933170348,0.17,6053
107/06/20,12.61,12.67,12.49,12.52,57867625,729347867,-0.09,5445
107/06/21,12.53,12.57,12.50,12.55,24381103,305639909,0.03,2595
107/06/22,12.62,12.69,12.58,12.59,53466593,675902380,0.04,4146
107/06/25,12.65,12.67,12.60,12.66,35953547,454583487,0.07,3640
107/06/26,12.72,12.80,12.67,12.68,75077756,956354474,0.02,8567
107/06/27,12.68,12.73,12.64,12.72,32880991,417308332,0.04,5504
107/06/28,12.78,12.81,12.69,12.75,60954411,777566628,0.03,4248
107/06/29,12.74,12.75,12.56,12.56,46816233,592198820,-0.19,5513
107/07/02,12.56,12.66,12.53,12.66,31381261,395124825,0.10,3095
107/07/03,12.61,12.73,12.54,12.69,50929903,643728710,0.03,5511
107/07/04,12.67,12.69,12.62,12.63,27530681,348431227,-0.06,2948
107/07/05,12.64,12.78,12.64,12.76,44885047,570872045,0.13,4450
107/07/06,12.72,12.87,12.70,12.73,63004236,805462281,-0.03,7033
107/07/09,12.63,12.67,12.57,12.58,49581928,624860099,-0.15,4742
107/07/10,12.50,12.56,12.50,12.52,27019576,338319348,-0.06,2492
107/07/11,12.63,12.68,12.59,12.64,37630046,475676808,0.12,2652
107/07/12,12.63,12.65,12.48,12.48,42671393,534514872,-0.16,4191
107/07/13,12.42,12.45,12.37,12.37,57121000,708649604,-0.11,5690
107/07/16,12.37,12.41,12.36,12.40,21485101,266058162,0.03,1756
107/07/17,12.43,12.47,12.40,12.43,17304960,215244807,0.03,1502
107/07/18,12.38,12.42,12.33,12.37,32241210,398906280,-0.06,3839
107/07/19,12.34,12.39,12.29,12.36,46191446,569554478,-0.01,5589
107/07/20,12.28,12.32,12.23,12.26,71362629,875734349,-0.10,8309
107/07/23,12.25,12.29,12.21,12.24,41082850,503569492,-0.02,9155
107/07/24,12.25,12.27,12.19,12.20,38862883,474827827,-0.04,4256
107/07/25,12.22,12.22,12.18,12.19,16375298,199731635,-0.01,2061
107/07/26,12.15,12.19,12.14,12.16,22793036,277155855,-0.03,3097
107/07/27,12.14,12.15,12.06,12.07,51726408,625513400,-0.09,6709
107/07/30,12.07,12.12,12.05,12.10,26838346,324369706,0.03,2793
107/07/31,12.13,12.15,12.05,12.06,27854454,336679580,-0.04,4886
107/08/01,12.02,12.03,11.98,11.98,40855455,490447217,-0.08,5051
107/08/02,11.99,12.18,11.99,12.16,64399927,780066545,0.18,6201
107/08/03,12.09,12.11,12.05,12.06,26923820,325198288,-0.10,2508
107/08/06,12.05,12.08,12.00,12.04,27921509,336164257,-0.02,5294
107/08/07,12.05,12.09,12.03,12.07,19366942,233479974,0.03,4350
107/08/08,12.03,12.03,11.97,12.00,34876919,418132391,-0.07,4275
107/08/09,12.01,12.07,12.00,12.03,18604685,223749887,0.03,1562
107/08/10,12.07,12.08,12.02,12.08,25427767,306589114,0.05,1934
107/08/13,12.15,12.36,12.15,12.27,99520825,1219209608,0.19,15469
107/08/14,12.24,12.28,12.21,12.23,36462568,446239624,-0.04,3335
107/08/15,12.22,12.36,12.22,12.35,65587451,808477749,0.12,11860
107/08/16,12.41,12.44,12.29,12.33,73462527,908427901,-0.02,4897
107/08/17,12.30,12.38,12.28,12.38,58226973,717684043,0.05,3188
107/08/20,12.35,12.38,12.31,12.35,30057235,371239324,-0.03,2159
107/08/21,12.33,12.34,12.24,12.24,31018545,380810786,-0.11,3047
107/08/22,12.24,12.28,12.21,12.25,19701027,241172506,0.01,1573
107/08/23,12.23,12.25,12.17,12.19,30474925,372042440,-0.06,2053
107/08/24,12.19,12.29,12.18,12.24,27403372,335560848,0.05,2672
107/08/27,12.16,12.19,12.11,12.11,33807309,410289047,-0.13,3697
107/08/28,12.06,12.06,12.02,12.04,40742372,490501087,-0.07,3779
107/08/29,12.01,12.01,11.94,11.95,83570854,1000443444,-0.09,9572
107/08/30,11.89,11.96,11.85,11.95,72617744,864123788,0.00,9339
107/08/31,11.99,12.03,11.95,11.96,58942176,706913833,0.01,6012
107/09/03,11.96,12.06,11.94,12.06,41647014,500160806,0.10,3228
107/09/04,12.01,12.04,11.97,11.98,30374625,364633448,-0.08,2064
107/09/05,12.00,12.03,11.95,12.03,22242530,266743498,0.05,1732
107/09/06,12.05,12.12,12.02,12.09,46820821,565260592,0.06,3350
107/09/07,12.11,12.18,12.09,12.13,55331322,671584818,0.04,4846
107/09/10,12.12,12.28,12.11,12.26,87768611,1072743512,0.13,7292
107/09/11,12.24,12.31,12.22,12.25,51981225,637336293,-0.01,4519
107/09/12,12.22,12.30,12.22,12.28,51277665,629278316,0.03,3723
107/09/13,12.23,12.29,12.20,12.27,43872474,537626850,-0.01,2239
107/09/14,12.18,12.21,12.09,12.09,57278904,695604662,-0.18,4164
107/09/17,12.10,12.17,12.10,12.17,25931322,314805986,0.08,1599
107/09/18,12.20,12.23,12.17,12.20,53088947,648162182,0.03,3994
107/09/19,12.14,12.16,12.09,12.10,30842739,373911496,-0.10,3591
107/09/20,12.05,12.15,12.05,12.12,18231033,220915637,0.02,1130
107/09/21,12.07,12.12,12.00,12.00,41458810,499082330,-0.12,6193
107/09/25,12.02,12.03,11.95,11.97,23928300,286681050,-0.03,2691
107/09/26,11.99,12.01,11.97,11.98,22832040,273700316,0.01,1548
107/09/27,12.02,12.02,11.95,11.97,40164250,480939247,-0.01,3066
107/09/28,11.95,12.03,11.91,12.00,62275900,745809878,0.03,3737
107/10/01,11.99,11.99,11.93,11.94,27594995,329762646,-0.06,2647
107/10/02,11.95,12.09,11.95,12.08,42797957,515356648,0.14,3694
107/10/03,12.08,12.12,12.05,12.10,36237574,438069335,0.02,2648
107/10/04,12.15,12.28,12.15,12.27,103843655,1270543113,0.17,8253
107/10/05,12.31,12.56,12.30,12.46,174731280,2170958573,0.19,13499
107/10/08,12.54,12.59,12.45,12.52,106716429,1337706139,0.06,8113
107/10/09,12.49,12.55,12.48,12.52,51361977,642793228,0.00,3922
107/10/11,13.09,13.48,13.08,13.48,363835626,4811668517,0.96,26732
107/10/12,13.42,13.46,13.02,13.03,169071083,2238787141,-0.45,18823
107/10/15,13.16,13.21,13.12,13.18,91919559,1210862013,0.15,8343
107/10/16,13.18,13.20,13.05,13.12,67350334,884706597,-0.06,6280
107/10/17,12.93,13.11,12.92,13.11,75981069,987352346,-0.01,7155
107/10/18,13.10,13.16,13.02,13.13,38370935,502908321,0.02,3300
107/10/19,13.26,13.33,13.12,13.12,87674218,1158659033,-0.01,8354
107/10/22,13.24,13.31,13.04,13.10,82905301,1092810594,-0.02,5519
107/10/23,13.26,13.37,13.19,13.37,90776842,1206911094,0.27,8100
107/10/24,13.33,13.49,13.29,13.39,126520985,1694488089,0.02,8376
107/10/25,13.73,13.74,13.59,13.70,179595275,2455650593,0.31,12376
107/10/26,13.60,13.89,13.57,13.74,134526765,1849138876,0.04,11985
107/10/29,13.65,13.77,13.61,13.69,93787999,1283956892,-0.05,11478
107/10/30,13.64,13.70,13.58,13.62,77916894,1062137634,-0.07,6089
107/10/31,13.50,13.50,13.35,13.35,131847446,1767371824,-0.27,11150
107/11/01,13.31,13.36,13.20,13.24,69349494,918965952,-0.11,6449
107/11/02,13.16,13.25,13.14,13.17,122093985,1610863058,-0.07,10809
107/11/05,13.27,13.32,13.21,13.23,68663028,910351453,0.06,4364
107/11/06,13.15,13.32,13.15,13.31,61411167,814632834,0.08,4126
107/11/07,13.24,13.25,13.12,13.17,59752031,786561597,-0.14,5430
107/11/08,12.99,13.11,12.99,13.09,73411722,958078667,-0.08,5490
107/11/09,13.15,13.29,13.14,13.25,84552315,1119365987,0.16,9270
107/11/12,13.27,13.31,13.16,13.20,46680583,616593563,-0.05,4006
107/11/13,13.53,13.55,13.30,13.30,102856003,1382542116,0.10,13644
107/11/14,13.29,13.34,13.25,13.28,30180380,401078745,-0.02,2871
107/11/15,13.24,13.36,13.21,13.22,56515992,749948541,-0.06,6599
107/11/16,13.17,13.29,13.15,13.27,37540967,496462331,0.05,5910
107/11/19,13.22,13.26,13.18,13.22,19740496,261102668,-0.05,1573
107/11/20,13.29,13.36,13.23,13.31,40015921,532307267,0.09,4472
107/11/21,13.43,13.47,13.30,13.32,73386285,982272523,0.01,5328
107/11/22,13.28,13.35,13.26,13.34,23719496,315644484,0.02,1994
107/11/23,13.33,13.47,13.30,13.44,53748313,720414802,0.10,4652
107/11/26,13.36,13.36,13.16,13.29,74749163,989934338,-0.15,6352
107/11/27,13.32,13.41,13.27,13.28,36926339,492700721,-0.01,3643
107/11/28,13.26,13.30,13.11,13.13,90665040,1195367144,-0.15,9933
107/11/29,13.00,13.12,12.97,13.12,113180465,1475340308,-0.01,10420
107/11/30,13.08,13.13,13.04,13.13,68410975,895137151,0.01,6975
107/12/03,12.92,12.93,12.75,12.78,132786207,1703288119,-0.35,16131
107/12/04,12.82,12.89,12.81,12.89,57629234,740917101,0.11,6434
107/12/05,13.07,13.10,13.02,13.09,103366006,1350932413,0.20,9882
107/12/06,13.20,13.41,13.19,13.38,148152619,1972322015,0.29,16510
107/12/07,13.29,13.35,13.24,13.28,75545913,1003932778,-0.10,7468
107/12/10,13.45,13.46,13.36,13.44,87506070,1173916075,0.16,10243
107/12/11,13.40,13.42,13.33,13.34,66053086,883268660,-0.10,6801
107/12/12,13.23,13.29,13.17,13.18,77671178,1027135497,-0.16,8414
107/12/13,13.15,13.21,13.10,13.15,63415470,833620907,-0.03,5571
107/12/14,13.22,13.35,13.21,13.30,74384966,989692555,0.15,8268
107/12/17,13.28,13.30,13.17,13.21,73856779,975970706,-0.09,7573
107/12/18,13.27,13.34,13.24,13.30,109052056,1449724073,0.09,7992
107/12/19,13.26,13.32,13.23,13.25,81062405,1074776946,-0.05,7535
107/12/20,13.35,13.41,13.28,13.39,135950864,1812864167,0.14,9206
107/12/21,13.42,13.48,13.34,13.34,152051961,2040524825,-0.05,10438
107/12/22,13.43,13.44,13.40,13.42,67973172,913120102,0.08,6297
107/12/23,12.24,12.31,12.22,12.25,51981225,637336293,-0.01,4519
107/12/24,13.42,13.45,13.37,13.41,81074263,1087867889,-0.01,4584
107/12/25,13.61,13.67,13.57,13.57,76412884,1040629909,0.16,7688
107/12/26,13.51,13.64,13.48,13.62,107982177,1463805195,0.05,5174
107/12/27,13.41,13.45,13.33,13.35,83242883,1114298635,-0.27,7585
107/12/28,13.34,13.37,13.20,13.20,65016658,861752852,-0.15,3935
108/01/02,13.22,13.51,13.22,13.50,191344913,2573170359,0.30,10503
108/01/03,13.57,13.62,13.46,13.59,292043658,3955765187,0.09,10409
108/01/04,13.70,13.81,13.65,13.71,276954720,3797654938,0.12,13066
108/01/07,13.49,13.54,13.41,13.42,157847393,2124626225,-0.29,7575
108/01/08,13.40,13.48,13.39,13.42,41094212,552092972,0.00,3122
108/01/09,13.36,13.39,13.17,13.22,103420710,1369932146,-0.20,11362
108/01/10,13.25,13.27,13.22,13.25,23082498,305808520,0.03,2137
108/01/11,13.17,13.22,13.12,13.18,56801068,747701124,-0.07,4977
108/01/14,13.21,13.29,13.18,13.27,28176507,373123458,0.09,3635
108/01/15,13.22,13.23,13.10,13.12,53528439,703462119,-0.15,6018
108/01/16,13.13,13.17,13.11,13.13,28752990,377736965,0.01,2244
108/01/17,13.12,13.19,13.06,13.14,27382581,359454335,0.01,2789
108/01/18,13.09,13.14,13.04,13.05,60577580,791895894,-0.09,6657
108/01/21,12.99,13.02,12.95,12.99,49962923,648329149,-0.06,5221
108/01/22,13.03,13.07,13.01,13.04,29809238,388702644,0.05,2258
108/01/23,13.08,13.11,13.02,13.08,121188385,1584461198,0.04,5197
108/01/24,13.05,13.08,12.99,13.01,57763780,753461257,-0.07,2650
108/01/25,12.92,12.95,12.85,12.86,95071159,1224702449,-0.15,10688
108/01/28,12.83,12.86,12.80,12.85,83554918,1072673112,-0.01,4114
108/01/29,12.93,13.00,12.92,12.95,97182764,1260581776,0.10,5508
108/01/30,12.94,12.97,12.89,12.92,63335569,818976114,-0.03,3042
108/02/11,12.79,12.88,12.75,12.83,117495378,1506865182,-0.09,6078
108/02/12,12.79,12.79,12.70,12.70,79357771,1010591451,-0.13,9528
108/02/13,12.67,12.75,12.66,12.71,33677447,427774096,0.01,2927
108/02/14,12.73,12.75,12.66,12.72,26271997,333636618,0.01,2517
108/02/15,12.74,12.79,12.68,12.76,81279739,1036657843,0.04,3748
108/02/18,12.68,12.69,12.62,12.63,40184989,508395687,-0.13,4995
108/02/19,12.66,12.66,12.62,12.64,24445996,308962608,0.01,1689
108/02/20,12.59,12.59,12.50,12.52,71838881,900185331,-0.12,8585
108/02/21,12.51,12.54,12.42,12.42,53403320,666301277,-0.10,7639
108/02/22,12.47,12.51,12.45,12.45,34657047,432566231,0.03,3438
108/02/25,12.40,12.42,12.35,12.36,73214589,906565502,-0.09,6246
108/02/26,12.35,12.40,12.33,12.34,79610547,984563087,-0.02,5345
108/02/27,12.36,12.41,12.34,12.35,39318701,486779271,0.01,3894
108/03/04,12.35,12.49,12.35,12.44,133202106,1657632062,0.09,6073
108/03/05,12.49,12.51,12.44,12.46,42901597,535092685,0.02,3842
108/03/06,12.44,12.44,12.41,12.41,23247000,288823279,-0.05,2100
108/03/07,12.43,12.51,12.40,12.51,108204080,1348367306,0.10,4043
108/03/08,12.55,12.60,12.51,12.54,64845487,814579705,0.03,6234
108/03/11,12.59,12.60,12.51,12.51,22514134,282580990,-0.03,2160
108/03/12,12.40,12.42,12.33,12.36,72045898,890908174,-0.15,7844
108/03/13,12.38,12.42,12.35,12.35,43711011,540927633,-0.01,2215
108/03/14,12.32,12.40,12.32,12.36,29833009,368671430,0.01,1843
108/03/15,12.36,12.36,12.28,12.29,34695291,426928276,-0.07,4285
108/03/18,12.27,12.28,12.22,12.22,32461739,397483072,-0.07,4069
108/03/19,12.22,12.24,12.18,12.18,35955824,438948410,-0.04,3778
108/03/20,12.20,12.21,12.17,12.18,27482775,335007201,0.00,2546
108/03/21,12.15,12.15,12.08,12.08,59789489,724243773,-0.10,6654
108/03/22,12.01,12.12,12.00,12.06,39364342,474041832,-0.02,4771
108/03/25,12.24,12.27,12.21,12.25,58786085,719763891,0.19,5733
108/03/26,12.19,12.19,12.14,12.15,41941800,510092783,-0.10,3340
108/03/27,12.17,12.20,12.14,12.14,22503748,273629027,-0.01,1749
108/03/28,12.21,12.23,12.17,12.20,28444987,346930670,0.06,1967
108/03/29,12.16,12.20,12.06,12.06,128636426,1555998042,-0.14,6397
108/04/01,11.97,12.04,11.93,12.02,66416396,794564474,-0.04,7419
108/04/02,11.96,11.99,11.94,11.95,48504451,579919082,-0.07,4775
108/04/03,11.93,11.97,11.91,11.94,25628230,306101387,-0.01,2758
108/04/08,11.89,11.90,11.84,11.86,61137828,725407953,-0.08,6313
108/04/09,11.85,11.86,11.78,11.78,59214111,699514119,-0.08,7653
108/04/10,11.82,11.82,11.76,11.76,31006204,365620023,-0.02,3796
108/04/11,11.78,11.86,11.74,11.81,39851350,470336436,0.05,3611
108/04/12,11.81,11.85,11.80,11.83,29371556,347180724,0.02,2148
108/04/15,11.76,11.78,11.73,11.73,47807684,561380331,-0.10,4570
108/04/16,11.73,11.76,11.70,11.70,40078641,469859880,-0.03,3838
108/04/17,11.67,11.67,11.61,11.62,52661597,612870678,-0.08,6354
108/04/18,11.60,11.69,11.57,11.68,60060865,698374251,0.06,5985
108/04/19,11.59,11.66,11.57,11.64,38308258,444733654,-0.04,4022
108/04/22,11.59,11.65,11.58,11.65,20389759,236920733,0.01,2012
108/04/23,11.61,11.69,11.59,11.59,42684951,496801868,-0.06,3451
108/04/24,11.56,11.63,11.55,11.58,41855618,485197132,-0.01,2608
108/04/25,11.61,11.63,11.56,11.56,33854603,392294529,-0.02,3576
108/04/26,11.63,11.70,11.63,11.67,47937935,559637193,0.11,4089
108/04/29,11.66,11.70,11.62,11.66,24887758,290321181,-0.01,2526
108/04/30,11.70,11.72,11.64,11.64,32800416,383085063,-0.02,2296
108/05/02,11.64,11.64,11.56,11.61,29616570,343604147,-0.03,2918
108/05/03,11.61,11.62,11.50,11.51,63717633,735814245,-0.10,7154
108/05/06,11.66,11.78,11.66,11.74,92383078,1082729751,0.23,9096
108/05/07,11.67,11.68,11.59,11.63,38621756,449165663,-0.11,4428
108/05/08,11.73,11.75,11.65,11.67,59076247,690664235,0.04,7983
108/05/09,11.74,11.88,11.72,11.84,94507016,1116931333,0.17,9317
108/05/10,11.81,11.96,11.74,11.87,109826169,1300661086,0.03,8016
108/05/13,11.91,12.04,11.90,12.02,107438792,1286750318,0.15,8458
108/05/14,12.16,12.23,12.04,12.08,163871049,1987084804,0.06,11600
108/05/15,12.09,12.10,12.01,12.03,59462503,716501886,-0.05,4407
108/05/16,12.07,12.15,12.05,12.14,62217407,753382808,0.11,4243
108/05/17,12.06,12.22,12.04,12.22,85068997,1034107912,0.08,8900
108/05/20,12.19,12.25,12.15,12.22,110008069,1342815553,0.00,4673
108/05/21,12.25,12.27,12.12,12.13,71821000,874741898,-0.09,5572
108/05/22,12.16,12.17,12.11,12.15,43253660,525273373,0.02,2413
108/05/23,12.24,12.38,12.24,12.34,107893866,1331207292,0.19,9734
108/05/24,12.33,12.35,12.26,12.33,60924832,750189864,-0.01,4089
108/05/27,12.28,12.39,12.28,12.32,35083870,432850875,-0.01,2379
108/05/28,12.30,12.35,12.30,12.31,33898000,417470860,-0.01,3622
108/05/29,12.42,12.45,12.36,12.36,47422704,587848159,0.05,5608
108/05/30,12.37,12.38,12.26,12.29,33423180,411132774,-0.07,3222
108/05/31,12.29,12.30,12.14,12.17,66172829,807165349,-0.12,5973
108/06/03,12.21,12.28,12.16,12.17,54776550,669210819,0.00,4268
108/06/04,12.17,12.24,12.14,12.22,42161254,514379822,0.05,2375
108/06/05,12.11,12.20,12.10,12.17,45884959,557296159,-0.05,2874
108/06/06,12.25,12.29,12.22,12.26,35058600,429782796,0.09,3261
108/06/10,12.14,12.19,12.05,12.05,115252110,1392188241,-0.21,6458
108/06/11,12.04,12.07,11.96,11.99,136000460,1630574620,-0.06,6780
108/06/12,12.00,12.04,11.98,12.00,24276890,291542144,0.01,1692
108/06/13,12.04,12.11,12.01,12.07,24287112,293093816,0.07,2141
108/06/14,12.07,12.09,12.05,12.07,19271672,232659354,0.00,992
108/06/17,12.12,12.15,12.04,12.05,16175747,195364087,-0.02,1622
108/06/18,12.05,12.08,12.03,12.05,9966001,120124932,0.00,991
108/06/19,11.90,11.90,11.78,11.79,84886499,1006513714,-0.26,12434
108/06/20,11.78,11.80,11.74,11.76,36817859,432951015,-0.03,4117
108/06/21,11.70,11.79,11.70,11.77,37471621,439833380,0.01,2649
108/06/24,11.77,11.80,11.70,11.73,16359314,192121552,-0.04,2061
108/06/25,11.73,11.83,11.72,11.82,21998934,259320546,0.09,2010
108/06/26,11.85,11.85,11.81,11.83,29853988,353245474,0.01,1999
108/06/27,11.80,11.80,11.69,11.71,75876438,889162309,-0.12,4810
108/06/28,11.72,11.79,11.71,11.78,29239831,343817998,0.07,2389
108/07/01,11.62,11.62,11.52,11.53,91682292,1059342768,-0.25,9057
108/07/02,11.55,11.58,11.54,11.56,25913352,299504054,0.03,1672
108/07/03,11.61,11.69,11.59,11.67,42411419,494319611,0.11,3276
108/07/04,11.62,11.65,11.59,11.62,30394133,353466041,-0.05,1584
108/07/05,11.61,11.64,11.57,11.59,19693689,228614787,-0.03,1355
108/07/08,11.66,11.68,11.60,11.65,65971880,767648497,0.06,2546
108/07/09,11.65,11.69,11.64,11.66,22734002,265383352,0.01,1769
108/07/10,11.59,11.63,11.56,11.59,85324431,987934818,-0.07,3618
108/07/11,11.52,11.54,11.47,11.49,66215853,761448768,-0.10,5629
108/07/12,11.49,11.52,11.48,11.49,12132121,139473988,0.00,1622
108/07/15,11.48,11.57,11.42,11.44,79116519,905993140,-0.05,5178
108/07/16,11.45,11.45,11.42,11.44,14410595,164703464,0.00,2648
108/07/17,11.49,11.52,11.47,11.48,24224348,278413022,0.04,2102
108/07/18,11.51,11.53,11.49,11.51,13452017,154818206,0.03,1433
108/07/19,11.41,11.43,11.37,11.42,46090961,525324161,-0.09,4760
108/07/22,11.42,11.42,11.35,11.35,51907499,590005626,-0.07,4689
108/07/23,11.33,11.37,11.32,11.34,20383084,231161458,-0.01,3371
108/07/24,11.33,11.36,11.31,11.35,15930923,180597736,0.01,1688
108/07/25,11.33,11.38,11.32,11.32,15200499,172252121,-0.03,1687
108/07/26,11.37,11.38,11.35,11.35,11502005,130683387,0.03,1315
108/07/29,11.40,11.41,11.35,11.36,15545610,176962188,0.01,1678
108/07/30,11.33,11.40,11.32,11.40,22341342,254245290,0.04,2074
108/07/31,11.41,11.48,11.41,11.44,42807948,489759424,0.04,3031
108/08/01,11.51,11.54,11.46,11.50,51291083,589951283,0.06,3630
108/08/02,11.64,11.73,11.64,11.70,114100201,1332584190,0.20,11015
108/08/05,11.73,11.82,11.70,11.79,104087773,1224514393,0.09,7699
108/08/06,12.03,12.06,11.78,11.82,173664104,2076460813,0.03,12331
108/08/07,11.82,11.89,11.80,11.88,44759240,530253441,0.06,3263
108/08/08,11.85,11.85,11.72,11.73,51269227,602757990,-0.15,3596
108/08/12,11.74,11.79,11.69,11.73,26642800,312229381,0.00,1793
108/08/13,11.79,11.86,11.78,11.84,35956000,424807490,0.11,3438
108/08/14,11.69,11.75,11.67,11.75,42350315,495498522,-0.09,2597
108/08/15,11.90,11.93,11.84,11.87,68154838,809862801,0.12,5017
108/08/16,11.88,11.90,11.75,11.75,51432295,606989564,-0.12,3142
108/08/19,11.72,11.75,11.68,11.68,38097020,445926642,-0.07,2309
108/08/20,11.68,11.68,11.63,11.64,23925371,278783389,-0.04,1859
108/08/21,11.65,11.66,11.62,11.63,20858002,242750272,-0.01,1337
108/08/22,11.58,11.66,11.55,11.65,23419465,271693290,0.02,2437
108/08/23,11.63,11.68,11.61,11.62,38256196,445598787,-0.03,1696
108/08/26,11.82,11.84,11.77,11.80,84771593,1000441816,0.18,5465
108/08/27,11.74,11.80,11.74,11.78,28130300,330867326,-0.02,2205
108/08/28,11.74,11.74,11.69,11.70,27833930,326229955,-0.08,2199
108/08/29,11.70,11.75,11.68,11.69,11905101,139428971,-0.01,1163
108/08/30,11.57,11.59,11.53,11.54,36159407,417732729,-0.15,4259
108/09/02,11.54,11.55,11.49,11.49,41526605,477600298,-0.05,4107
108/09/03,11.49,11.56,11.46,11.55,51867147,596660965,0.06,2947
108/09/04,11.53,11.53,11.44,11.44,30761395,352747133,-0.11,3867
108/09/05,11.35,11.39,11.33,11.34,64287383,729705772,-0.10,5920
108/09/06,11.30,11.34,11.30,11.32,36098396,408435122,-0.02,5807
108/09/09,11.28,11.32,11.26,11.30,20625138,232848464,-0.02,2425
108/09/10,11.30,11.36,11.29,11.34,15313352,173537967,0.04,1604
108/09/11,11.30,11.34,11.28,11.32,22931737,259363400,-0.02,1560
108/09/12,11.23,11.28,11.22,11.26,34576849,388897760,-0.06,3492
108/09/16,11.27,11.27,11.20,11.22,47005643,528273702,-0.04,3904
108/09/17,11.19,11.23,11.19,11.21,28226750,316316901,-0.01,2602
108/09/18,11.20,11.20,11.13,11.16,61122763,682432247,-0.05,7208
108/09/19,11.14,11.20,11.11,11.18,33455529,373239720,0.02,3267
108/09/20,11.17,11.17,11.14,11.15,33768752,376467392,-0.03,2526
108/09/23,11.16,11.18,11.12,11.14,31912198,355788812,-0.01,1894
108/09/24,11.15,11.18,11.11,11.14,31464838,350546646,0.00,3377
108/09/25,11.19,11.23,11.18,11.20,51839801,580878789,0.06,3362
108/09/26,11.16,11.22,11.14,11.20,25116002,280760350,0.00,1737
108/09/27,11.17,11.23,11.15,11.22,31122399,348673968,0.02,2526
108/10/01,11.16,11.17,11.07,11.07,64992745,721646106,-0.15,7642
108/10/02,11.11,11.12,11.08,11.09,19958967,221508063,0.02,2178
108/10/03,11.24,11.25,11.15,11.17,44122587,494173594,0.08,3998
108/10/04,11.14,11.21,11.12,11.15,30528195,341267594,-0.02,3140
108/10/07,11.13,11.15,11.10,11.11,21833800,242751697,-0.04,2049
108/10/08,11.08,11.08,11.01,11.03,59391023,655585261,-0.08,6394
108/10/09,11.07,11.12,11.06,11.12,30869321,342441128,0.09,2819
108/10/14,10.96,11.00,10.94,10.94,67584138,740582356,-0.18,6820
108/10/15,10.94,10.95,10.91,10.92,26757200,292347890,-0.02,3520
108/10/16,10.88,10.90,10.86,10.87,48763815,530370142,-0.05,5481
108/10/17,10.88,10.89,10.85,10.85,24957143,271226330,-0.02,2340
108/10/18,10.84,10.88,10.79,10.85,34958130,378915251,0.00,2980
108/10/21,10.86,10.87,10.84,10.84,19899867,215996714,-0.01,1586
108/10/22,10.80,10.82,10.76,10.77,44024930,474759033,-0.07,4370
108/10/23,10.77,10.83,10.76,10.80,31560983,340481439,0.03,2543
108/10/24,10.78,10.78,10.73,10.74,33996300,365801530,-0.06,3725
108/10/25,10.70,10.74,10.69,10.73,63649828,681913312,-0.01,4193
108/10/28,10.69,10.72,10.68,10.69,34209321,365951643,-0.04,2349
108/10/29,10.66,10.72,10.65,10.68,54829225,585232617,-0.01,3892
108/10/30,10.70,10.72,10.66,10.68,20361778,217619195,0.00,1902
108/10/31,10.65,10.66,10.61,10.65,91891698,977223806,-0.03,4505
108/11/01,10.67,10.69,10.63,10.63,27895992,297296920,-0.02,2552
108/11/04,10.58,10.58,10.46,10.47,154044216,1619839200,-0.16,11776
108/11/05,10.44,10.45,10.38,10.38,63065113,656732406,-0.09,6829
108/11/06,10.37,10.42,10.35,10.36,46067070,478296502,-0.02,4610
108/11/07,10.38,10.45,10.38,10.42,32497682,338550550,0.06,3151
108/11/08,10.39,10.45,10.38,10.42,22288935,232091895,0.00,2259
108/11/11,10.46,10.56,10.45,10.56,65622038,690661519,0.14,6033
108/11/12,10.50,10.53,10.48,10.48,26963821,283258079,-0.08,3215
108/11/13,10.54,10.56,10.50,10.53,19998224,210617527,0.05,1938
108/11/14,10.51,10.57,10.50,10.54,35988329,379055820,0.01,2665
108/11/15,10.46,10.49,10.44,10.46,24615817,257505380,-0.08,2579
108/11/18,10.45,10.46,10.41,10.41,25239183,263250282,-0.05,2223
108/11/19,10.42,10.43,10.35,10.35,37924229,393427519,-0.06,4327
108/11/20,10.36,10.40,10.36,10.40,19473352,202159071,0.05,1996
108/11/21,10.47,10.52,10.44,10.44,40481500,424299369,0.04,3832
108/11/22,10.42,10.45,10.41,10.42,15683851,163589736,-0.02,1600
108/11/25,10.37,10.43,10.36,10.42,31122118,323546077,0.00,2693
108/11/26,10.37,10.39,10.34,10.37,35387415,366675569,-0.05,4008
108/11/27,10.36,10.39,10.34,10.34,17483788,181163548,-0.03,2791
108/11/28,10.35,10.39,10.34,10.39,117421500,1218503690,0.05,3470
108/11/29,10.39,10.56,10.38,10.53,145685664,1528550463,0.14,10117
108/12/02,10.48,10.52,10.46,10.49,50335731,528296049,-0.04,3048
108/12/03,10.54,10.54,10.46,10.47,30677216,321598792,-0.02,2294
108/12/04,10.50,10.53,10.48,10.49,26373835,277019608,0.02,2316
108/12/05,10.45,10.45,10.37,10.39,38555988,400780673,-0.10,3558
108/12/06,10.34,10.40,10.33,10.37,26322537,272799678,-0.02,2766
108/12/09,10.34,10.35,10.29,10.31,48832100,503685945,-0.06,5816
108/12/10,10.33,10.38,10.33,10.35,18096914,187361298,0.04,1510
108/12/11,10.36,10.37,10.30,10.30,27397180,282997395,-0.05,2325
108/12/12,10.24,10.25,10.13,10.15,101225505,1029892026,-0.15,10915
108/12/13,10.05,10.11,10.03,10.08,64506328,649264922,-0.07,6338
108/12/16,10.08,10.10,10.04,10.06,33565507,337679971,-0.02,3504
108/12/17,10.05,10.06,9.95,9.95,76255404,762115345,-0.11,9317
108/12/18,9.96,9.98,9.94,9.95,33771405,336186167,0.00,4096
108/12/19,9.95,10.00,9.93,9.99,26546386,264785281,0.04,2648
108/12/20,9.98,10.05,9.97,10.01,31705316,317356020,0.02,4027
108/12/23,10.00,10.03,9.98,10.01,18894920,189107280,0.00,1725
108/12/24,10.00,10.02,9.98,10.00,15976552,159799034,-0.01,1391
108/12/25,10.01,10.02,9.98,9.99,17359125,173626512,-0.01,2121
108/12/26,9.99,10.02,9.98,10.01,19804971,198139048,0.02,1254
108/12/27,9.96,9.97,9.91,9.92,34992351,347500170,-0.09,4420
108/12/30,9.92,9.95,9.90,9.94,34845930,345879568,0.02,1770
108/12/31,10.00,10.00,9.97,9.99,22670150,226474040,0.05,2169
109/01/02,9.95,9.99,9.90,9.93,38549380,383070047,-0.06,3088
109/01/03,9.86,10.02,9.85,9.95,47640254,473339451,0.02,4738
109/01/06,10.01,10.05,9.98,10.04,43897000,439901286,0.09,4051
109/01/07,10.01,10.15,10.00,10.09,60680966,612662324,0.05,6018
109/01/08,10.19,10.20,10.09,10.15,53156710,539785293,0.06,5575
109/01/09,10.08,10.09,10.00,10.01,45767210,459548654,-0.14,4047
109/01/10,9.98,10.04,9.97,10.01,26793586,268113241,0.00,2536
109/01/13,9.95,9.97,9.91,9.91,43564376,432514963,-0.10,4822
109/01/14,9.86,9.88,9.84,9.86,36239500,357374565,-0.05,3799
109/01/15,9.88,9.95,9.87,9.94,56119458,555295685,0.08,2778
109/01/16,9.98,9.98,9.91,9.93,24181337,240447125,-0.01,1696
109/01/17,9.89,9.95,9.89,9.92,15947700,158172711,-0.01,1352
109/01/20,9.89,9.90,9.85,9.88,29473095,290903207,-0.04,2687
109/01/30,10.15,10.48,10.15,10.48,234884301,2421208450,0.60,21359
109/01/31,10.37,10.45,10.30,10.40,112789775,1169829973,-0.08,7761
109/02/03,10.61,10.68,10.48,10.49,180114079,1903531094,0.09,12821
109/02/04,10.47,10.48,10.31,10.35,89059389,924719679,-0.14,7435
109/02/05,10.28,10.38,10.25,10.32,79079977,815353008,-0.03,5538
109/02/06,10.23,10.24,10.14,10.16,89378294,910758754,-0.16,7760
109/02/07,10.22,10.30,10.22,10.28,61070989,626792752,0.12,5371
109/02/10,10.41,10.44,10.26,10.30,76483336,791691105,0.02,6190
109/02/11,10.25,10.25,10.18,10.20,39306750,401315667,-0.10,3715
109/02/12,10.20,10.20,10.09,10.11,64910202,657660943,-0.09,6353
109/02/13,10.08,10.13,10.05,10.12,48212999,486414909,0.01,3935
109/02/14,10.12,10.13,10.05,10.08,35507990,357792858,-0.04,3657
109/02/17,10.15,10.16,10.10,10.13,34377998,348273928,0.05,2700
109/02/18,10.20,10.23,10.16,10.22,56853510,580160156,0.09,4956
109/02/19,10.20,10.23,10.08,10.10,52669239,533710478,-0.12,4721
109/02/20,10.05,10.17,10.05,10.14,36498615,369246975,0.04,2856
109/02/21,10.17,10.21,10.10,10.17,41889708,426079056,0.03,3240
109/02/24,10.30,10.35,10.25,10.31,88487145,911677319,0.14,7078
109/02/25,10.38,10.39,10.27,10.28,81711939,844008359,-0.03,6511
109/02/26,10.41,10.44,10.34,10.39,105461232,1096108329,0.11,7135
109/02/27,10.40,10.56,10.38,10.52,138117080,1448487645,0.13,11477
109/03/02,10.71,10.75,10.53,10.61,202652401,2156644653,0.09,12570
109/03/03,10.46,10.53,10.43,10.51,94294978,988242745,-0.10,6195
109/03/04,10.46,10.55,10.45,10.49,124522142,1306381982,-0.02,4725
109/03/05,10.38,10.39,10.33,10.35,84886502,878847368,-0.14,8609
109/03/06,10.41,10.54,10.41,10.52,84330064,884220870,0.17,9919
109/03/09,10.70,10.86,10.68,10.84,243606242,2625099413,0.32,18688
109/03/10,10.92,10.99,10.78,10.78,227981093,2482181052,-0.06,13965
109/03/11,10.80,10.99,10.74,10.98,176745963,1918178039,0.20,9046
109/03/12,11.06,11.61,11.05,11.48,336620824,3816854284,0.50,29689
109/03/13,12.18,12.40,11.62,11.72,612130512,7414693793,0.24,40990
109/03/16,11.87,12.22,11.73,12.20,560791416,6690315164,0.48,22559
109/03/17,12.60,12.61,12.17,12.49,397093196,4942913111,0.29,30639
109/03/18,12.54,12.90,12.49,12.90,307003192,3890066718,0.41,26210
109/03/19,13.21,13.94,13.15,13.80,474253973,6404014995,0.90,49135
109/03/20,13.29,13.34,12.50,12.76,477889391,6175814828,-1.04,44015
109/03/23,13.48,13.50,12.98,13.23,483716581,6380268131,0.47,28916
109/03/24,12.60,12.63,12.29,12.46,406895046,5061777191,-0.77,34606
109/03/25,11.93,12.15,11.86,12.00,333826334,4001315638,-0.46,32553
109/03/26,11.90,12.13,11.81,11.87,274269865,3277368650,-0.13,27804
109/03/27,11.64,11.95,11.59,11.93,269812001,3168970026,0.06,31587
109/03/30,12.22,12.30,11.93,11.96,322066984,3898450335,0.03,31661
109/03/31,11.78,12.03,11.75,11.93,160713735,1911893036,-0.03,19306
109/04/01,11.87,11.96,11.84,11.89,259616570,3090295538,-0.04,17755
109/04/06,11.72,11.92,11.68,11.69,197431942,2321966639,-0.20,19967
109/04/07,11.44,11.55,11.39,11.43,210554295,2412585130,-0.26,27790
109/04/08,11.45,11.48,11.25,11.27,230499127,2614836952,-0.16,25179
109/04/09,11.22,11.38,11.19,11.31,204667633,2311591998,0.04,19314
109/04/10,11.34,11.36,11.26,11.28,124454704,1406099329,-0.03,9369
109/04/13,11.34,11.38,11.25,11.34,109885994,1243546680,0.06,9259
109/04/14,11.27,11.29,10.98,10.99,302287983,3350769643,-0.35,31571
109/04/15,10.95,11.00,10.89,10.92,183175350,2002834829,-0.07,18053
109/04/16,11.08,11.08,10.91,10.94,134395999,1476896593,0.02,11938
109/04/17,10.66,10.79,10.57,10.69,287759161,3068522230,-0.25,29247
109/04/20,10.70,10.77,10.68,10.74,86376211,927151676,0.05,7753
109/04/21,10.83,11.10,10.78,11.07,221216221,2428523229,0.33,22302
109/04/22,11.14,11.20,11.02,11.03,203551238,2261886235,-0.04,21465
109/04/23,10.96,11.10,10.83,10.94,151653180,1660353782,-0.09,13722
109/04/24,10.99,11.03,10.93,10.95,108541917,1190307657,0.01,6976
109/04/27,10.80,10.85,10.65,10.65,203253886,2179741026,-0.30,19552
109/04/28,10.60,10.73,10.60,10.62,178039494,1897940144,-0.03,9589
109/04/29,10.58,10.59,10.45,10.47,200592440,2105681731,-0.15,18874
109/04/30,10.39,10.41,10.24,10.25,305482404,3148319357,-0.22,26455
109/05/04,10.60,10.63,10.52,10.56,441980276,4671257468,0.31,19079
109/05/05,10.48,10.56,10.42,10.49,212636777,2231222369,-0.07,10162
109/05/06,10.52,10.59,10.43,10.47,280964654,2949495045,-0.02,10483
109/05/07,10.47,10.49,10.33,10.38,202922870,2108475257,-0.09,11814
109/05/08,10.29,10.36,10.26,10.31,69670129,718271945,-0.07,7083
109/05/11,10.22,10.28,10.18,10.22,146768455,1499535627,-0.09,9615
109/05/12,10.31,10.40,10.28,10.33,86253607,891811212,0.11,8115
109/05/13,10.40,10.40,10.28,10.30,102372686,1059277352,-0.03,6882
109/05/14,10.37,10.45,10.33,10.45,390788371,4061244837,0.15,15556
109/05/15,10.35,10.50,10.33,10.38,272945500,2839058219,-0.07,10284
109/05/18,10.42,10.47,10.36,10.42,97749501,1018089365,0.04,5858
109/05/19,10.24,10.34,10.24,10.30,71952400,740234307,-0.12,6456
109/05/20,10.27,10.32,10.24,10.29,71041440,729813224,-0.01,6188
109/05/21,10.24,10.24,10.15,10.18,101219488,1031404946,-0.11,11452
109/05/22,10.24,10.40,10.23,10.39,100094100,1033885821,0.21,9658
109/05/25,10.32,10.46,10.28,10.30,77927037,807652789,-0.09,7539
109/05/26,10.23,10.24,10.12,10.14,152930220,1552777596,-0.16,13998
109/05/27,10.14,10.20,10.10,10.15,52832042,536098703,0.01,4804
109/05/28,10.10,10.27,10.08,10.22,73170538,744365017,0.07,7282
109/05/29,10.27,10.31,10.20,10.20,74800008,766641030,-0.02,5620
