106/02/21,20.20,20.25,20.17,20.21,9048000,182898550,-0.03,1113
106/02/22,20.29,20.31,20.27,20.28,1947000,39505090,0.07,220
106/02/23,20.26,20.29,20.25,20.25,1682000,34090900,-0.03,121
106/02/24,20.11,20.11,20.04,20.04,1514000,30389150,-0.21,80
106/03/01,20.20,20.26,20.15,20.19,1448000,29275360,0.15,113
106/03/02,20.51,20.51,20.47,20.49,1716000,35173360,0.30,146
106/03/03,20.30,20.32,20.21,20.22,1263000,25615090,-0.27,76
106/03/06,20.30,20.39,20.30,20.38,1508000,30690280,0.16,77
106/03/07,20.38,20.41,20.37,20.41,1085000,22127550,0.03,44
106/03/08,20.25,20.26,20.18,20.24,1684000,34076060,-0.17,63
106/03/09,20.40,20.43,20.38,20.39,1182000,24108450,0.15,61
106/03/10,20.50,20.53,20.49,20.50,1673000,34314710,0.11,91
106/03/13,20.50,20.52,20.49,20.51,1109000,22738190,0.01,33
106/03/14,20.60,20.62,20.60,20.60,811000,16708570,0.09,35
106/03/15,20.49,20.53,20.49,20.53,767000,15728580,-0.07,32
106/03/16,20.75,20.81,20.75,20.80,819000,17021040,0.27,32
106/03/17,20.76,20.79,20.76,20.76,129000,2678660,-0.04,13
106/03/20,20.60,20.69,20.60,20.62,145000,2989950,-0.14,14
106/03/21,20.78,20.87,20.78,20.82,137000,2852700,0.20,24
106/03/22,20.16,20.16,20.02,20.06,102000,2047290,-0.76,28
106/03/23,20.39,20.43,20.38,20.40,448000,9138040,0.34,21
106/03/24,20.40,20.40,20.34,20.37,129000,2626570,-0.03,11
106/03/27,20.13,20.16,20.08,20.12,164000,3301450,-0.25,15
106/03/28,20.49,20.54,20.48,20.50,416000,8527260,0.38,29
106/03/29,20.68,20.70,20.64,20.69,742000,15329650,0.19,44
106/03/30,20.93,20.93,20.87,20.88,710000,14835090,0.19,34
106/03/31,20.88,20.88,20.77,20.77,699000,14565900,-0.11,31
106/04/05,20.94,20.94,20.87,20.90,608000,12710400,0.13,26
106/04/06,20.63,20.63,20.52,20.57,651000,13388840,-0.33,26
106/04/07,20.77,20.77,20.52,20.64,457000,9405050,0.07,22
106/04/10,20.79,20.81,20.78,20.80,566000,11767900,0.16,20
106/04/11,20.75,20.76,20.68,20.69,539000,11170970,-0.11,17
106/04/12,20.52,20.52,20.47,20.49,514000,10533880,-0.20,25
106/04/13,20.32,20.36,20.26,20.36,678000,13774300,-0.13,28
106/04/14,20.28,20.29,20.21,20.22,225000,4550320,-0.14,28
106/04/17,20.21,20.24,20.17,20.22,831000,16785690,,34
106/04/18,20.53,20.54,20.53,20.54,602000,12363120,0.32,25
106/04/19,20.53,20.54,20.51,20.54,911000,18700820,,26
106/04/20,20.55,20.61,20.55,20.60,708000,14577260,0.06,25
106/04/21,20.92,20.96,20.91,20.96,720000,15073200,0.36,140
106/04/24,21.22,21.25,21.19,21.25,975000,20680810,0.29,137
106/04/25,21.33,21.44,21.33,21.44,687000,14704950,0.19,113
106/04/26,21.68,21.70,21.66,21.70,1118000,24227660,0.26,38
106/04/27,21.60,21.61,21.58,21.59,701000,15135990,-0.11,27
106/04/28,22.01,22.01,21.97,21.99,574000,12626410,0.40,38
106/05/02,22.36,22.37,22.34,22.35,617000,13791980,0.36,27
106/05/03,22.26,22.26,22.21,22.21,650000,14462210,-0.14,30
106/05/04,22.20,22.25,22.20,22.24,525000,11664610,0.03,26
106/05/05,22.27,22.27,22.20,22.24,553000,12307710,0.00,15
106/05/08,22.45,22.49,22.44,22.49,739000,16592050,0.25,29
106/05/09,22.50,22.51,22.48,22.50,675000,15187830,0.01,26
106/05/10,22.66,22.69,22.66,22.69,679000,15391440,0.19,23
106/05/11,22.68,22.68,22.66,22.67,572000,12966420,-0.02,19
106/05/12,22.56,22.56,22.49,22.51,969000,21834110,-0.16,193
106/05/15,22.75,22.80,22.75,22.79,521000,11869580,0.28,22
106/05/16,22.83,22.83,22.79,22.83,779000,17775270,0.04,25
106/05/17,22.79,22.83,22.79,22.83,753000,17179770,0.00,22
106/05/18,21.98,22.09,21.96,22.07,874000,19273070,-0.76,194
106/05/19,22.29,22.31,22.25,22.31,806000,17956350,0.24,43
106/05/22,22.48,22.57,22.48,22.57,1478000,33294780,0.26,501
106/05/23,22.81,22.83,22.79,22.83,552000,12591650,0.26,34
106/05/24,22.89,22.93,22.89,22.93,433000,9923410,0.10,14
106/05/25,23.15,23.28,23.12,23.27,501000,11644950,0.34,31
106/05/26,23.50,23.53,23.49,23.51,413000,9709470,0.24,26
106/05/31,23.62,23.67,23.57,23.60,1260000,29763470,0.09,365
106/06/01,23.68,23.68,23.62,23.67,560000,13235840,0.07,19
106/06/02,23.89,24.03,23.88,24.03,765000,18330870,0.36,225
106/06/03,24.65,24.65,24.08,24.42,56000,1375580,0.39,12
106/06/05,24.35,24.38,24.33,24.38,539000,13121500,-0.04,26
106/06/06,24.32,24.32,24.25,24.29,366000,8881090,-0.09,16
106/06/07,24.23,24.27,24.23,24.23,471000,11418000,-0.06,31
106/06/08,24.30,24.37,24.30,24.35,592000,14407830,0.12,26
106/06/09,24.29,24.37,24.29,24.34,269000,6550900,-0.01,12
106/06/12,23.13,23.16,23.05,23.07,742000,17145040,-1.27,262
106/06/13,22.97,23.03,22.95,23.01,843000,19366510,-0.06,61
106/06/14,23.28,23.28,23.12,23.14,504000,11711210,0.13,43
106/06/15,22.88,22.88,22.72,22.80,451000,10287570,-0.34,22
106/06/16,22.91,23.00,22.87,22.95,616000,14133930,0.15,130
106/06/19,22.80,22.85,22.80,22.82,328000,7487290,-0.13,27
106/06/20,23.36,23.41,23.36,23.39,571000,13358780,0.57,96
106/06/21,22.96,22.96,22.87,22.95,377000,8638290,-0.44,48
106/06/22,23.46,23.62,23.46,23.62,700000,16482080,0.67,49
106/06/23,23.48,23.48,23.46,23.47,52000,1220310,-0.15,12
106/06/26,23.59,23.70,23.59,23.64,500000,11821680,0.17,203
106/06/27,23.35,23.38,23.30,23.30,367000,8573630,-0.34,122
106/06/28,22.51,22.51,22.31,22.41,756000,16939110,-0.89,258
106/06/29,23.21,23.26,23.21,23.23,495000,11501170,0.82,55
106/06/30,22.25,22.29,22.12,22.29,621000,13790000,-0.94,111
106/07/03,22.34,22.39,22.33,22.39,284000,6344690,0.10,29
106/07/04,21.72,21.77,21.65,21.72,656000,14263220,-0.67,84
106/07/05,21.72,21.80,21.66,21.78,272000,5918820,0.06,50
106/07/06,22.21,22.21,22.16,22.21,760000,16867710,0.43,66
106/07/07,21.88,21.93,21.88,21.93,713000,15616620,-0.28,41
106/07/10,22.34,22.48,22.34,22.45,491000,10990690,0.52,65
106/07/11,22.57,22.63,22.57,22.63,345000,7800540,0.18,46
106/07/12,22.77,22.77,22.70,22.74,88000,2000660,0.11,20
106/07/13,23.37,23.40,23.36,23.38,730000,17068940,0.64,54
106/07/14,23.44,23.44,23.34,23.40,124000,2902210,0.02,22
106/07/17,23.82,23.82,23.76,23.78,630000,14986730,0.38,38
106/07/18,23.79,23.80,23.76,23.80,652000,15504260,0.02,39
106/07/19,24.15,24.21,24.14,24.17,770000,18613710,0.37,38
106/07/20,24.35,24.38,24.34,24.38,377000,9182120,0.21,32
106/07/21,24.37,24.37,24.30,24.33,224000,5450310,-0.05,18
106/07/24,24.28,24.28,24.21,24.28,679000,16463920,-0.05,26
106/07/25,24.42,24.44,24.41,24.43,475000,11604040,0.15,23
106/07/26,24.45,24.45,24.41,24.43,660000,16115670,0.00,17
106/07/27,24.85,24.93,24.84,24.93,479000,11920090,0.50,37
106/07/28,24.10,24.11,24.00,24.03,744000,17879060,-0.90,100
106/07/31,24.22,24.26,24.20,24.25,576000,13967590,0.22,31
106/08/01,24.10,24.29,24.09,24.27,517000,12540100,0.02,52
106/08/02,24.46,24.58,24.43,24.58,733000,17967830,0.31,69
106/08/03,24.28,24.32,24.19,24.29,389000,9444260,-0.29,44
106/08/04,24.14,24.18,24.12,24.18,419000,10114390,-0.11,32
106/08/07,24.30,24.34,24.28,24.34,519000,12623300,0.16,25
106/08/08,24.45,24.46,24.41,24.46,237000,5790400,0.12,47
106/08/09,24.08,24.13,24.06,24.12,643000,15505680,-0.34,31
106/08/10,24.34,24.36,24.21,24.27,538000,13046050,0.15,38
106/08/11,23.08,23.17,23.07,23.12,477000,11027140,-1.15,123
106/08/14,23.87,23.93,23.84,23.89,994000,23734510,0.77,84
106/08/15,24.42,24.50,24.41,24.44,944000,23091890,0.55,220
106/08/16,24.22,24.23,24.18,24.23,692000,16742300,-0.21,61
106/08/17,24.26,24.27,24.20,24.25,450000,10908350,0.02,72
106/08/18,23.38,23.51,23.38,23.51,676000,15866310,-0.74,112
106/08/21,23.31,23.32,23.25,23.31,698000,16262810,-0.20,80
106/08/22,23.46,23.52,23.46,23.51,308000,7239230,0.20,29
106/08/23,23.92,23.97,23.85,23.88,666000,15909610,0.37,60
106/08/24,23.64,23.72,23.62,23.70,387000,9176880,-0.18,33
106/08/25,23.66,23.71,23.60,23.71,307000,7268870,0.01,30
106/08/28,23.42,23.48,23.40,23.45,314000,7363930,-0.26,35
106/08/29,23.40,23.41,23.30,23.37,539000,12587030,-0.08,44
106/08/30,23.89,23.95,23.87,23.95,494000,11803770,0.58,102
106/08/31,24.45,24.51,24.45,24.50,564000,13810280,0.55,49
106/09/01,24.88,24.90,24.86,24.90,402000,10005140,0.40,52
106/09/04,24.54,24.62,24.47,24.60,337000,8282490,-0.30,84
106/09/05,24.69,24.71,24.66,24.70,251000,6197560,0.10,15
106/09/06,24.39,24.46,24.39,24.45,400000,9771330,-0.25,40
106/09/07,24.49,24.50,24.44,24.44,851000,20826850,-0.01,81
106/09/08,24.57,24.60,24.53,24.55,302000,7420950,0.11,19
106/09/11,24.50,24.54,24.48,24.51,218000,5343130,-0.04,7
106/09/12,24.80,24.80,24.74,24.77,547000,13550360,0.26,28
106/09/13,24.84,24.85,24.80,24.82,254000,6304960,0.05,15
106/09/14,24.89,24.90,24.88,24.89,538000,13389560,0.07,11
106/09/15,24.55,24.59,24.54,24.59,456000,11203520,-0.30,18
106/09/18,24.80,24.90,24.80,24.89,270000,6718720,0.30,19
106/09/19,24.71,24.72,24.70,24.70,240000,5930510,-0.19,12
106/09/20,24.72,24.78,24.72,24.76,563000,13933910,0.06,24
106/09/21,24.59,24.61,24.58,24.60,339000,8340030,-0.16,12
106/09/22,24.25,24.25,24.12,24.22,530000,12817560,-0.38,40
106/09/25,24.38,24.38,24.26,24.31,487000,11826020,0.09,20
106/09/26,23.77,23.84,23.75,23.76,806000,19167110,-0.55,50
106/09/27,23.89,24.00,23.89,23.99,835000,20000000,0.23,56
106/09/28,24.30,24.35,24.28,24.35,243000,5911060,0.36,20
106/09/29,24.23,24.28,24.21,24.26,388000,9412930,-0.09,15
106/09/30,24.77,24.77,24.67,24.71,49000,1211070,0.45,15
106/10/02,24.69,24.71,24.66,24.71,291000,7184480,0.00,22
106/10/03,24.61,24.73,24.61,24.73,138000,3409290,0.02,17
106/10/05,24.73,24.79,24.73,24.79,115000,2848500,0.06,14
106/10/06,25.27,25.33,25.27,25.30,133000,3365890,0.51,22
106/10/11,25.34,25.36,25.32,25.33,24000,607950,0.03,11
106/10/12,25.42,25.45,25.42,25.44,31000,788700,0.11,12
106/10/13,25.33,25.39,25.33,25.39,23000,583670,-0.05,7
106/10/16,25.61,25.66,25.60,25.61,22000,563670,0.22,9
106/10/17,25.73,25.73,25.70,25.72,108000,2777670,0.11,13
106/10/18,25.76,25.78,25.76,25.78,4000,103060,0.06,3
106/10/19,25.70,25.70,25.67,25.69,17000,436720,-0.09,4
106/10/20,25.49,25.73,25.47,25.66,113000,2902850,-0.03,12
106/10/23,25.69,25.69,25.61,25.61,14000,358980,-0.05,3
106/10/24,25.32,25.34,25.30,25.31,48000,1215400,-0.30,15
106/10/25,25.30,25.35,25.23,25.23,209000,5285790,-0.08,8
106/10/26,25.20,25.23,25.19,25.22,78000,1965700,-0.01,11
106/10/27,25.42,25.57,25.42,25.52,349000,8888990,0.30,113
106/10/30,26.48,26.54,26.42,26.46,79000,2091510,0.94,33
106/10/31,26.58,26.66,26.58,26.66,39000,1038860,0.20,32
106/11/01,26.90,26.92,26.90,26.92,22000,592110,0.26,10
106/11/02,26.48,26.58,26.44,26.53,84000,2227770,-0.39,65
106/11/03,26.79,26.85,26.79,26.85,24000,643510,0.32,10
106/11/06,27.16,27.16,26.91,26.91,18000,487510,0.06,10
106/11/07,27.30,27.43,27.28,27.41,36000,985170,0.50,17
106/11/08,27.20,27.32,27.20,27.32,43000,1170410,-0.09,7
106/11/09,27.53,27.62,27.44,27.45,96000,2644260,0.13,31
106/11/10,27.36,27.36,27.26,27.35,261000,7140490,-0.10,14
106/11/13,27.31,27.37,27.31,27.37,262000,7155610,0.02,4
106/11/14,27.24,27.28,27.24,27.28,16000,436250,-0.09,5
106/11/15,27.05,27.05,26.92,26.92,35000,942940,-0.36,14
106/11/16,26.99,27.00,26.96,27.00,178000,4804900,0.08,8
106/11/17,27.50,27.50,27.44,27.48,41000,1126850,0.48,15
106/11/20,27.22,27.24,27.02,27.13,131000,3547350,-0.35,109
106/11/21,27.23,27.28,27.23,27.28,14000,381840,0.15,5
106/11/22,27.74,27.83,27.73,27.75,114000,3164940,0.47,90
106/11/23,27.76,27.82,27.76,27.77,33000,917110,0.02,8
106/11/24,27.77,27.83,27.77,27.77,21000,583420,0.00,5
106/11/27,27.94,27.99,27.93,27.99,81000,2264840,0.22,14
106/11/28,27.95,27.95,27.95,27.95,10000,279500,-0.04,1
106/11/29,28.12,28.12,28.03,28.05,38000,1066920,0.10,10
106/11/30,27.14,27.16,27.00,27.06,51000,1382130,-0.99,24
106/12/01,27.46,27.60,27.42,27.56,354000,9721860,0.50,85
106/12/04,27.77,27.77,27.68,27.68,74000,2049920,0.12,9
106/12/05,26.78,26.87,26.75,26.84,75000,2011230,-0.84,57
106/12/06,26.81,26.81,26.50,26.50,136000,3635980,-0.34,15
106/12/07,27.16,27.18,27.13,27.15,34000,923460,0.65,28
106/12/08,27.29,27.33,27.27,27.33,91000,2485470,0.18,46
106/12/11,27.44,27.50,27.44,27.48,141000,3874950,0.15,11
106/12/12,27.86,27.94,27.86,27.92,72000,2008740,0.44,28
106/12/13,27.73,27.73,27.73,27.73,1000,27730,-0.19,1
106/12/14,28.00,28.00,27.88,27.88,20000,559700,0.15,5
106/12/15,27.78,27.90,27.77,27.90,33000,917370,0.02,8
106/12/18,28.68,28.78,28.68,28.78,28000,804570,0.88,12
106/12/19,28.89,28.92,28.89,28.92,33000,953730,0.14,16
106/12/20,28.71,28.75,28.70,28.74,69000,1981400,-0.18,10
106/12/21,28.43,28.50,28.42,28.43,53000,1509110,-0.31,11
106/12/22,28.52,28.59,28.52,28.59,619000,17694380,0.16,11
106/12/25,28.50,28.50,28.47,28.47,3000,85440,-0.12,3
106/12/26,--,--,--,--,0,0,0.00,0
106/12/27,28.29,28.33,28.28,28.28,42000,1189020,0.00,6
106/12/28,28.20,28.31,28.19,28.31,186000,5259070,0.03,7
106/12/29,28.17,28.18,28.05,28.13,262000,7359410,-0.18,19
107/01/02,27.86,27.89,27.79,27.87,184000,5122500,-0.26,37
107/01/03,28.73,28.83,28.73,28.83,266000,7658730,0.96,36
107/01/04,29.33,29.36,29.28,29.36,293000,8590900,0.53,113
107/01/05,29.45,29.50,29.44,29.49,93000,2740820,0.13,20
107/01/08,30.02,30.05,29.97,30.04,109000,3271590,0.55,46
107/01/09,30.25,30.28,30.14,30.16,67000,2024480,0.12,19
107/01/10,30.09,30.15,30.06,30.12,98000,2951360,-0.04,59
107/01/11,30.06,30.06,30.03,30.05,132000,3965820,-0.07,12
107/01/12,30.54,30.59,30.51,30.57,164000,5013610,0.52,20
107/01/15,31.05,31.30,31.05,31.29,739000,23064360,0.72,57
107/01/16,31.19,31.26,31.12,31.21,231000,7207130,-0.08,39
107/01/17,30.89,31.01,30.88,30.95,286000,8860920,-0.26,30
107/01/18,31.55,31.63,31.48,31.48,149000,4704050,0.53,70
107/01/19,31.47,31.52,31.38,31.45,56000,1761790,-0.03,47
107/01/22,31.64,31.64,31.57,31.57,57000,1802300,0.12,17
107/01/23,32.34,32.52,32.34,32.51,343000,11122390,0.94,90
107/01/24,32.76,32.76,32.61,32.74,85000,2780750,0.23,32
107/01/25,32.56,32.57,32.42,32.47,291000,9446200,-0.27,65
107/01/26,32.52,32.74,32.52,32.72,75000,2446400,0.25,21
107/01/29,33.16,33.56,33.16,33.46,458000,15297960,0.74,71
107/01/30,33.13,33.15,32.55,32.60,225000,7387250,-0.86,54
107/01/31,32.52,32.84,32.52,32.64,94000,3070350,0.04,35
107/02/01,32.89,33.00,32.84,32.89,356000,11711790,0.25,29
107/02/02,32.51,32.53,32.17,32.41,161000,5217400,-0.48,38
107/02/05,30.64,30.73,30.41,30.73,339000,10368710,-1.68,123
107/02/06,27.92,28.19,26.46,27.54,1124000,30706760,-3.19,339
107/02/07,29.57,29.67,29.12,29.17,600000,17703880,1.63,212
107/02/08,28.69,29.09,28.69,29.08,167000,4833290,-0.09,40
107/02/09,27.09,27.98,26.60,26.80,459000,12381400,-2.28,186
107/02/12,27.67,27.85,27.67,27.85,382000,10608480,1.05,109
107/02/21,30.79,30.94,30.61,30.72,534000,16456440,2.87,160
107/02/22,30.20,30.33,30.00,30.30,284000,8566060,-0.42,49
107/02/23,30.95,31.07,30.86,31.06,640000,19813720,0.76,116
107/02/26,31.72,31.97,31.72,31.87,218000,6945830,0.81,67
107/02/27,32.78,32.87,32.70,32.72,302000,9894940,0.85,63
107/03/01,31.70,31.70,31.35,31.48,797000,25100520,-1.24,147
107/03/02,30.64,30.73,30.50,30.63,302000,9248300,-0.85,106
107/03/05,30.92,31.05,30.75,30.80,1021000,31651190,0.17,123
107/03/06,31.53,31.73,31.53,31.65,429000,13573360,0.85,85
107/03/07,31.00,31.33,31.00,31.14,196000,6107620,-0.51,36
107/03/08,31.90,32.09,31.90,32.09,221000,7076240,0.95,71
107/03/09,32.45,32.60,32.36,32.36,426000,13820390,0.27,72
107/03/12,33.91,34.03,33.88,34.00,347000,11778110,1.64,104
107/03/13,34.20,34.20,33.81,33.99,231000,7831020,-0.01,79
107/03/14,32.98,33.06,32.85,33.06,253000,8337570,-0.93,77
107/03/15,32.78,33.19,32.78,33.06,96000,3163270,0.00,40
107/03/16,33.02,33.04,32.94,33.03,113000,3725790,-0.03,24
107/03/19,32.68,32.68,32.37,32.41,196000,6373720,-0.62,70
107/03/20,31.40,31.56,31.37,31.46,263000,8274050,-0.95,124
107/03/21,31.66,31.79,31.60,31.79,111000,3518220,0.33,33
107/03/22,31.58,31.67,31.39,31.45,233000,7336680,-0.34,44
107/03/23,30.00,30.00,28.75,29.03,1092000,31664880,-2.42,281
107/03/26,28.76,29.05,28.71,29.05,936000,26983130,0.02,257
107/03/27,30.67,32.00,30.63,32.00,2343000,72337220,2.95,866
107/03/28,29.50,30.20,28.50,30.00,1733000,50866970,-2.00,849
107/03/29,28.05,28.08,27.67,27.75,3277000,91260040,-2.25,1143
107/03/30,28.60,28.87,28.45,28.82,1032000,29584950,1.07,508
107/03/31,28.80,28.88,28.80,28.87,351000,10129800,0.05,140
107/04/02,28.48,28.53,28.30,28.48,778000,22133760,-0.39,300
107/04/03,27.24,27.31,27.07,27.17,2082000,56609230,-1.31,778
107/04/09,27.68,28.00,27.68,27.94,1307000,36462960,0.77,367
107/04/10,27.83,28.80,27.75,28.69,1134000,32115640,0.75,334
107/04/11,28.69,28.83,28.46,28.69,940000,26877690,0.00,364
107/04/12,28.80,28.80,28.65,28.69,226000,6489550,0.00,113
107/04/13,29.00,29.06,28.94,29.05,552000,16007660,0.36,192
107/04/16,29.27,29.31,28.98,29.13,604000,17593080,0.08,146
107/04/17,29.57,29.65,29.39,29.58,725000,21396340,0.45,206
107/04/18,30.64,30.72,30.54,30.68,720000,22042580,1.10,241
107/04/19,30.77,30.78,30.74,30.76,203000,6244090,0.08,96
107/04/20,29.97,30.21,29.91,30.18,341000,10244940,-0.58,126
107/04/23,29.39,29.49,29.28,29.49,435000,12778620,-0.69,175
107/04/24,29.15,29.39,29.07,29.39,650000,18987350,-0.10,151
107/04/25,28.11,28.13,27.81,27.97,883000,24727240,-1.42,414
107/04/26,28.70,28.72,28.31,28.34,497000,14157630,0.37,157
107/04/27,29.71,29.73,29.58,29.68,666000,19762760,1.34,250
107/04/30,29.17,29.52,29.17,29.51,531000,15601550,-0.17,138
107/05/02,29.55,29.60,29.43,29.51,214000,6314880,0.00,89
107/05/03,28.92,28.97,28.80,28.93,263000,7598260,-0.58,121
107/05/04,29.05,29.13,28.90,29.11,198000,5745890,0.18,67
107/05/07,30.25,30.65,30.19,30.65,519000,15779680,1.54,225
107/05/08,30.55,30.65,30.51,30.64,174000,5321780,-0.01,87
107/05/09,30.54,30.59,30.47,30.50,307000,9367840,-0.14,127
107/05/10,31.20,31.43,31.13,31.43,488000,15268880,0.93,214
107/05/11,31.81,31.82,31.68,31.77,266000,8446880,0.34,138
107/05/14,31.98,32.09,31.97,32.03,212000,6788840,0.26,79
107/05/15,31.90,31.90,31.58,31.60,632000,20037470,-0.43,193
107/05/16,31.00,31.17,31.00,31.08,391000,12154410,-0.52,191
107/05/17,31.51,31.60,31.45,31.45,178000,5611450,0.37,70
107/05/18,31.44,31.52,31.41,31.52,243000,7647000,0.07,57
107/05/21,31.51,31.59,31.50,31.55,838000,26438840,0.03,221
107/05/22,31.39,31.42,31.36,31.37,158000,4959450,-0.18,81
107/05/23,31.23,31.23,30.87,30.90,262000,8112420,-0.47,142
107/05/24,31.55,31.57,31.34,31.48,211000,6632170,0.58,110
107/05/25,31.83,32.07,31.74,32.00,433000,13820530,0.52,116
107/05/28,32.08,32.08,31.99,32.03,165000,5286540,0.03,65
107/05/29,31.94,31.94,31.70,31.70,223000,7083420,-0.33,58
107/05/30,31.37,31.45,31.22,31.35,974000,30494100,-0.35,228
107/05/31,31.79,31.85,31.75,31.83,310000,9857550,0.48,119
107/06/01,31.79,31.82,31.72,31.74,203000,6445580,-0.09,60
107/06/04,32.68,32.85,32.67,32.82,300000,9831860,1.08,104
107/06/05,33.14,33.16,33.04,33.14,549000,18184470,0.32,211
107/06/06,33.47,33.69,33.47,33.68,1114000,37376660,0.54,368
107/06/07,33.75,33.84,33.73,33.80,1395000,47139090,0.12,559
107/06/08,33.16,33.23,32.98,33.00,2027000,67113360,-0.80,478
107/06/11,33.08,33.10,32.94,32.98,1445000,47747030,-0.02,345
107/06/12,33.20,33.37,33.15,33.31,742000,24691600,0.33,200
107/06/13,33.82,33.87,33.75,33.75,551000,18625620,0.44,172
107/06/14,33.68,33.75,33.51,33.51,430000,14449920,-0.24,77
107/06/15,34.29,34.47,34.29,34.47,565000,19426510,0.96,219
107/06/19,33.81,33.90,33.44,33.50,564000,18999980,-0.97,218
107/06/20,34.03,34.20,33.88,34.20,207000,7046330,0.70,99
107/06/21,34.67,34.97,34.62,34.92,252000,8788450,0.72,104
107/06/22,33.95,33.95,33.76,33.86,298000,10087470,-1.06,113
107/06/25,33.36,33.40,33.25,33.25,929000,30941140,-0.61,134
107/06/26,32.17,32.30,31.95,32.30,401000,12893620,-0.95,117
107/06/27,32.60,32.60,32.37,32.44,184000,5976970,0.14,56
107/06/28,31.68,31.87,31.60,31.83,158000,5019780,-0.61,40
107/06/29,32.11,32.61,32.09,32.52,282000,9135660,0.69,60
107/07/02,32.34,32.53,32.10,32.10,126000,4076660,-0.42,29
107/07/03,32.91,32.94,32.62,32.73,136000,4458510,0.63,43
107/07/04,31.95,32.15,31.94,32.14,780000,25019110,-0.59,50
107/07/05,32.01,32.01,31.89,31.98,54000,1725910,-0.16,29
107/07/06,32.65,33.20,32.65,33.20,480000,15766130,1.22,72
107/07/09,34.13,34.19,34.02,34.14,521000,17783640,0.94,111
107/07/10,34.80,34.80,34.62,34.68,545000,18927570,0.54,109
107/07/11,33.90,33.95,33.60,33.91,312000,10525000,-0.77,61
107/07/12,34.05,34.50,34.05,34.42,283000,9723270,0.51,52
107/07/13,35.44,35.55,35.39,35.49,109000,3863210,1.07,63
107/07/16,35.58,35.58,35.38,35.38,172000,6099930,-0.11,42
107/07/17,34.70,34.70,34.49,34.63,120000,4151680,-0.75,44
107/07/18,35.74,35.75,35.55,35.55,95000,3388250,0.92,45
107/07/19,35.50,35.50,35.31,35.35,28000,991010,-0.20,23
107/07/20,35.40,35.45,34.96,35.18,256000,8987490,-0.17,39
107/07/23,34.83,34.83,34.62,34.74,94000,3262250,-0.44,23
107/07/24,35.60,35.75,35.56,35.75,83000,2960690,1.01,38
107/07/25,35.37,35.37,35.20,35.24,979000,34494730,-0.51,93
107/07/26,35.63,35.63,35.29,35.34,380000,13501670,0.10,51
107/07/27,35.65,35.75,35.65,35.75,178000,6354460,0.41,36
107/07/30,34.21,34.30,34.01,34.15,714000,24414950,-1.60,104
107/07/31,33.65,33.73,33.52,33.70,793000,26658810,-0.45,175
107/08/01,34.15,34.19,34.06,34.11,291000,9924880,0.41,81
107/08/02,34.35,34.35,33.98,33.99,122000,4168140,-0.12,53
107/08/03,35.20,35.25,35.17,35.18,110000,3870820,1.19,61
107/08/06,35.36,35.65,35.36,35.57,302000,10733930,0.39,67
107/08/07,35.83,35.98,35.83,35.97,148000,5314260,0.40,72
107/08/08,36.13,36.18,36.07,36.12,368000,13300450,0.15,90
107/08/09,36.02,36.12,35.99,36.10,144000,5189050,-0.02,64
107/08/10,35.95,35.99,35.80,35.80,127000,4554740,-0.30,42
107/08/13,35.34,35.36,35.08,35.28,402000,14164580,-0.52,106
107/08/14,35.62,35.75,35.59,35.70,117000,4171300,0.42,18
107/08/15,35.89,35.90,35.80,35.84,164000,5879300,0.14,42
107/08/16,35.13,35.59,35.10,35.53,218000,7715880,-0.31,102
107/08/17,35.25,35.43,35.24,35.35,329000,11614880,-0.18,162
107/08/20,35.40,35.51,35.39,35.48,429000,15204510,0.13,67
107/08/21,35.27,35.51,35.26,35.51,501000,17716730,0.03,198
107/08/22,35.24,35.40,35.23,35.35,664000,23427680,-0.16,189
107/08/23,35.80,35.86,35.70,35.80,232000,8304850,0.45,104
107/08/24,35.83,35.97,35.80,35.96,232000,8320270,0.16,68
107/08/27,36.59,36.71,36.50,36.69,270000,9883130,0.73,109
107/08/28,37.29,37.34,37.10,37.10,311000,11592930,0.41,108
107/08/29,37.25,37.28,37.11,37.24,316000,11753770,0.14,69
107/08/30,37.91,38.00,37.83,37.85,166000,6293560,0.61,59
107/08/31,37.70,37.81,37.64,37.81,700000,26405260,-0.04,114
107/09/03,37.97,37.99,37.80,37.81,613000,23225860,0.00,163
107/09/04,37.88,38.00,37.80,38.00,76000,2882550,0.19,45
107/09/05,37.62,37.71,37.58,37.58,297000,11173580,-0.42,84
107/09/06,36.68,36.70,36.56,36.60,636000,23295920,-0.98,166
107/09/07,35.74,35.92,35.71,35.92,663000,23724840,-0.68,247
107/09/10,36.04,36.09,35.95,36.02,627000,22588540,0.10,201
107/09/11,36.25,36.52,36.25,36.52,1585000,57624130,0.50,423
107/09/12,36.59,36.72,36.57,36.67,1674000,61322290,0.15,496
107/09/13,36.44,36.44,36.18,36.23,1041000,37790440,-0.44,298
107/09/14,37.10,37.18,37.08,37.09,395000,14664460,0.86,119
107/09/17,36.69,36.77,36.68,36.72,423000,15535360,-0.37,109
107/09/18,35.46,35.63,35.38,35.63,940000,33381110,-1.09,298
107/09/19,36.40,36.48,36.31,36.35,1256000,45686600,0.72,149
107/09/20,36.28,36.28,36.07,36.07,1997000,72167130,-0.28,459
107/09/21,36.92,37.11,36.88,37.11,1633000,60337630,1.04,403
107/09/25,36.57,36.71,36.52,36.68,1025000,37484170,-0.43,237
107/09/26,36.85,37.13,36.84,37.13,356000,13159960,0.45,122
107/09/27,36.95,36.95,36.73,36.83,447000,16467700,-0.30,105
107/09/28,37.36,37.45,37.36,37.38,554000,20722220,0.55,169
107/10/01,37.60,37.95,37.58,37.85,628000,23735210,0.47,165
107/10/02,37.46,37.49,37.31,37.35,714000,26731930,-0.50,77
107/10/03,37.33,37.55,37.22,37.45,537000,20084200,0.10,123
107/10/04,37.27,37.27,37.01,37.03,491000,18230340,-0.42,71
107/10/05,36.13,36.16,35.86,35.99,1038000,37393960,-1.04,340
107/10/08,35.16,35.33,35.16,35.25,421000,14837370,-0.74,113
107/10/09,34.88,34.92,34.77,34.87,355000,12373530,-0.38,110
107/10/11,31.34,31.35,30.52,30.69,964000,29827460,-4.18,288
107/10/12,31.88,32.50,31.85,32.50,651000,20862320,1.81,186
107/10/15,32.50,32.51,32.30,32.40,441000,14305790,-0.10,74
107/10/16,32.09,32.36,32.08,32.34,2832000,91190740,-0.06,840
107/10/17,34.37,34.37,34.11,34.26,774000,26501420,1.92,268
107/10/18,33.69,33.84,33.63,33.78,676000,22799550,-0.48,171
107/10/19,32.63,32.92,32.58,32.90,957000,31345970,-0.88,270
107/10/22,31.93,32.50,31.85,32.50,655000,21137100,-0.40,202
107/10/23,32.22,32.34,31.80,31.87,665000,21259430,-0.63,275
107/10/24,32.22,32.64,32.06,32.24,663000,21391570,0.37,161
107/10/25,30.07,30.10,29.66,29.66,1081000,32328330,-2.58,326
107/10/26,30.00,30.03,29.30,29.66,920000,27285450,0.00,236
107/10/29,30.33,30.34,30.00,30.23,1526000,46131030,0.57,436
107/10/30,29.01,29.31,28.80,29.26,681000,19751080,-0.97,215
107/10/31,29.58,29.86,29.52,29.86,765000,22691290,0.60,129
107/11/01,30.83,31.00,30.69,30.85,688000,21223530,0.99,265
107/11/02,31.33,31.75,30.98,31.62,745000,23228950,0.77,174
107/11/05,30.50,30.63,30.47,30.60,342000,10450640,-1.02,52
107/11/06,30.60,30.68,30.44,30.52,236000,7199860,-0.08,39
107/11/07,30.85,31.60,30.85,31.34,401000,12544380,0.82,126
107/11/08,32.84,32.87,32.65,32.65,405000,13269530,1.31,147
107/11/09,32.23,32.32,32.10,32.26,351000,11298790,-0.39,65
107/11/12,31.30,31.75,31.25,31.68,376000,11823820,-0.58,58
107/11/13,29.30,29.89,29.20,29.86,639000,18834400,-1.82,295
107/11/14,29.85,29.88,29.53,29.57,321000,9519020,-0.29,55
107/11/15,29.14,29.14,28.79,29.02,314000,9095470,-0.55,120
107/11/16,29.73,29.87,29.62,29.67,347000,10314370,0.65,98
107/11/19,29.70,29.87,29.70,29.83,246000,7328550,0.16,157
107/11/20,27.89,27.97,27.76,27.85,624000,17378240,-1.98,221
107/11/21,26.97,27.20,26.90,27.19,937000,25366950,-0.66,223
107/11/22,27.34,27.38,27.11,27.23,270000,7343910,0.04,68
107/11/23,27.01,27.03,26.93,26.94,285000,7683380,-0.29,68
107/11/26,27.04,27.28,27.04,27.24,321000,8721090,0.30,63
107/11/27,27.60,27.92,27.57,27.92,532000,14739240,0.68,166
107/11/28,28.37,28.51,28.31,28.49,540000,15353000,0.57,117
107/11/29,29.94,29.95,29.79,29.80,737000,22022000,1.31,193
107/11/30,29.80,29.93,29.77,29.89,449000,13412190,0.09,77
107/12/03,31.30,31.70,31.30,31.65,733000,23101710,1.76,199
107/12/04,31.08,31.08,30.59,30.60,735000,22684240,-1.05,94
107/12/05,29.14,29.30,29.07,29.22,905000,26424590,-1.38,154
107/12/06,28.43,28.43,27.89,28.05,755000,21208590,-1.17,161
107/12/07,29.19,29.29,29.00,29.11,300000,8740850,1.06,105
107/12/10,27.06,27.18,26.94,27.05,649000,17561940,-2.06,257
107/12/11,27.86,27.99,27.68,27.87,531000,14763380,0.82,124
107/12/12,28.35,28.62,28.27,28.62,427000,12175710,0.75,166
107/12/13,28.80,28.96,28.74,28.94,256000,7393240,0.32,70
107/12/14,28.29,28.32,27.87,28.01,511000,14293090,-0.93,227
107/12/17,27.33,27.53,27.33,27.52,489000,13414750,-0.49,103
107/12/18,26.32,26.45,26.12,26.17,1034000,27194610,-1.35,366
107/12/19,26.18,26.38,26.18,26.38,423000,11130870,0.21,116
107/12/20,25.23,25.35,24.60,24.70,1047000,26188860,-1.68,427
107/12/21,24.69,24.82,24.59,24.68,935000,23094640,-0.02,206
107/12/22,23.25,23.65,23.12,23.65,673000,15675250,-1.03,232
107/12/23,36.25,36.52,36.25,36.52,1585000,57624130,0.50,423
107/12/24,22.87,23.26,22.82,23.26,1752000,40368260,-0.39,311
107/12/25,22.30,22.30,21.59,22.09,1236000,27053080,-1.17,485
107/12/26,21.85,22.04,21.71,21.80,1343000,29332510,-0.29,414
107/12/27,23.92,24.42,23.92,24.40,3074000,74009160,2.60,618
107/12/28,24.46,24.80,24.39,24.68,1527000,37514040,0.28,273
108/01/02,24.98,25.05,24.18,24.28,1143000,28157180,-0.40,207
108/01/03,23.92,24.13,23.86,23.91,572000,13712150,-0.37,119
108/01/04,23.39,23.83,23.38,23.83,504000,11930760,-0.08,130
108/01/07,25.78,25.91,25.68,25.72,1324000,34144720,1.89,300
108/01/08,26.14,26.30,26.08,26.15,1014000,26536040,0.43,216
108/01/09,26.56,26.85,26.53,26.78,1610000,43032850,0.63,202
108/01/10,26.62,26.65,26.41,26.55,1028000,27279580,-0.23,111
108/01/11,26.95,27.05,26.84,26.94,277000,7459420,0.39,91
108/01/14,26.62,26.68,26.33,26.42,1325000,34967360,-0.52,109
108/01/15,26.49,26.76,26.49,26.76,389000,10372420,0.34,67
108/01/16,27.44,27.61,27.37,27.59,482000,13267510,0.83,117
108/01/17,27.33,27.39,27.19,27.22,120000,3276510,-0.37,49
108/01/18,27.89,28.00,27.89,27.91,502000,14027450,0.69,121
108/01/21,28.23,28.33,28.09,28.15,346000,9767330,0.24,100
108/01/22,28.01,28.13,27.83,27.90,116000,3241490,-0.25,41
108/01/23,27.25,27.50,27.21,27.42,541000,14788260,-0.48,110
108/01/24,27.38,27.55,27.30,27.43,183000,5020040,0.01,55
108/01/25,27.60,27.96,27.49,27.95,536000,14957940,0.52,68
108/01/28,28.18,28.20,28.07,28.11,228000,6419000,0.16,50
108/01/29,27.24,27.40,27.22,27.40,264000,7209150,-0.71,68
108/01/30,27.41,27.50,27.27,27.41,217000,5948500,0.01,45
108/02/11,29.24,29.25,29.13,29.14,912000,26603690,1.73,191
108/02/12,29.36,29.68,29.35,29.62,653000,19270620,0.48,138
108/02/13,30.32,30.45,30.32,30.44,406000,12342560,0.82,123
108/02/14,30.03,30.30,30.03,30.24,365000,10991800,-0.20,58
108/02/15,30.11,30.14,29.88,29.88,237000,7094160,-0.36,56
108/02/18,30.49,30.69,30.49,30.64,257000,7866790,0.76,62
108/02/19,30.65,30.78,30.61,30.61,28000,859170,-0.03,18
108/02/20,30.64,30.72,30.54,30.54,40000,1227070,-0.07,14
108/02/21,30.59,30.96,30.55,30.90,360000,11114150,0.36,72
108/02/22,30.30,30.33,30.20,30.26,173000,5232720,-0.64,50
108/02/25,30.98,31.05,30.93,30.97,137000,4248350,0.71,51
108/02/26,31.09,31.17,30.87,30.91,657000,20334830,-0.06,58
108/02/27,31.08,31.30,31.07,31.30,163000,5078000,0.39,42
108/03/04,32.01,32.03,31.88,31.99,114000,3641180,0.69,47
108/03/05,31.47,31.50,31.31,31.44,444000,13953870,-0.55,49
108/03/06,31.49,31.50,31.44,31.50,27000,849460,0.06,15
108/03/07,31.05,31.15,31.04,31.05,194000,6033540,-0.45,41
108/03/08,30.33,30.45,30.24,30.29,359000,10887400,-0.76,203
108/03/11,30.16,30.53,30.16,30.48,68000,2071190,0.19,33
108/03/12,31.83,31.95,31.83,31.88,407000,12985290,1.40,162
108/03/13,31.91,31.93,31.79,31.88,188000,5987310,0.00,40
108/03/14,32.36,32.50,32.36,32.45,285000,9250100,0.57,65
108/03/15,32.38,32.60,32.38,32.53,220000,7154870,0.08,118
108/03/18,32.85,33.05,32.85,33.05,580000,19105160,0.52,92
108/03/19,33.15,33.25,33.09,33.16,664000,22011630,0.11,84
108/03/20,33.11,33.16,33.00,33.09,230000,7603750,-0.07,36
108/03/21,33.72,33.75,33.61,33.63,581000,19544830,0.54,63
108/03/22,34.67,34.68,34.44,34.60,521000,18000610,0.97,154
108/03/25,32.61,32.68,32.41,32.68,691000,22464240,-1.92,168
108/03/26,33.19,33.26,33.09,33.14,217000,7194730,0.46,155
108/03/27,33.14,33.30,33.10,33.27,203000,6746860,0.13,61
108/03/28,32.53,32.72,32.42,32.64,143000,4653050,-0.63,81
108/03/29,33.09,33.24,33.00,33.21,294000,9754050,0.57,97
108/04/01,34.00,34.25,34.00,34.15,417000,14240870,0.94,176
108/04/02,34.38,34.38,34.20,34.28,341000,11697990,0.13,140
108/04/03,34.77,34.95,34.71,34.91,263000,9166030,0.63,79
108/04/08,35.25,35.29,35.08,35.08,321000,11286510,0.17,61
108/04/09,35.40,35.40,35.31,35.38,188000,6650330,0.30,49
108/04/10,35.14,35.20,35.01,35.20,432000,15170570,-0.18,54
108/04/11,35.64,35.75,35.50,35.56,278000,9897080,0.36,81
108/04/12,35.37,35.44,35.37,35.40,212000,7503250,-0.16,35
108/04/15,35.61,35.70,35.60,35.62,266000,9478800,0.22,47
108/04/16,35.71,35.91,35.66,35.91,218000,7802720,0.29,44
108/04/17,35.99,36.17,35.93,36.11,238000,8589230,0.20,53
108/04/18,36.03,36.05,35.82,35.82,197000,7073670,-0.29,39
108/04/19,36.18,36.18,36.12,36.12,47000,1697850,0.30,18
108/04/22,36.32,36.32,36.09,36.11,269000,9718380,-0.01,29
108/04/23,36.42,36.55,36.37,36.55,237000,8642230,0.44,63
108/04/24,37.37,37.40,37.20,37.22,360000,13411710,0.67,74
108/04/25,37.62,37.76,37.62,37.76,262000,9875870,0.54,71
108/04/26,37.02,37.08,36.91,37.08,343000,12698520,-0.68,122
108/04/29,37.44,37.53,37.44,37.53,179000,6708560,0.45,35
108/04/30,37.28,37.28,37.02,37.09,345000,12810230,-0.44,45
108/05/02,37.09,37.15,37.00,37.10,197000,7313360,0.01,25
108/05/03,36.74,37.00,36.41,36.97,410000,15052810,-0.13,50
108/05/06,35.44,35.91,35.31,35.86,1010000,35936920,-1.11,488
108/05/07,36.29,36.44,36.25,36.29,390000,14171030,0.43,172
108/05/08,35.50,35.80,35.50,35.67,332000,11843480,-0.62,146
108/05/09,35.17,35.24,34.85,34.98,548000,19177270,-0.69,272
108/05/10,35.18,35.43,34.37,34.65,1035000,36083240,-0.33,256
108/05/13,34.25,34.32,34.20,34.24,220000,7534430,-0.41,73
108/05/14,32.77,32.93,32.43,32.84,1005000,32958040,-1.40,360
108/05/15,33.23,33.43,33.17,33.43,469000,15617330,0.59,194
108/05/16,33.91,34.05,33.78,33.87,448000,15192860,0.44,138
108/05/17,34.85,34.99,34.46,34.50,411000,14262530,0.63,118
108/05/20,34.34,34.48,34.25,34.28,210000,7212720,-0.22,48
108/05/21,33.32,33.50,33.28,33.38,482000,16091000,-0.90,239
108/05/22,33.55,33.70,33.52,33.52,471000,15812570,0.14,144
108/05/23,33.10,33.10,32.87,32.89,368000,12118160,-0.63,180
108/05/24,32.42,32.56,32.42,32.55,504000,16381890,-0.34,171
108/05/27,32.28,32.28,32.10,32.15,393000,12640530,-0.40,120
108/05/28,32.42,32.59,32.39,32.59,232000,7546490,0.44,64
108/05/29,31.73,31.83,31.67,31.82,349000,11071000,-0.77,155
108/05/30,31.36,31.57,31.35,31.52,530000,16681270,-0.30,316
108/05/31,31.11,31.34,31.08,31.23,804000,25094320,-0.29,304
108/06/03,30.31,30.35,30.14,30.21,623000,18841280,-1.02,267
108/06/04,29.52,29.55,29.40,29.48,764000,22528110,-0.73,287
108/06/05,31.10,31.36,31.10,31.29,1446000,45222500,1.81,437
108/06/06,31.35,31.53,31.34,31.44,826000,25964600,0.15,467
108/06/10,33.20,33.34,33.12,33.33,606000,20143770,1.89,303
108/06/11,33.88,34.11,33.88,34.08,501000,17061020,0.75,161
108/06/12,33.81,33.85,33.65,33.67,563000,18980010,-0.41,199
108/06/13,33.62,33.62,33.02,33.16,697000,23168640,-0.51,318
108/06/14,33.60,33.82,33.60,33.78,244000,8231350,0.62,55
108/06/17,33.62,33.80,33.62,33.79,203000,6848530,0.01,44
108/06/18,33.99,34.07,33.88,33.95,260000,8838620,0.16,47
108/06/19,35.08,35.14,35.02,35.14,878000,30807500,1.19,334
108/06/20,35.61,35.73,35.49,35.65,832000,29623030,0.51,344
108/06/21,35.60,35.60,35.28,35.31,507000,17959650,-0.34,190
108/06/24,35.69,35.87,35.58,35.80,1291000,46104260,0.49,355
108/06/25,35.80,35.84,35.25,35.29,582000,20641640,-0.51,99
108/06/26,34.48,34.58,34.38,34.38,551000,19005050,-0.91,152
108/06/27,34.73,34.94,34.72,34.89,285000,9938580,0.51,149
108/06/28,35.11,35.11,34.88,34.88,204000,7124650,-0.01,33
108/07/01,35.82,36.18,35.82,36.18,1079000,38855250,1.30,358
108/07/02,35.99,36.10,35.96,36.08,268000,9668320,-0.10,72
108/07/03,36.43,36.44,36.34,36.37,344000,12516410,0.29,92
108/07/04,36.87,36.90,36.80,36.90,232000,8554150,0.53,65
108/07/05,37.04,37.04,36.93,37.02,229000,8470860,0.12,62
108/07/08,36.46,36.49,36.24,36.24,369000,13407280,-0.78,59
108/07/09,35.95,36.00,35.58,35.70,300000,10710930,-0.54,64
108/07/10,36.66,36.66,36.45,36.52,297000,10850190,0.82,64
108/07/11,37.32,37.50,37.23,37.50,422000,15765230,0.98,162
108/07/12,37.29,37.33,37.21,37.28,187000,6966290,-0.22,33
108/07/15,37.39,37.53,37.27,37.45,652000,24399510,0.17,250
108/07/16,37.78,37.79,37.68,37.79,469000,17708160,0.34,139
108/07/17,37.22,37.34,37.16,37.30,464000,17284570,-0.49,127
108/07/18,36.42,36.50,36.32,36.32,808000,29423970,-0.98,284
108/07/19,37.44,37.55,37.40,37.52,312000,11700710,1.20,82
108/07/22,36.37,36.41,36.25,36.41,208000,7558640,-1.11,59
108/07/23,37.17,37.26,37.12,37.12,270000,10038730,0.71,46
108/07/24,37.33,37.52,37.33,37.40,199000,7459260,0.28,43
108/07/25,37.94,38.08,37.91,38.08,284000,10787760,0.68,72
108/07/26,37.79,38.00,37.79,37.96,253000,9595930,-0.12,35
108/07/29,37.94,37.95,37.85,37.92,179000,6787040,-0.04,38
108/07/30,37.95,38.04,37.92,37.95,234000,8887070,0.03,44
108/07/31,37.71,37.82,37.64,37.78,192000,7254360,-0.17,23
108/08/01,36.44,36.73,36.40,36.64,485000,17751900,-1.14,152
108/08/02,35.78,35.89,35.68,35.83,981000,35118500,-0.81,183
108/08/05,34.99,35.12,34.00,34.15,1727000,59482920,-1.68,437
108/08/06,31.34,32.84,31.31,32.68,2901000,92637780,-1.47,900
108/08/07,33.20,33.31,32.79,33.00,957000,31706920,0.32,247
108/08/08,33.54,34.23,33.47,34.23,556000,18829440,1.23,220
108/08/12,34.65,34.93,34.60,34.89,503000,17476630,0.66,178
108/08/13,33.98,34.00,33.83,33.96,333000,11303200,-0.93,114
108/08/14,35.32,35.46,35.14,35.35,364000,12856180,1.39,156
108/08/15,33.05,33.41,33.05,33.36,1492000,49599660,-1.99,543
108/08/16,33.41,33.59,33.40,33.58,1297000,43468010,0.22,257
108/08/19,34.45,34.63,34.37,34.63,478000,16473100,1.05,214
108/08/20,34.95,35.20,34.87,35.15,422000,14776720,0.52,168
108/08/21,34.62,34.92,34.62,34.92,269000,9356060,-0.23,86
108/08/22,35.39,35.42,35.10,35.13,480000,16937240,0.21,150
108/08/23,35.12,35.28,35.08,35.28,288000,10130630,0.15,73
108/08/26,32.31,32.83,32.29,32.50,1798000,58495050,-2.78,607
108/08/27,33.73,33.86,33.68,33.68,986000,33288710,1.18,368
108/08/28,33.68,33.80,33.68,33.80,325000,10968080,0.12,121
108/08/29,33.70,33.80,33.49,33.80,260000,8739010,0.00,107
108/08/30,34.80,34.96,34.72,34.89,660000,23003640,1.09,253
108/09/02,34.13,34.30,34.05,34.24,322000,11003280,-0.65,188
108/09/03,34.15,34.39,34.10,34.10,234000,8004020,-0.14,75
108/09/04,34.10,34.63,34.10,34.62,403000,13892820,0.52,97
108/09/05,35.11,35.84,35.01,35.77,959000,34079660,1.15,192
108/09/06,36.10,36.35,36.03,36.05,363000,13123180,0.28,135
108/09/09,36.20,36.27,36.10,36.20,216000,7816130,0.15,61
108/09/10,35.96,36.00,35.56,35.58,419000,14977540,-0.62,113
108/09/11,35.45,35.87,35.36,35.84,278000,9876100,0.26,70
108/09/12,36.48,36.80,36.48,36.69,584000,21427520,0.85,234
108/09/16,35.33,35.70,35.31,35.70,512000,18151690,-0.99,228
108/09/17,36.04,36.04,35.68,35.68,213000,7639740,-0.02,112
108/09/18,36.17,36.20,36.09,36.16,285000,10299960,0.48,97
108/09/19,36.21,36.21,35.87,35.87,261000,9399330,-0.29,61
108/09/20,36.36,36.45,36.34,36.38,379000,13795670,0.51,91
108/09/23,35.93,36.02,35.83,35.90,230000,8259450,-0.48,101
108/09/24,35.99,36.05,35.92,36.05,204000,7335300,0.15,41
108/09/25,34.70,34.87,34.69,34.81,1116000,38816280,-1.24,258
108/09/26,35.32,35.38,35.07,35.07,307000,10828980,0.26,115
108/09/27,34.97,34.98,34.84,34.97,317000,11065140,-0.10,123
108/10/01,35.18,35.40,35.17,35.37,487000,17214750,0.40,113
108/10/02,34.58,34.60,34.42,34.55,647000,22317950,-0.82,328
108/10/03,33.08,33.33,33.07,33.30,1220000,40526910,-1.25,534
108/10/04,33.96,34.25,33.90,34.21,387000,13159640,0.91,159
108/10/07,34.63,34.82,34.61,34.82,710000,24655670,0.61,165
108/10/08,35.03,35.16,34.95,35.03,324000,11356290,0.21,107
108/10/09,33.89,33.97,33.77,33.80,658000,22281590,-1.23,271
108/10/14,35.94,35.94,35.64,35.68,1247000,44631410,1.88,337
108/10/15,35.75,35.79,35.70,35.76,384000,13733360,0.08,82
108/10/16,36.34,36.38,36.26,36.26,465000,16885850,0.50,160
108/10/17,36.32,36.40,36.30,36.31,670000,24349130,0.05,219
108/10/18,36.29,36.40,36.20,36.20,876000,31736140,-0.11,104
108/10/21,36.00,36.01,35.93,35.98,279000,10037320,-0.22,80
108/10/22,36.53,36.61,36.50,36.54,215000,7857650,0.56,95
108/10/23,35.38,35.55,35.33,35.55,328000,11615710,-0.99,163
108/10/24,36.13,36.16,36.08,36.10,380000,13724130,0.55,122
108/10/25,36.23,36.30,36.19,36.24,263000,9534880,0.14,70
108/10/28,37.36,37.42,37.32,37.32,233000,8707060,1.08,117
108/10/29,37.88,37.90,37.80,37.80,418000,15819580,0.48,126
108/10/30,37.36,37.40,37.26,37.35,107000,3993850,-0.45,52
108/10/31,37.88,37.88,37.74,37.86,161000,6091760,0.51,75
108/11/01,37.67,37.93,37.67,37.93,298000,11276040,0.07,137
108/11/04,38.42,38.63,38.41,38.63,331000,12768580,0.70,115
108/11/05,38.93,39.08,38.90,39.06,205000,7997170,0.43,93
108/11/06,38.73,38.85,38.70,38.85,242000,9380930,-0.21,56
108/11/07,38.69,38.72,38.56,38.62,260000,10039920,-0.23,44
108/11/08,38.80,38.86,38.64,38.70,244000,9447290,0.08,37
108/11/11,39.03,39.04,38.89,38.92,474000,18452650,0.22,121
108/11/12,39.06,39.14,38.95,39.14,58000,2264100,0.22,37
108/11/13,39.14,39.23,39.05,39.10,305000,11940160,-0.04,100
108/11/14,39.21,39.45,39.10,39.25,250000,9809330,0.15,85
108/11/15,39.53,39.62,39.49,39.58,270000,10680110,0.33,44
108/11/18,39.74,39.77,39.69,39.77,187000,7432830,0.19,22
108/11/19,39.77,40.10,39.77,40.08,259000,10373730,0.31,96
108/11/20,39.83,39.84,39.62,39.76,172000,6836110,-0.32,28
108/11/21,39.15,39.34,39.04,39.32,209000,8198770,-0.44,47
108/11/22,39.51,39.54,39.47,39.52,207000,8177180,0.20,25
108/11/25,39.77,39.77,39.67,39.67,55000,2184520,0.15,24
108/11/26,40.48,40.67,40.43,40.52,439000,17803120,0.85,70
108/11/27,40.67,40.81,40.67,40.77,209000,8516370,0.25,38
108/11/28,40.88,40.92,40.80,40.90,235000,9608660,0.13,45
108/11/29,41.00,41.02,40.81,40.83,185000,7557720,-0.07,25
108/12/02,41.01,41.13,41.00,41.09,111000,4560390,0.26,28
108/12/03,39.82,39.96,39.75,39.96,251000,10002840,-1.13,77
108/12/04,39.19,39.27,39.10,39.25,346000,13567580,-0.71,117
108/12/05,39.65,39.68,39.51,39.60,247000,9780620,0.35,71
108/12/06,39.81,39.89,39.78,39.85,248000,9879080,0.25,66
108/12/09,40.48,40.48,40.39,40.43,211000,8533990,0.58,48
108/12/10,40.15,40.27,40.12,40.27,169000,6796030,-0.16,18
108/12/11,40.05,40.20,40.03,40.19,171000,6868980,-0.08,20
108/12/12,40.56,40.68,40.56,40.66,205000,8331190,0.47,34
108/12/13,41.50,41.55,41.45,41.48,309000,12825710,0.82,76
108/12/16,41.50,41.62,41.48,41.61,274000,11390170,0.13,74
108/12/17,42.04,42.25,42.04,42.25,259000,10915160,0.64,63
108/12/18,42.10,42.13,42.05,42.05,183000,7704500,-0.20,50
108/12/19,42.26,42.28,42.12,42.12,258000,10875130,0.07,37
108/12/20,42.74,42.79,42.69,42.77,231000,9878690,0.65,47
108/12/23,43.16,43.25,43.16,43.20,196000,8467650,0.43,45
108/12/24,43.26,43.26,43.20,43.20,316000,13655570,0.00,26
108/12/25,43.20,43.25,43.15,43.23,136000,5875800,0.03,52
108/12/26,43.33,43.35,43.28,43.30,245000,10610180,0.07,29
108/12/27,44.03,44.18,44.03,44.16,106000,4678980,0.86,63
108/12/30,43.86,44.01,43.82,43.98,80000,3515870,-0.18,31
108/12/31,43.37,43.46,43.33,43.43,206000,8944370,-0.55,46
109/01/02,43.66,43.81,43.58,43.78,316000,13824770,0.35,49
109/01/03,44.99,45.02,44.07,44.14,500000,22270730,0.36,123
109/01/06,43.67,43.92,43.59,43.74,311000,13606240,-0.40,66
109/01/07,44.59,44.80,44.57,44.73,244000,10907710,0.99,66
109/01/08,43.00,44.25,42.97,44.03,393000,17114960,-0.70,94
109/01/09,45.45,45.61,45.30,45.61,397000,18051740,1.58,127
109/01/10,46.34,46.44,46.25,46.43,131000,6070190,0.82,80
109/01/13,45.98,46.26,45.95,46.26,312000,14397740,-0.17,62
109/01/14,47.18,47.20,46.84,46.99,367000,17251140,0.73,93
109/01/15,46.36,46.61,46.36,46.42,210000,9758270,-0.57,69
109/01/16,46.70,46.85,46.70,46.84,375000,17546410,0.42,77
109/01/17,47.50,47.55,47.35,47.35,269000,12770080,0.51,64
109/01/20,47.82,47.89,47.82,47.86,120000,5741200,0.51,65
109/01/30,47.04,47.06,46.34,46.39,588000,27508820,-1.47,92
109/01/31,48.24,48.46,48.15,48.46,278000,13444720,2.07,123
109/02/03,46.46,47.00,46.27,46.98,364000,16979440,-1.48,168
109/02/04,47.25,47.91,47.15,47.86,308000,14678430,0.88,78
109/02/05,49.39,49.64,49.34,49.49,373000,18461210,1.63,146
109/02/06,50.00,50.75,50.00,50.75,395000,19900250,1.26,125
109/02/07,50.60,50.65,50.40,50.45,130000,6570700,-0.30,61
109/02/10,49.81,50.60,49.76,50.35,433000,21754660,-0.10,87
109/02/11,51.70,52.10,51.70,52.10,479000,24867550,1.75,130
109/02/12,51.65,52.00,51.60,52.00,253000,13104000,-0.10,118
109/02/13,52.20,52.20,51.95,51.95,553000,28818500,-0.05,127
109/02/14,52.35,52.85,52.35,52.75,522000,27463450,0.80,162
109/02/17,52.80,53.20,52.80,53.20,939000,49773250,0.45,110
109/02/18,52.15,52.30,51.95,51.95,467000,24310450,-1.25,119
109/02/19,52.95,53.15,52.75,53.00,250000,13247950,1.05,101
109/02/20,54.00,54.05,53.15,53.45,772000,41428300,0.45,133
109/02/21,52.30,52.40,51.95,51.95,532000,27745750,-1.50,201
109/02/24,49.05,49.19,48.62,48.97,1007000,49342230,-2.98,444
109/02/25,47.69,48.23,47.64,48.23,1877000,89991380,-0.74,648
109/02/26,45.61,46.48,44.78,46.48,2615000,119506680,-1.75,1083
109/02/27,44.77,44.77,42.85,43.19,4471000,196041780,-3.29,1617
109/03/02,40.26,41.59,39.68,41.20,7846100,319065920,-1.99,1933
109/03/03,44.00,44.25,43.15,43.21,3756150,164217110,2.01,1010
109/03/04,42.18,42.66,41.84,42.59,2233150,94454565,-0.62,741
109/03/05,43.85,44.13,43.60,43.90,2877000,126066970,1.31,693
109/03/06,42.42,42.42,40.80,40.80,3473150,144171490,-3.10,1211
109/03/09,37.00,37.24,36.26,36.32,4130250,151291580,-4.48,1398
109/03/10,36.88,38.25,36.75,38.15,7056350,264252088,1.83,1175
109/03/11,37.30,37.71,36.38,36.64,1750000,64877050,-1.51,645
109/03/12,35.47,35.60,31.65,32.58,7123060,235193621,-4.06,1631
109/03/13,27.60,30.80,26.12,30.01,10361000,290168830,-2.57,2377
109/03/16,29.80,30.35,27.80,28.61,3618060,105747717,-1.40,1268
109/03/17,27.70,29.80,27.70,28.76,3621000,104506880,0.15,1223
109/03/18,27.70,28.39,26.60,26.60,4569000,125750710,-2.16,1446
109/03/19,27.80,28.60,25.43,26.12,7379040,198387590,-0.48,1673
109/03/20,28.12,29.20,27.86,28.97,6576050,187799620,2.85,1416
109/03/23,24.30,24.80,23.52,23.86,6401510,154397260,-5.11,2278
109/03/24,26.68,28.11,26.66,27.78,7590311,209120265,3.92,2140
109/03/25,29.76,30.04,28.99,29.60,9240500,273128520,1.82,2494
109/03/26,29.69,29.70,28.75,29.41,5575050,163101475,-0.19,1681
109/03/27,31.78,32.09,31.20,31.20,8739851,276960690,1.79,1904
109/03/30,29.50,30.79,29.28,30.74,6828000,203843890,-0.46,1383
109/03/31,32.68,33.19,32.25,32.57,4798000,157358770,1.83,1324
109/04/01,31.61,31.67,30.98,30.99,6690000,209726050,-1.58,1406
109/04/06,31.95,32.15,31.70,32.02,4216000,134861240,1.03,1073
109/04/07,33.85,34.00,33.25,33.73,4755000,160315570,1.71,1148
109/04/08,33.34,34.65,33.30,34.60,3866000,131242560,0.87,1047
109/04/09,35.35,35.46,34.76,35.08,3366000,118303600,0.48,777
109/04/10,35.20,35.25,34.80,35.00,977000,34131360,-0.08,392
109/04/13,34.32,34.82,34.32,34.55,1734000,59944810,-0.45,375
109/04/14,36.37,37.77,36.37,37.71,3923063,145509451,3.16,1034
109/04/15,39.20,39.46,39.00,39.20,3097015,121464855,1.49,788
109/04/16,37.95,38.67,37.95,38.67,1607015,61490066,-0.53,594
109/04/17,41.42,41.91,41.36,41.91,2863000,119224220,3.24,939
109/04/20,40.81,40.81,40.15,40.53,2093001,84856799,-1.38,746
109/04/21,39.90,40.18,38.76,39.27,2917001,115047118,-1.26,875
109/04/22,37.32,37.60,37.18,37.54,3268000,122243210,-1.73,879
109/04/23,38.84,39.10,38.51,39.00,2601001,101196418,1.46,633
109/04/24,38.12,38.27,37.81,38.07,1468000,55888200,-0.93,567
109/04/27,40.20,41.25,40.15,41.20,2851000,115955550,3.13,854
109/04/28,40.83,40.83,40.22,40.65,1547000,62686110,-0.55,566
109/04/29,40.29,40.96,40.29,40.82,1833000,74615640,0.17,543
109/04/30,42.81,43.45,42.70,43.18,4050000,173854080,2.36,911
109/05/04,38.50,39.10,38.10,38.95,3825060,147811915,-4.23,1231
109/05/05,40.48,40.84,40.47,40.72,2085000,84700900,1.77,702
109/05/06,41.01,41.71,40.86,41.71,1848000,76041160,0.99,582
109/05/07,41.87,42.30,41.74,42.19,1400000,58825060,0.48,367
109/05/08,43.63,44.10,43.62,44.00,1660000,72734960,1.81,487
109/05/11,44.52,44.67,44.32,44.39,1776000,79110990,0.39,415
109/05/12,44.22,44.68,44.04,44.68,1896000,83919850,0.29,468
109/05/13,42.39,43.05,42.24,43.01,2966000,126434150,-1.67,870
109/05/14,41.92,42.15,41.50,41.88,2549000,106744450,-1.13,847
109/05/15,42.83,43.01,42.38,42.82,2385000,101906260,0.94,606
109/05/18,43.39,43.88,43.37,43.63,1262000,55056520,0.81,419
109/05/19,45.03,45.15,44.67,45.03,3241000,145690470,1.40,688
109/05/20,45.00,45.35,44.95,45.29,855175,38618846,0.26,255
109/05/21,46.37,46.40,45.96,46.15,1257174,58067021,0.86,441
109/05/22,45.64,45.67,44.40,44.40,2228000,100506420,-1.75,624
