106/04/13,40.11,40.25,40.10,40.18,1484000,59601430,-0.06,727
106/04/14,40.03,40.04,40.00,40.00,29000,1160550,-0.18,17
106/04/17,39.82,40.20,39.82,40.17,1269000,50914250,+0.17,81
106/04/18,40.05,40.14,40.05,40.09,1921000,76999820,-0.08,53
106/04/19,40.58,40.59,40.51,40.52,2039000,82654310,+0.43,192
106/04/20,40.40,40.45,40.36,40.44,1758000,71058490,-0.08,60
106/04/21,40.25,40.25,40.16,40.19,1997000,80268050,-0.25,44
106/04/24,39.67,39.74,39.67,39.69,2064000,81938810,-0.50,29
106/04/25,39.86,39.86,39.82,39.82,2138000,85183070,+0.13,38
106/04/26,39.13,39.20,39.04,39.10,1934000,75612620,-0.72,45
106/04/27,39.36,39.43,39.36,39.41,2306000,90820390,+0.31,38
106/04/28,39.50,39.59,39.47,39.56,4742000,187455250,+0.15,71
106/05/02,39.07,39.17,39.05,39.14,6637000,259651810,-0.42,75
106/05/03,39.22,39.24,39.18,39.23,9254000,362938720,+0.09,83
106/05/04,39.22,39.37,39.22,39.37,3881000,152511100,+0.14,56
106/05/05,39.20,39.36,39.20,39.36,4511000,177006780,-0.01,59
106/05/08,39.20,39.27,39.20,39.26,3094000,121398900,-0.10,33
106/05/09,39.15,39.15,39.04,39.13,3824000,149499610,-0.13,65
106/05/10,39.16,39.27,39.16,39.26,4748000,186355260,+0.13,39
106/05/11,39.14,39.20,39.08,39.12,4553000,178173450,-0.14,43
106/05/12,39.11,39.21,39.06,39.17,6381000,249862260,+0.05,65
106/05/15,39.28,39.31,39.28,39.31,5265000,206928760,+0.14,51
106/05/16,39.13,39.24,39.13,39.24,1624000,63647370,-0.07,15
106/05/17,39.35,39.47,39.35,39.46,9442000,372258420,+0.22,90
106/05/18,39.68,39.96,39.68,39.92,8207000,327603330,+0.46,101
106/05/19,39.90,40.15,39.90,40.05,7252000,290728620,+0.13,89
106/05/22,39.83,39.84,39.71,39.76,7378000,293464520,-0.29,63
106/05/23,39.83,39.98,39.82,39.96,4627000,184559840,+0.20,70
106/05/24,39.73,39.80,39.73,39.80,7469000,296969070,-0.16,77
106/05/25,39.79,39.81,39.77,39.78,3968000,157900680,-0.02,44
106/05/26,39.79,39.85,39.79,39.85,3385000,134774890,+0.07,34
106/05/31,39.86,40.10,39.86,40.06,2665000,106724320,+0.21,26
106/06/01,40.06,40.20,40.05,40.17,6953000,279144480,+0.11,88
106/06/02,40.15,40.23,40.15,40.22,8800000,353797370,+0.05,96
106/06/03,40.30,40.55,40.30,40.55,103000,4172300,+0.33,31
106/06/05,40.61,40.62,40.56,40.57,11689000,474583680,+0.02,85
106/06/06,40.48,40.50,40.41,40.49,6494000,262941490,-0.08,62
106/06/07,40.59,40.59,40.54,40.54,9353000,379408990,+0.05,82
106/06/08,40.50,40.50,40.37,40.38,2838000,114652860,-0.16,69
106/06/09,40.39,40.39,40.31,40.35,5145000,207633110,-0.03,94
106/06/12,40.34,40.34,40.22,40.29,6561000,264198690,-0.06,52
106/06/13,40.33,40.39,40.33,40.39,2997000,120958350,+0.10,50
106/06/14,40.35,40.52,40.35,40.52,10345000,418941440,+0.13,94
106/06/15,40.76,41.16,40.76,41.15,5292000,217715450,+0.63,114
106/06/16,41.06,41.24,41.06,41.23,4850000,199407240,+0.08,77
106/06/19,41.19,41.23,41.16,41.17,2594000,106865530,-0.06,36
106/06/20,41.20,41.23,41.19,41.22,2216000,91329770,+0.05,44
106/06/21,41.54,41.69,41.54,41.64,3337000,138913410,+0.42,55
106/06/22,41.68,41.76,41.67,41.71,2551000,106393860,+0.07,26
106/06/23,41.70,41.76,41.68,41.68,1480000,61728690,-0.03,18
106/06/26,41.68,41.68,41.51,41.54,2953000,122641590,-0.14,29
106/06/27,41.72,41.78,41.71,41.77,3172000,132430350,+0.23,63
106/06/28,41.55,41.55,41.15,41.37,2392000,99064890,-0.40,38
106/06/29,41.27,41.27,41.20,41.21,2046000,84349170,-0.16,30
106/06/30,41.04,41.04,40.81,40.82,1787000,73125920,-0.39,30
106/07/03,40.71,40.72,40.68,40.71,979000,39853570,-0.11,18
106/07/04,40.53,40.85,40.53,40.85,2199000,89634020,+0.14,28
106/07/05,40.88,40.88,40.85,40.85,601000,24555880,0.00,7
106/07/06,40.85,40.98,40.85,40.95,419000,17133490,+0.10,8
106/07/07,40.60,40.60,40.51,40.51,1968000,79791840,-0.44,25
106/07/10,40.36,40.38,40.34,40.35,1373000,55412990,-0.16,17
106/07/11,40.38,40.40,40.33,40.33,2002000,80789190,-0.02,19
106/07/12,40.40,40.40,40.31,40.33,1134000,45752420,0.00,21
106/07/13,40.67,40.67,40.50,40.54,903000,36622350,+0.21,15
106/07/14,40.35,40.35,40.14,40.27,306000,12301990,-0.27,7
106/07/17,40.21,40.24,40.20,40.24,453000,18215190,-0.03,12
106/07/18,40.30,40.46,40.30,40.39,1037000,41909110,+0.15,22
106/07/19,40.43,40.74,40.43,40.74,520000,21166190,+0.35,8
106/07/20,40.74,40.86,40.74,40.85,851000,34730710,+0.11,19
106/07/21,40.90,41.12,40.90,41.01,6437000,264114690,+0.16,75
106/07/24,41.00,41.19,41.00,41.08,360000,14813730,+0.07,19
106/07/25,41.06,41.06,40.82,40.83,182000,7432510,-0.25,20
106/07/26,40.35,40.37,40.35,40.36,257000,10372520,-0.47,18
106/07/27,40.36,40.40,40.30,40.30,294000,11866700,-0.06,13
106/07/28,40.21,40.21,40.17,40.21,115000,4623960,-0.09,8
106/07/31,40.20,40.44,40.20,40.33,116000,4686440,+0.12,8
106/08/01,40.17,40.17,40.10,40.14,733000,29407970,-0.19,25
106/08/02,40.51,40.55,40.51,40.54,400000,16215080,+0.40,16
106/08/03,40.76,40.77,40.70,40.70,272000,11081280,+0.16,10
106/08/04,41.04,41.04,40.86,40.86,718000,29415890,+0.16,33
106/08/07,40.81,40.81,40.60,40.61,150000,6090380,-0.25,16
106/08/08,40.71,40.72,40.64,40.64,342000,13905490,+0.03,17
106/08/09,40.74,40.74,40.71,40.73,301000,12256120,+0.09,14
106/08/10,40.77,40.87,40.76,40.87,136000,5545310,+0.14,13
106/08/11,41.20,41.38,41.20,41.24,360000,14873600,+0.37,217
106/08/14,41.23,41.23,41.15,41.15,73000,3008500,-0.09,9
106/08/15,40.95,40.95,40.87,40.87,29000,1187070,-0.28,6
106/08/16,40.80,40.88,40.80,40.88,207000,8454440,+0.01,9
106/08/17,41.08,41.10,41.03,41.03,123000,5051680,+0.15,11
106/08/18,41.42,41.42,41.30,41.33,242000,10000530,+0.30,19
106/08/21,41.33,41.37,41.33,41.34,111000,4587750,+0.01,15
106/08/22,41.41,41.41,41.32,41.32,339000,14022640,-0.02,122
106/08/23,41.24,41.24,41.21,41.22,380000,15666300,-0.10,137
106/08/24,41.47,41.48,41.39,41.39,949000,39295770,+0.17,14
106/08/25,41.40,41.40,41.37,41.38,113000,4676190,-0.01,8
106/08/28,41.32,41.33,41.29,41.29,26000,1074480,-0.09,5
106/08/29,41.50,41.54,41.50,41.54,115000,4776660,+0.25,11
106/08/30,41.34,41.34,41.34,41.34,32000,1322880,-0.20,9
106/08/31,41.40,41.40,41.40,41.40,91000,3767400,+0.06,6
106/09/01,41.50,41.51,41.46,41.46,51000,2115720,+0.06,9
106/09/04,41.35,41.35,41.17,41.17,154000,6343670,-0.29,6
106/09/05,41.15,41.24,41.15,41.23,107000,4411770,+0.06,6
106/09/06,41.70,41.77,41.70,41.77,17000,709250,+0.54,10
106/09/07,41.58,41.58,41.50,41.54,314000,13032920,-0.23,15
106/09/08,41.75,41.92,41.75,41.92,90000,3764500,+0.38,19
106/09/11,41.62,41.62,41.58,41.58,28000,1165110,-0.34,7
106/09/12,41.33,41.33,41.28,41.28,109000,4502770,-0.30,7
106/09/13,41.13,41.13,41.13,41.13,32000,1316160,-0.15,3
106/09/14,41.11,41.12,41.10,41.11,760000,31243220,-0.02,30
106/09/15,41.26,41.35,41.26,41.35,2759000,113915370,+0.24,39
106/09/18,41.13,41.13,41.13,41.13,1000,41130,-0.22,1
106/09/19,41.10,41.10,41.10,41.10,70000,2877000,-0.03,4
106/09/20,40.96,40.96,40.95,40.95,14000,573310,-0.15,3
106/09/21,40.95,41.01,40.95,41.01,17000,696750,+0.06,4
106/09/22,41.24,41.31,41.24,41.31,124000,5120760,+0.30,9
106/09/25,41.19,41.24,41.19,41.24,22000,907030,-0.07,3
106/09/26,41.47,41.47,41.45,41.46,216000,8957230,+0.22,5
106/09/27,41.43,41.44,41.42,41.44,31000,1284290,-0.02,7
106/09/28,40.99,40.99,40.82,40.84,26000,1063320,-0.60,6
106/09/29,40.90,40.90,40.90,40.90,10000,409000,+0.06,2
106/09/30,41.00,41.00,41.00,41.00,1000,41000,+0.10,1
106/10/02,40.85,40.85,40.85,40.85,1000,40850,-0.15,1
106/10/03,40.95,40.95,40.90,40.90,602000,24633850,+0.05,6
106/10/05,40.88,40.89,40.87,40.89,3270000,133645780,-0.01,26
106/10/06,40.79,40.79,40.77,40.77,1604000,65427100,-0.12,10
106/10/11,40.66,40.71,40.64,40.64,1804000,73386650,-0.13,12
106/10/12,40.64,40.64,40.62,40.62,1841000,74782220,-0.02,12
106/10/13,40.72,40.75,40.69,40.74,4603000,187456760,+0.12,36
106/10/16,40.90,40.94,40.90,40.94,3092000,126574800,+0.20,21
106/10/17,41.01,41.01,40.97,40.98,5348000,219140460,+0.04,36
106/10/18,41.10,41.15,41.10,41.15,1620000,66662000,+0.17,9
106/10/19,40.83,40.83,40.79,40.82,1602000,65393620,-0.33,10
106/10/20,40.92,40.92,40.71,40.71,1609000,65550860,-0.11,13
106/10/23,40.53,40.59,40.53,40.59,1601000,64984530,-0.12,9
106/10/24,40.60,40.60,40.60,40.60,1600000,64960000,+0.01,8
106/10/25,40.35,40.35,40.35,40.35,1600000,64560000,-0.25,8
106/10/26,40.25,40.25,40.24,40.25,1623000,65309700,-0.10,17
106/10/27,40.19,40.19,40.08,40.09,1610000,64529310,-0.16,17
106/10/30,40.26,40.31,40.26,40.31,1610000,64866800,+0.22,14
106/10/31,40.37,40.41,40.21,40.23,2054000,82660950,,21
106/11/01,40.12,40.20,40.12,40.17,1706000,68525170,-0.06,12
106/11/02,40.37,40.48,40.37,40.48,1610000,65172180,+0.31,16
106/11/03,40.65,40.65,40.62,40.62,1611000,65486850,+0.14,10
106/11/06,40.62,40.66,40.62,40.66,1606000,65299720,+0.04,10
106/11/07,40.81,40.81,40.75,40.75,1604000,65363240,+0.09,11
106/11/08,41.00,41.05,40.99,41.02,1645000,67477800,+0.27,17
106/11/09,41.01,41.01,40.81,40.86,1621000,66185970,-0.16,15
106/11/10,40.67,40.72,40.63,40.63,453000,18437570,-0.23,56
106/11/13,40.31,40.33,40.30,40.33,2092000,84359400,-0.30,81
106/11/14,40.22,40.27,40.22,40.27,1608000,64753780,-0.06,11
106/11/15,40.54,40.59,40.54,40.57,1618000,65674510,+0.30,14
106/11/16,40.80,40.82,40.77,40.77,6609000,270329020,+0.20,12
106/11/17,40.50,40.57,40.50,40.57,1834000,74400340,-0.20,46
106/11/20,40.81,40.90,40.81,40.90,1607000,65725870,+0.33,13
106/11/21,40.78,40.78,40.77,40.78,1612000,65721310,-0.12,14
106/11/22,40.82,40.82,40.71,40.71,2332000,94949590,-0.07,20
106/11/23,40.73,40.85,40.73,40.85,1635000,66788570,+0.14,15
106/11/24,40.78,40.78,40.78,40.78,1600000,65248000,-0.07,8
106/11/27,40.80,40.80,40.77,40.77,1612000,65721600,-0.01,10
106/11/28,40.80,40.80,40.71,40.71,1602000,65217550,-0.06,10
106/11/29,40.80,40.85,40.80,40.80,1626000,66341600,+0.09,11
106/11/30,40.36,40.39,40.34,40.39,1655000,66843850,-0.41,13
106/12/01,40.44,40.45,40.44,40.45,1602000,64784900,+0.06,10
106/12/04,40.55,40.61,40.55,40.61,1606000,65219340,+0.16,10
106/12/05,40.72,40.72,40.72,40.72,1600000,65152000,+0.11,8
106/12/06,40.84,41.08,40.84,41.05,1615000,66343030,+0.33,14
106/12/07,41.10,41.10,41.10,41.10,1600000,65760000,+0.05,8
106/12/08,40.96,40.96,40.86,40.86,1603000,65498880,-0.24,9
106/12/11,40.73,40.77,40.73,40.77,1611000,65680230,-0.09,10
106/12/12,40.79,40.83,40.79,40.83,1710000,69800900,+0.06,11
106/12/13,40.83,40.85,40.83,40.85,1697000,69320610,+0.02,14
106/12/14,41.00,41.04,41.00,41.04,1613000,66197040,+0.19,12
106/12/15,41.16,41.18,41.15,41.15,1603000,65963500,+0.11,11
106/12/18,41.20,41.31,41.20,41.31,1606000,66343560,+0.16,11
106/12/19,41.07,41.07,40.98,40.98,1603000,65691210,-0.33,9
106/12/20,40.48,40.48,40.44,40.44,1601000,64744480,-0.54,9
106/12/21,40.17,40.17,40.03,40.08,1609000,64472660,-0.36,16
106/12/22,40.05,40.25,40.05,40.25,1606000,64576900,+0.17,12
106/12/25,40.24,40.29,40.24,40.29,1601000,64504240,+0.04,9
106/12/26,40.21,40.21,40.16,40.16,1624000,65220530,-0.13,12
106/12/27,40.33,40.33,40.30,40.33,1610000,64931040,+0.17,12
106/12/28,40.66,40.66,40.66,40.66,1600000,65056000,+0.33,8
106/12/29,40.53,40.53,40.52,40.52,1601000,64872530,-0.14,9
107/01/02,40.41,40.45,40.40,40.45,1757000,71065190,-0.07,12
107/01/03,40.06,40.06,39.98,40.01,418000,16720220,-0.44,13
107/01/04,40.07,40.09,40.05,40.09,500000,20042000,+0.08,4
107/01/05,40.09,40.10,40.09,40.10,559000,22414310,+0.01,6
107/01/08,39.99,39.99,39.89,39.93,717000,28633120,-0.17,19
107/01/09,39.95,39.96,39.94,39.95,678000,27084960,+0.02,10
107/01/10,39.56,39.59,39.46,39.52,969000,38270500,-0.43,36
107/01/11,39.55,39.62,39.49,39.62,608000,24062790,+0.10,14
107/01/12,39.62,39.62,39.58,39.58,401000,15871620,-0.04,3
107/01/15,39.73,39.80,39.73,39.78,1707000,67914160,+0.20,42
107/01/16,39.80,39.80,39.79,39.79,143000,5690040,+0.01,4
107/01/17,39.89,39.90,39.75,39.75,751000,29939520,-0.04,19
107/01/18,39.75,39.75,39.71,39.75,641000,25469060,0.00,14
107/01/19,39.40,39.40,39.06,39.14,471000,18417790,-0.61,25
107/01/22,39.01,39.01,38.89,38.96,8532000,333331430,-0.18,34
107/01/23,39.10,39.10,39.06,39.10,227000,8870700,+0.14,12
107/01/24,39.10,39.12,38.98,39.12,20000,781800,+0.02,10
107/01/25,38.71,38.79,38.70,38.77,37000,1434020,,11
107/01/26,38.73,38.73,38.63,38.68,1670000,64617530,-0.09,43
107/01/29,38.63,38.63,38.35,38.37,814000,31257660,-0.31,16
107/01/30,38.31,38.31,38.13,38.24,628000,23990340,-0.13,21
107/01/31,38.22,38.22,38.18,38.18,409000,15615820,-0.06,6
107/02/01,38.21,38.28,38.18,38.27,407000,15571700,+0.09,8
107/02/02,37.79,37.87,37.79,37.85,1203000,45518830,-0.42,21
107/02/05,37.32,37.33,37.29,37.30,419000,15632790,-0.55,14
107/02/06,37.67,38.34,37.67,38.26,25625000,962624110,+0.96,16
107/02/07,37.57,37.60,37.49,37.58,418000,15700080,-0.68,13
107/02/08,37.24,37.33,37.23,37.30,27913000,1037029690,-0.28,10
107/02/09,37.21,37.22,37.19,37.19,926000,34450170,-0.11,17
107/02/12,37.12,37.12,36.78,36.79,15972000,594429570,-0.40,17
107/02/21,36.79,36.96,36.79,36.96,888000,32720630,+0.17,15
107/02/22,36.60,36.61,36.54,36.57,443000,16212260,-0.39,15
107/02/23,36.31,36.55,36.31,36.51,27418000,1004274660,-0.06,16
107/02/26,36.79,36.98,36.79,36.91,464000,17123830,+0.40,16
107/02/27,36.85,36.88,36.85,36.88,457000,16852620,-0.03,8
107/03/01,37.11,37.13,37.10,37.12,537000,19927510,+0.24,20
107/03/02,37.24,37.45,37.24,37.41,498000,18622800,+0.29,21
107/03/05,37.18,37.18,37.09,37.15,484000,17975830,-0.26,16
107/03/06,36.91,36.93,36.90,36.92,667000,24626540,-0.23,18
107/03/07,37.10,37.10,37.04,37.04,558000,20693110,+0.12,18
107/03/08,37.04,37.04,37.00,37.01,460000,17020870,-0.03,16
107/03/09,37.03,37.18,37.03,37.15,420000,15606430,+0.14,8
107/03/12,36.86,36.95,36.86,36.95,1006000,37145430,-0.20,16
107/03/13,37.14,37.14,37.12,37.14,575000,21353190,+0.19,11
107/03/14,37.44,37.44,37.44,37.44,411000,15387840,+0.30,7
107/03/15,37.54,37.69,37.54,37.67,480000,18080330,+0.23,11
107/03/16,37.53,37.60,37.53,37.60,452000,16990130,-0.07,8
107/03/19,37.34,37.38,37.34,37.35,486000,18160180,-0.25,25
107/03/20,37.30,37.30,37.26,37.27,712000,26536890,-0.08,12
107/03/21,37.13,37.13,37.08,37.11,419000,15544970,-0.16,13
107/03/22,37.15,37.22,37.09,37.21,450000,16746470,+0.10,11
107/03/23,37.57,37.63,37.57,37.60,470000,17672570,+0.39,16
107/03/26,37.44,37.44,37.36,37.36,453000,16928680,-0.24,14
107/03/27,37.29,37.33,37.29,37.31,433000,16162620,-0.05,12
107/03/28,37.67,37.69,37.62,37.69,597000,22469620,+0.38,18
107/03/29,37.77,37.82,37.77,37.80,454000,17160720,+0.11,29
107/03/30,37.95,37.95,37.95,37.95,400000,15180000,+0.15,4
107/03/31,38.00,38.01,38.00,38.01,401000,15242000,+0.06,5
107/04/02,37.80,38.00,37.80,38.00,572000,21710310,-0.01,12
107/04/03,38.11,38.13,38.10,38.13,489000,18643750,+0.13,10
107/04/09,37.80,37.80,37.75,37.75,502000,18963240,-0.38,8
107/04/10,37.89,37.89,37.79,37.80,434000,16405930,+0.05,9
107/04/11,37.82,37.89,37.82,37.88,448000,16969440,+0.08,13
107/04/12,38.09,38.09,38.05,38.07,3001000,114248020,+0.19,569
107/04/13,37.97,38.06,37.97,38.05,411000,15638200,-0.02,11
107/04/16,37.81,38.00,37.81,38.00,411000,15617050,-0.05,8
107/04/17,38.08,38.08,38.05,38.07,411000,15646820,+0.07,8
107/04/18,38.09,38.11,38.09,38.11,411000,15662990,+0.04,8
107/04/19,37.82,37.93,37.82,37.90,592000,22426350,-0.21,15
107/04/20,37.57,37.60,37.57,37.58,403000,15144770,-0.32,6
107/04/23,37.42,37.42,37.36,37.36,483000,18046260,-0.22,9
107/04/24,37.60,37.68,37.60,37.68,768000,28912770,+0.32,14
107/04/25,37.56,37.56,37.35,37.47,619000,23152820,-0.21,12
107/04/26,37.33,37.35,37.18,37.20,4016000,149519510,-0.27,68
107/04/27,37.61,37.61,37.56,37.57,14540000,545985400,+0.37,10
107/04/30,37.59,37.62,37.59,37.62,402000,15123180,+0.05,6
107/05/02,37.63,37.71,37.63,37.71,1108000,41751910,,14
107/05/03,37.66,37.66,37.62,37.62,424000,15951400,-0.09,8
107/05/04,37.64,37.66,37.64,37.66,401000,15101640,+0.04,5
107/05/07,37.73,37.76,37.71,37.76,660000,24906200,+0.10,12
107/05/08,37.87,37.87,37.84,37.84,410000,15514700,+0.08,5
107/05/09,37.79,37.88,37.79,37.88,529000,20030260,+0.04,10
107/05/10,37.80,37.87,37.80,37.83,717000,27134690,-0.05,7
107/05/11,37.85,37.87,37.85,37.87,500000,18927000,+0.04,5
107/05/14,37.91,37.91,37.90,37.90,431000,16335200,+0.03,6
107/05/15,37.84,37.84,37.74,37.74,127000,4796970,-0.16,9
107/05/16,37.46,37.46,37.41,37.41,463000,17334650,-0.33,13
107/05/17,37.26,37.28,37.26,37.28,8410000,314004600,-0.13,6
107/05/18,37.11,37.14,37.10,37.14,30929000,1150215200,-0.14,14
107/05/21,37.52,37.59,37.52,37.59,452000,16987590,+0.45,7
107/05/22,37.58,37.60,37.56,37.59,407000,15295010,0.00,9
107/05/23,37.53,37.53,37.50,37.50,506000,18982010,-0.09,8
107/05/24,37.76,37.90,37.76,37.86,518000,19627410,+0.36,9
107/05/25,37.94,37.96,37.94,37.96,561000,21293740,+0.10,9
107/05/28,38.09,38.18,38.09,38.17,602000,22979890,+0.21,15
107/05/29,38.47,38.57,38.44,38.57,642000,24709760,+0.40,17
107/05/30,39.07,39.16,39.00,39.06,870000,33953910,+0.49,71
107/05/31,38.83,38.83,38.83,38.83,47900000,1861922000,-0.23,6
107/06/01,38.68,38.68,38.61,38.62,618000,23869640,-0.21,81
107/06/04,38.40,38.40,38.33,38.34,415000,15907180,-0.28,9
107/06/05,38.17,38.17,38.11,38.12,535000,20401340,-0.22,70
107/06/06,38.13,38.14,38.08,38.08,608000,23155640,-0.04,28
107/06/07,37.68,37.82,37.68,37.82,518000,19570240,-0.26,23
107/06/08,38.10,38.18,38.10,38.18,8486000,323264510,+0.36,16
107/06/11,38.06,38.07,38.01,38.07,549000,20886780,-0.11,77
107/06/12,38.14,38.14,38.11,38.12,561000,21393300,+0.05,70
107/06/13,38.12,38.12,38.08,38.08,401000,15270120,-0.04,5
107/06/14,38.31,38.36,38.31,38.36,405000,15535600,+0.28,7
107/06/15,38.61,38.66,38.60,38.62,16417000,633785000,+0.26,15
107/06/19,38.77,39.02,38.77,39.01,670000,26119710,+0.39,21
107/06/20,39.03,39.04,38.98,38.98,505000,19707100,-0.03,10
107/06/21,38.65,38.74,38.65,38.74,401000,15534650,-0.24,5
107/06/22,39.06,39.08,39.05,39.08,411000,16061720,+0.34,9
107/06/25,39.25,39.33,39.25,39.33,402000,15810580,+0.25,6
107/06/26,39.35,39.35,39.30,39.30,746000,29345920,-0.03,12
107/06/27,39.30,39.42,39.30,39.42,438000,17256790,+0.12,11
107/06/28,39.82,39.99,39.82,39.91,11791000,469359780,+0.49,19
107/06/29,40.00,40.16,39.77,39.77,1118000,44725160,-0.14,23
107/07/02,39.62,39.72,39.62,39.71,403000,16000960,-0.06,6
107/07/03,39.78,39.92,39.78,39.89,352000,14046790,+0.18,13
107/07/04,39.96,39.98,39.90,39.95,929000,37121960,+0.06,16
107/07/05,40.04,40.04,40.00,40.00,201000,8040040,+0.05,3
107/07/06,40.06,40.10,40.04,40.06,816000,32694860,+0.06,15
107/07/09,40.05,40.10,40.01,40.02,903000,36149170,-0.04,22
107/07/10,39.90,39.90,39.65,39.74,338000,13422360,-0.28,7
107/07/11,40.08,40.08,39.99,39.99,201000,8038080,+0.25,3
107/07/12,40.04,40.16,40.04,40.15,455000,18265400,+0.16,13
107/07/13,40.11,40.11,40.08,40.08,201000,8056110,-0.07,3
107/07/16,40.20,40.20,40.18,40.20,276000,11093120,+0.12,13
107/07/17,39.98,40.08,39.95,40.04,639000,25592720,-0.16,13
107/07/18,39.94,40.02,39.94,40.01,521000,20845240,-0.03,7
107/07/19,39.92,39.92,39.92,39.92,200000,7984000,-0.09,2
107/07/20,39.94,40.29,39.94,40.23,295000,11870020,+0.31,9
107/07/23,39.76,39.76,39.74,39.76,2705000,107646800,-0.47,8
107/07/24,39.36,39.44,39.36,39.44,218000,8587300,-0.32,7
107/07/25,39.52,39.52,39.50,39.50,31202000,1232479040,+0.06,7
107/07/26,39.02,39.02,38.95,39.01,553000,21557620,,8
107/07/27,39.07,39.07,38.88,38.90,1572000,61213220,-0.11,35
107/07/30,39.04,39.04,39.04,39.04,550000,21472000,+0.14,3
107/07/31,38.97,39.11,38.95,39.11,318000,12433030,+0.07,6
107/08/01,38.98,39.03,38.98,39.03,857000,33420180,-0.08,11
107/08/02,38.91,38.91,38.79,38.87,735000,28541570,-0.16,14
107/08/03,38.87,38.95,38.87,38.95,206000,8013620,+0.08,5
107/08/06,39.02,39.02,38.97,38.97,207000,8067140,+0.02,4
107/08/07,39.02,39.06,39.02,39.06,204000,7964200,+0.09,4
107/08/08,38.89,38.89,38.85,38.87,203000,7886630,-0.19,4
107/08/09,38.87,38.87,38.87,38.87,200000,7774000,0.00,2
107/08/10,39.26,39.41,39.26,39.41,774000,30433600,+0.54,13
107/08/13,39.64,39.80,39.64,39.76,213000,8476080,+0.35,6
107/08/14,39.60,39.60,39.58,39.58,201000,7959580,-0.18,3
107/08/15,39.56,39.62,39.56,39.62,205000,8121800,+0.04,3
107/08/16,39.70,39.70,39.65,39.68,207000,8217730,+0.06,5
107/08/17,39.67,39.71,39.65,39.66,212000,8407960,-0.02,6
107/08/20,39.73,39.75,39.71,39.73,210000,8339390,+0.07,6
107/08/21,39.86,39.86,39.81,39.81,331000,13184150,+0.08,8
107/08/22,39.94,39.96,39.89,39.93,1872000,74796480,+0.12,28
107/08/23,40.05,40.10,40.05,40.10,317000,12707300,+0.17,9
107/08/24,40.12,40.15,40.09,40.09,309000,12394260,-0.01,7
107/08/27,40.09,40.12,40.09,40.12,202000,8104210,+0.03,4
107/08/28,39.92,39.92,39.89,39.89,4200000,167658000,-0.23,20
107/08/29,39.65,39.65,39.64,39.64,204000,8086600,-0.25,5
107/08/30,39.70,39.70,39.70,39.70,1517000,60224900,+0.06,21
107/08/31,39.83,39.83,39.79,39.79,205000,8162990,+0.09,5
107/09/03,39.75,39.76,39.74,39.74,204000,8107020,-0.05,5
107/09/04,39.70,39.70,39.70,39.70,200000,7940000,-0.04,2
107/09/05,39.47,39.48,39.45,39.46,324000,12783060,-0.24,9
107/09/06,39.44,39.45,39.44,39.44,352000,13884380,-0.02,6
107/09/07,39.61,39.61,39.59,39.59,37204000,1474756420,+0.15,7
107/09/10,39.36,39.36,39.28,39.31,256000,10063170,-0.28,15
107/09/11,39.40,39.47,39.40,39.46,15232000,600449280,+0.15,23
107/09/12,39.22,39.24,39.22,39.22,813000,31897880,-0.24,10
107/09/13,39.26,39.26,39.18,39.19,207000,8112340,-0.03,5
107/09/14,39.28,39.28,39.26,39.26,1112000,43666250,+0.07,11
107/09/17,39.13,39.15,39.08,39.11,705000,27565620,-0.15,21
107/09/18,39.15,39.15,39.07,39.07,601000,23526070,-0.04,13
107/09/19,38.71,38.72,38.66,38.69,376000,14549590,-0.38,16
107/09/20,38.70,38.70,38.52,38.57,13434000,515807950,-0.12,20
107/09/21,38.72,38.72,38.54,38.54,37471000,1444547110,-0.03,15
107/09/25,38.35,38.37,38.31,38.31,216000,8275310,-0.23,9
107/09/26,38.33,38.36,38.33,38.36,207000,7938460,+0.05,6
107/09/27,38.60,38.60,38.51,38.54,13533000,522096440,+0.18,26
107/09/28,38.53,38.53,38.46,38.46,205000,7884450,-0.08,7
107/10/01,38.30,38.33,38.24,38.24,228000,8721330,-0.22,16
107/10/02,38.23,38.23,38.23,38.23,200000,7646000,-0.01,2
107/10/03,38.41,38.48,38.38,38.38,270000,10367260,+0.15,10
107/10/04,37.68,37.77,37.55,37.60,7803000,294438980,-0.78,28
107/10/05,37.72,37.78,37.72,37.77,221000,8348890,+0.17,8
107/10/08,37.53,37.53,37.33,37.46,256000,9580150,-0.31,16
107/10/09,37.47,37.49,37.42,37.49,210000,7864640,+0.03,7
107/10/11,38.14,38.28,38.14,38.28,429000,16394600,+0.79,14
107/10/12,38.07,38.15,37.84,37.85,517000,19628750,-0.43,22
107/10/15,38.11,38.11,38.02,38.02,211000,8022670,+0.17,7
107/10/16,37.82,37.84,37.82,37.84,201000,7601840,-0.18,5
107/10/17,37.86,37.89,37.86,37.89,201000,7609890,+0.05,5
107/10/18,37.57,37.61,37.57,37.61,205000,7709890,,6
107/10/19,37.77,37.78,37.70,37.70,1102000,41617540,+0.09,13
107/10/22,37.65,37.65,37.48,37.48,249000,9335260,-0.22,11
107/10/23,37.53,37.65,37.53,37.65,210000,7905300,+0.17,3
107/10/24,37.69,37.72,37.66,37.66,218000,8210430,+0.01,6
107/10/25,37.93,37.93,37.93,37.93,200000,7586000,+0.27,2
107/10/26,37.93,37.99,37.93,37.99,215000,8155050,+0.06,6
107/10/29,38.05,38.05,38.03,38.03,205000,7796250,+0.04,3
107/10/30,37.85,37.87,37.82,37.83,305000,11546200,-0.20,7
107/10/31,37.63,37.63,37.59,37.59,208000,7822880,-0.24,9
107/11/01,37.39,37.41,37.37,37.41,208000,7773170,-0.18,10
107/11/02,37.30,37.30,37.27,37.30,27732000,1040868380,-0.11,15
107/11/05,36.82,36.84,36.78,36.84,1260000,46350090,-0.46,48
107/11/06,36.94,37.03,36.94,37.03,201000,7442940,+0.19,3
107/11/07,37.03,37.15,37.03,37.15,301000,11170030,+0.12,4
107/11/08,36.95,36.95,36.90,36.91,302000,11144860,-0.24,5
107/11/09,37.05,37.13,37.05,37.13,208000,7718730,+0.22,5
107/11/12,37.39,37.39,37.38,37.39,302000,11290780,+0.26,4
107/11/13,37.65,37.71,37.53,37.53,40244000,1515965150,+0.14,9
107/11/14,37.63,37.68,37.63,37.68,221000,8326230,+0.15,4
107/11/15,37.65,37.66,37.64,37.66,229000,8619830,-0.02,9
107/11/16,37.65,37.69,37.63,37.69,257000,9670990,+0.03,5
107/11/19,37.91,37.99,37.91,37.99,21227000,805045140,+0.30,11
107/11/20,37.99,38.00,37.92,37.92,25003000,948139970,-0.07,138
107/11/21,38.00,38.00,37.95,37.95,12201000,462788000,+0.03,4
107/11/22,37.99,37.99,37.99,37.99,206000,7825940,+0.04,4
107/11/23,37.99,38.01,37.99,38.01,211000,8019940,+0.02,7
107/11/26,38.06,38.06,38.04,38.05,411000,15636560,+0.04,6
107/11/27,37.97,37.99,37.97,37.99,206000,7825860,-0.06,6
107/11/28,37.98,38.03,37.97,37.97,206000,7821930,-0.02,4
107/11/29,37.75,37.89,37.75,37.81,897000,33952360,-0.16,21
107/11/30,37.81,37.87,37.81,37.87,39202000,1486131680,+0.06,5
107/12/03,37.81,37.81,37.74,37.74,204000,7699050,-0.13,5
107/12/04,38.40,38.51,38.40,38.47,237000,9117550,+0.73,4
107/12/05,38.61,38.76,38.61,38.74,204000,7906820,+0.27,5
107/12/06,39.00,39.18,38.98,39.16,687000,26830890,+0.42,20
107/12/07,39.03,39.07,39.03,39.07,208000,8126320,-0.09,6
107/12/10,39.28,39.30,39.27,39.27,388000,15238840,+0.20,10
107/12/11,39.29,39.29,39.29,39.29,201000,7897290,+0.02,3
107/12/12,39.26,39.26,39.15,39.19,373000,14613040,-0.10,13
107/12/13,39.14,39.14,39.07,39.07,212000,8287000,-0.12,8
107/12/14,39.12,39.12,39.12,39.12,26200000,1024684000,+0.05,4
107/12/17,39.20,39.20,39.15,39.18,23208000,909519280,+0.06,9
107/12/18,39.40,39.53,39.40,39.52,1076000,42517290,+0.34,42
107/12/19,39.78,39.80,39.71,39.71,542000,21565270,+0.19,54
107/12/20,40.25,40.41,40.25,40.41,38255000,1541026030,+0.70,30
107/12/21,39.88,39.89,39.81,39.81,236000,9399160,-0.60,8
107/12/22,39.80,39.80,39.64,39.70,233000,9251570,-0.11,8
107/12/24,39.93,39.93,39.86,39.86,204000,8133600,+0.16,6
107/12/25,40.27,40.27,40.23,40.23,219000,8811130,+0.37,7
107/12/26,40.15,40.25,40.15,40.25,223000,8968130,+0.02,8
107/12/27,39.82,39.85,39.82,39.85,201000,8009820,-0.40,3
107/12/28,39.74,39.74,39.66,39.69,205000,8138570,-0.16,7
108/01/02,39.88,40.08,39.88,40.07,50156000,2003746910,+0.38,12
108/01/03,40.56,40.56,40.47,40.52,60039000,2428291760,+0.45,74
108/01/04,41.05,41.05,40.88,40.91,130000,5317620,+0.39,12
108/01/07,40.35,40.40,40.35,40.40,10713000,433121910,-0.51,11
108/01/08,40.13,40.30,40.13,40.29,1425000,57372910,-0.11,38
108/01/09,40.10,40.13,40.07,40.13,37115000,1496081340,-0.16,10
108/01/10,40.13,40.18,40.09,40.09,108000,4330100,-0.04,6
108/01/11,39.85,39.86,39.85,39.86,37104000,1478595420,-0.23,8
108/01/14,40.09,40.09,40.09,40.09,100000,4009000,+0.23,2
108/01/15,39.91,39.91,39.73,39.74,121000,4811620,-0.35,22
108/01/16,39.75,39.75,39.73,39.73,101000,4014730,-0.01,3
108/01/17,39.55,39.59,39.51,39.54,124000,4902480,,8
108/01/18,39.79,39.79,39.73,39.73,25171000,994550030,+0.19,7
108/01/21,39.38,39.44,39.34,39.38,179000,7051090,-0.35,11
108/01/22,39.42,39.48,39.42,39.48,115000,4536600,+0.10,6
108/01/23,39.59,39.59,39.57,39.57,50114000,1991512100,+0.09,12
108/01/24,39.62,39.62,39.57,39.57,102000,4041140,0.00,3
108/01/25,39.76,39.76,39.74,39.74,106000,4212560,+0.17,4
108/01/28,39.65,39.65,39.51,39.56,107000,4229760,-0.18,5
108/01/29,39.62,39.62,39.58,39.58,102000,4037240,+0.02,3
108/01/30,39.62,39.69,39.62,39.69,103000,4082950,+0.11,5
108/02/11,40.02,40.26,40.02,40.26,116000,4666950,+0.57,10
108/02/12,40.19,40.19,40.05,40.05,37152000,1486468200,-0.21,13
108/02/13,39.96,39.96,39.91,39.92,617000,24595840,-0.13,11
108/02/14,39.93,39.93,39.93,39.93,101000,4032930,+0.01,3
108/02/15,40.19,40.19,40.14,40.14,105000,4217810,+0.21,6
108/02/18,40.22,40.22,40.10,40.16,132000,5296970,+0.02,9
108/02/19,40.13,40.14,40.13,40.13,108000,4335040,-0.03,4
108/02/20,40.27,40.28,40.21,40.21,112000,4505890,+0.08,9
108/02/21,40.05,40.05,40.00,40.02,105000,4200130,-0.19,5
108/02/22,39.92,39.92,39.80,39.81,109000,4339500,-0.21,10
108/02/25,39.95,40.00,39.95,39.97,471037,18835090,+0.16,12
108/02/26,39.97,39.97,39.96,39.97,108000,4316700,0.00,6
108/02/27,39.97,40.01,39.97,39.97,204000,8157800,0.00,4
108/03/04,39.26,39.26,39.20,39.20,146000,5725630,-0.77,25
108/03/05,39.41,39.59,39.41,39.58,747069,29557115,+0.38,145
108/03/06,39.64,39.71,39.64,39.68,317000,12572390,+0.10,9
108/03/07,39.82,39.82,39.78,39.82,183000,7285490,+0.14,6
108/03/08,40.15,40.19,40.07,40.14,558000,22392970,+0.32,22
108/03/11,40.15,40.24,40.14,40.15,251000,10086120,+0.01,18
108/03/12,40.11,40.11,40.01,40.03,113000,4523510,-0.12,9
108/03/13,40.32,40.39,40.31,40.35,196000,7908100,+0.32,16
108/03/14,40.35,40.35,40.20,40.23,3090000,124411750,-0.12,47
108/03/15,40.14,40.14,40.05,40.09,138000,5535090,-0.14,8
108/03/18,40.32,40.32,40.14,40.14,115000,4622010,+0.05,8
108/03/19,40.15,40.18,40.15,40.18,106000,4258960,+0.04,6
108/03/20,40.18,40.18,40.11,40.12,136000,5458940,-0.06,11
108/03/21,40.43,40.52,40.43,40.52,252068,10205625,+0.40,9
108/03/22,40.52,40.56,40.52,40.56,190000,7705650,+0.04,14
108/03/25,41.20,41.26,41.20,41.21,129000,5319700,+0.65,12
108/03/26,41.20,41.20,41.10,41.10,736000,30284660,-0.11,26
108/03/27,41.20,41.27,41.20,41.23,595000,24537930,+0.13,32
108/03/28,41.92,41.92,41.75,41.75,293000,12237990,+0.52,15
108/03/29,41.68,41.70,41.57,41.60,708000,29481080,-0.15,286
108/04/01,41.41,41.51,41.41,41.50,100146000,4131056440,-0.10,16
108/04/02,41.25,41.30,41.25,41.30,106000,4377600,-0.20,8
108/04/03,41.13,41.13,41.02,41.03,119000,4882900,-0.27,15
108/04/08,41.04,41.08,41.04,41.08,102000,4190080,+0.05,4
108/04/09,40.95,40.99,40.94,40.98,429002,17575512,-0.10,119
108/04/10,41.14,41.15,41.13,41.14,323000,13288320,+0.16,27
108/04/11,41.15,41.21,41.15,41.20,3009000,124000700,+0.06,20
108/04/12,41.05,41.05,40.93,41.00,530000,21713090,-0.20,412
108/04/15,40.63,40.68,40.63,40.67,137000,5568750,-0.33,23
108/04/16,40.70,40.73,40.70,40.73,75126000,3060630690,+0.06,15
108/04/17,40.65,40.65,40.48,40.50,1571000,63612620,-0.23,55
108/04/18,40.57,40.58,40.57,40.58,101000,4098570,+0.08,3
108/04/19,40.60,40.60,40.55,40.60,588000,23866120,,132
108/04/22,40.56,40.64,40.43,40.43,352000,14268900,-0.17,59
108/04/23,40.37,40.37,40.32,40.34,137000,5526930,-0.09,10
108/04/24,40.35,40.40,40.35,40.40,139000,5613860,+0.06,18
108/04/25,40.70,40.70,40.66,40.68,24159000,982308420,+0.28,17
108/04/26,40.68,40.68,40.62,40.65,114000,4634120,-0.03,8
108/04/29,40.70,40.80,40.70,40.77,104000,4241040,+0.12,6
108/04/30,40.64,40.68,40.64,40.68,109000,4430880,-0.09,7
108/05/02,40.90,40.90,40.90,40.90,106000,4335400,+0.22,3
108/05/03,40.78,40.78,40.78,40.78,37141000,1509429980,-0.12,9
108/05/06,41.29,41.29,41.10,41.10,159000,6551530,+0.32,13
108/05/07,41.08,41.08,41.04,41.05,109000,4473520,-0.05,7
108/05/08,41.18,41.25,41.18,41.25,123000,5072360,+0.20,8
108/05/09,41.25,41.25,41.14,41.16,118000,4856990,-0.09,8
108/05/10,41.24,41.33,41.24,41.32,503000,20758290,+0.16,19
108/05/13,41.53,41.53,41.39,41.41,120000,4969450,+0.09,12
108/05/14,41.54,41.70,41.54,41.68,120000,5000870,+0.27,11
108/05/15,41.73,41.73,41.66,41.66,711000,29635320,-0.02,16
108/05/16,41.95,41.98,41.93,41.94,26192000,1096256910,+0.28,35
108/05/17,41.81,42.13,41.80,42.13,1726000,72346320,+0.19,34
108/05/20,42.08,42.17,42.05,42.13,343000,14449270,0.00,19
108/05/21,42.24,42.24,42.16,42.20,456000,19238670,+0.07,16
108/05/22,42.30,42.35,42.28,42.35,112000,4742610,+0.15,7
108/05/23,42.62,42.67,42.56,42.56,122000,5195500,+0.21,15
108/05/24,43.00,43.00,42.94,42.97,25256000,1083499050,+0.41,18
108/05/27,43.00,43.00,42.84,42.84,202000,8662530,-0.13,23
108/05/28,43.00,43.04,43.00,43.02,162000,6971120,+0.18,9
108/05/29,43.48,43.53,43.40,43.53,217000,9435830,+0.51,13
108/05/30,43.68,43.68,43.60,43.60,235000,10256420,+0.07,18
108/05/31,44.05,44.15,44.05,44.15,125000,5513120,+0.55,16
108/06/03,44.62,44.62,44.34,44.34,49163000,2181365880,+0.19,31
108/06/04,44.50,44.51,44.38,44.42,388000,17231580,+0.08,46
108/06/05,44.00,44.01,43.92,43.98,285000,12530930,-0.44,30
108/06/06,43.75,43.81,43.73,43.77,203000,8887570,-0.21,19
108/06/10,44.09,44.15,44.06,44.07,147000,6482420,+0.30,23
108/06/11,43.89,43.89,43.79,43.80,379000,16618520,-0.27,37
108/06/12,44.00,44.10,44.00,44.08,260000,11452230,+0.28,33
108/06/13,44.18,44.20,44.06,44.18,275000,12146110,+0.10,32
108/06/14,44.34,44.42,44.34,44.40,159000,7058880,+0.22,31
108/06/17,44.37,44.37,44.27,44.30,46441000,2061477580,-0.10,36
108/06/18,44.37,44.56,44.37,44.56,161000,7170560,+0.26,9
108/06/19,44.54,44.54,44.45,44.45,22177000,985114720,-0.11,33
108/06/20,44.61,44.70,44.54,44.57,241000,10742590,+0.12,24
108/06/21,44.42,44.45,44.30,44.38,418000,18529920,-0.19,48
108/06/24,43.91,43.92,43.75,43.84,552122,24190584,-0.54,78
108/06/25,44.31,44.39,44.16,44.39,297000,13158690,+0.55,33
108/06/26,44.40,44.41,44.32,44.33,159000,7049750,-0.06,21
108/06/27,44.04,44.04,43.88,43.96,209000,9186780,-0.37,41
108/06/28,44.18,44.23,44.15,44.22,125000,5526770,+0.26,11
108/07/01,44.01,44.01,43.94,43.94,270000,11866490,-0.28,38
108/07/02,44.03,44.03,43.99,44.00,417000,18348890,+0.06,59
108/07/03,44.50,44.58,44.47,44.58,209000,9312840,+0.58,29
108/07/04,44.72,44.76,44.70,44.75,169000,7561170,+0.17,11
108/07/05,44.80,44.83,44.79,44.83,151000,6767830,+0.08,12
108/07/08,44.33,44.56,44.20,44.54,553000,24602640,-0.29,39
108/07/09,44.50,44.55,44.49,44.55,208000,9261200,+0.01,13
108/07/10,44.21,44.23,44.16,44.17,251000,11095240,-0.38,34
108/07/11,44.16,44.16,44.03,44.05,144000,6344150,-0.12,16
108/07/12,43.38,43.41,43.30,43.38,252000,10927650,-0.67,52
108/07/15,43.42,43.42,43.29,43.30,47186000,2054436510,-0.08,31
108/07/16,43.60,43.69,43.60,43.64,131000,5718330,+0.34,23
108/07/17,43.39,43.40,43.36,43.39,107000,4642730,,9
108/07/18,43.82,43.85,43.81,43.85,466000,20433350,+0.46,199
108/07/19,43.77,43.78,43.74,43.74,115000,5031350,-0.11,13
108/07/22,43.74,43.74,43.68,43.73,117000,5115860,-0.01,9
108/07/23,43.78,43.78,43.69,43.69,125134,5469440,-0.04,15
108/07/24,43.53,43.53,43.43,43.48,141000,6127760,-0.21,35
108/07/25,43.71,43.71,43.63,43.66,286000,12483870,+0.18,63
108/07/26,43.49,43.55,43.49,43.53,145000,6313580,-0.13,31
108/07/29,43.56,43.65,43.56,43.64,215000,9379980,+0.11,23
108/07/30,43.61,43.63,43.60,43.60,255000,11122520,-0.04,25
108/07/31,43.61,43.73,43.61,43.70,211000,9211610,+0.10,16
108/08/01,43.98,44.10,43.98,44.07,163000,7182360,+0.37,24
108/08/02,44.99,45.30,44.99,45.27,245000,11082360,+1.20,50
108/08/05,45.79,46.75,45.79,46.67,23889000,1109886020,+1.40,52
108/08/06,47.46,47.48,46.53,46.61,351000,16433620,-0.06,62
108/08/07,47.13,47.43,47.13,47.35,252000,11934410,+0.74,35
108/08/08,47.13,47.13,46.76,46.85,374000,17567270,-0.50,46
108/08/12,47.05,47.15,47.04,47.08,122000,5743290,+0.23,10
108/08/13,48.00,48.14,47.97,48.09,151000,7253800,+1.01,31
108/08/14,48.10,48.10,47.59,47.73,168000,8016970,-0.36,38
108/08/15,48.89,49.43,48.89,49.23,301069,14836626,+1.50,52
108/08/16,49.25,49.30,49.10,49.11,154000,7569130,-0.12,32
108/08/19,48.32,48.50,48.25,48.50,237000,11472860,-0.61,48
108/08/20,48.50,48.52,48.44,48.48,155000,7515770,-0.02,26
108/08/21,48.70,48.73,48.53,48.60,138000,6707760,+0.12,25
108/08/22,48.60,48.64,48.52,48.63,147000,7144840,+0.03,18
108/08/23,48.22,48.22,47.90,47.98,331000,15894510,-0.65,77
108/08/26,49.45,49.72,49.31,49.72,369040,18287838,+1.74,72
108/08/27,49.06,49.06,48.93,49.03,209000,10238660,-0.69,47
108/08/28,49.83,49.83,49.53,49.58,173100,8595360,+0.55,28
108/08/29,49.68,49.88,49.68,49.86,329257,16407553,+0.28,29
108/08/30,49.66,49.66,49.27,49.36,228000,11248630,-0.50,39
108/09/02,49.45,49.45,49.35,49.35,313000,15463430,-0.01,37
108/09/03,49.14,49.17,49.06,49.17,150000,7370710,-0.18,15
108/09/04,49.52,49.53,49.45,49.45,140000,6930140,+0.28,13
108/09/05,49.27,49.27,48.87,48.99,184000,9023850,-0.46,36
108/09/06,48.43,48.49,48.37,48.44,220000,10658690,-0.55,44
108/09/09,48.66,48.68,48.53,48.60,253000,12292900,+0.16,52
108/09/10,47.92,47.92,47.73,47.86,173000,8275060,-0.74,35
108/09/11,47.30,47.30,47.14,47.20,923000,43588860,-0.66,61
108/09/12,46.67,46.82,46.67,46.76,318000,14876860,-0.44,46
108/09/16,45.88,45.88,45.65,45.65,476058,21755458,-1.11,135
108/09/17,45.97,46.01,45.90,45.90,318000,14616020,+0.25,58
108/09/18,46.10,46.22,46.10,46.20,194000,8962400,+0.30,34
108/09/19,46.26,46.58,46.26,46.58,180000,8370300,+0.38,19
108/09/20,46.79,46.79,46.58,46.70,234000,10921840,+0.12,24
108/09/23,46.90,46.99,46.88,46.99,155000,7278910,+0.29,16
108/09/24,47.13,47.20,47.10,47.18,232115,10950629,+0.19,31
108/09/25,47.67,47.75,47.50,47.52,309049,14725398,+0.34,39
108/09/26,47.39,47.39,47.15,47.18,261000,12314790,-0.34,157
108/09/27,47.30,47.32,47.30,47.31,150000,7097760,+0.13,12
108/10/01,47.39,47.41,47.22,47.28,23970000,1134961360,-0.03,70
108/10/02,47.52,47.61,47.49,47.53,213000,10125060,+0.25,72
108/10/03,47.90,48.00,47.90,47.98,671000,32159170,+0.45,58
108/10/04,48.19,48.20,48.10,48.11,164215,7905217,+0.13,46
108/10/07,48.47,48.47,48.28,48.28,281295,13610797,+0.17,92
108/10/08,48.04,48.04,47.65,47.70,287000,13702570,-0.58,102
108/10/09,47.98,48.09,47.98,48.09,188000,9032640,+0.39,38
108/10/14,46.72,46.88,46.30,46.38,299000,13905120,-1.71,152
108/10/15,46.43,46.72,46.37,46.64,147000,6847570,+0.26,32
108/10/16,46.24,46.25,46.14,46.14,22276000,1026509410,-0.50,100
108/10/17,46.15,46.21,46.15,46.17,22167206,1021703315,+0.03,39
108/10/18,45.90,45.90,45.76,45.79,174000,7968550,,61
108/10/21,45.71,45.71,45.55,45.55,214000,9753830,-0.24,82
108/10/22,45.41,45.41,45.12,45.24,180070,8143440,-0.31,74
108/10/23,45.24,45.66,45.24,45.62,23187200,1055035760,+0.38,46
108/10/24,45.60,45.63,45.51,45.63,143000,6516730,+0.01,32
108/10/25,45.65,45.65,45.58,45.59,191000,8711470,-0.04,54
108/10/28,45.38,45.38,45.05,45.11,240000,10826390,-0.48,110
108/10/29,44.80,44.80,44.70,44.71,23456163,1048735382,-0.40,95
108/10/30,44.82,44.97,44.81,44.82,273000,12242500,+0.11,33
108/10/31,45.07,45.27,45.07,45.20,844300,38156829,+0.38,74
108/11/01,45.83,45.99,45.81,45.84,436000,19990740,+0.64,71
108/11/04,45.74,45.74,45.55,45.57,347000,15818520,-0.27,78
108/11/05,45.14,45.14,44.96,45.06,201059,9055902,-0.51,73
108/11/06,44.76,44.77,44.64,44.64,205100,9167709,-0.42,93
108/11/07,44.70,44.88,44.70,44.86,164000,7357480,+0.22,47
108/11/08,44.09,44.20,44.01,44.20,260100,11475085,-0.66,82
108/11/11,44.10,44.10,43.97,44.08,311315,13712578,-0.12,105
108/11/12,44.08,44.10,44.01,44.06,311000,13707080,-0.02,59
108/11/13,44.06,44.18,44.06,44.18,149450,6598542,+0.12,29
108/11/14,44.39,44.75,44.39,44.73,173000,7727240,+0.55,40
108/11/15,44.83,44.94,44.83,44.90,163050,7319135,+0.17,47
108/11/18,45.00,45.00,44.94,44.98,144100,6481726,+0.08,36
108/11/19,45.05,45.20,45.05,45.07,143051,6451457,+0.09,33
108/11/20,45.35,45.58,45.35,45.56,190300,8661422,+0.49,41
108/11/21,45.80,45.95,45.74,45.85,237000,10865070,+0.29,68
108/11/22,45.61,45.61,45.45,45.52,144000,6551800,-0.33,31
108/11/25,45.60,45.62,45.53,45.61,150091,6844522,+0.09,39
108/11/26,45.70,45.87,45.65,45.85,394072,18045639,+0.24,155
108/11/27,45.90,46.04,45.90,46.04,235000,10806530,+0.19,103
108/11/28,46.03,46.03,45.90,45.92,281000,12912370,-0.12,120
108/11/29,45.84,45.91,45.80,45.89,236150,10833070,-0.03,65
108/12/02,45.64,45.67,45.45,45.48,314000,14285650,-0.41,133
108/12/03,45.37,45.37,45.15,45.15,209120,9460340,-0.33,93
108/12/04,46.10,46.10,45.91,45.95,371000,17065250,+0.80,100
108/12/05,45.78,45.78,45.57,45.73,233000,10646700,-0.22,69
108/12/06,45.45,45.51,45.44,45.50,145000,6594320,-0.23,34
108/12/09,45.24,45.26,45.15,45.26,161000,7275940,-0.24,66
108/12/10,45.34,45.46,45.34,45.46,124065,5633765,+0.20,26
108/12/11,45.42,45.42,45.33,45.33,218000,9886830,-0.13,86
108/12/12,45.56,45.56,45.33,45.36,86000,3906760,+0.03,39
108/12/13,44.61,44.61,44.39,44.46,703075,31238045,-0.90,292
108/12/16,45.00,45.00,44.83,44.92,210000,9428400,+0.46,67
108/12/17,44.75,44.75,44.58,44.66,214140,9558871,-0.26,113
108/12/18,44.58,44.58,44.49,44.53,240000,10685550,-0.13,71
108/12/19,44.30,44.33,44.24,44.28,240000,10627440,-0.25,141
108/12/20,44.22,44.22,44.11,44.18,162000,7151400,-0.10,100
108/12/23,44.20,44.35,44.20,44.32,183000,8111590,+0.14,36
108/12/24,44.22,44.22,44.19,44.22,248126,10969378,-0.10,87
108/12/25,44.31,44.31,44.28,44.28,190000,8415460,+0.06,34
108/12/26,44.29,44.29,44.22,44.22,188050,8320010,-0.06,62
108/12/27,44.22,44.34,44.22,44.33,112001,4963684,+0.11,12
108/12/30,44.33,44.37,44.30,44.36,163000,7231100,+0.03,43
108/12/31,44.23,44.23,44.08,44.10,221150,9752635,-0.26,85
109/01/02,43.90,43.90,43.73,43.83,312000,13669710,-0.27,120
109/01/03,44.15,44.59,44.13,44.53,225000,10004220,+0.70,56
109/01/06,44.91,45.04,44.90,45.01,232061,10437494,+0.48,80
109/01/07,44.69,44.69,44.50,44.55,156050,6954270,-0.46,48
109/01/08,45.05,45.08,44.55,44.65,302000,13539810,+0.10,73
109/01/09,44.08,44.09,44.01,44.09,226000,9958140,-0.56,76
109/01/10,44.07,44.07,44.05,44.06,166000,7313760,-0.03,41
109/01/13,44.35,44.43,44.35,44.43,133000,5906810,+0.37,21
109/01/14,44.15,44.18,44.07,44.18,249000,10989420,-0.25,52
109/01/15,44.34,44.59,44.34,44.59,140022,6237342,+0.41,31
109/01/16,44.62,44.68,44.62,44.68,159108,7105955,+0.09,43
109/01/17,44.36,44.36,44.26,44.32,191000,8458200,-0.36,65
109/01/20,44.48,44.48,44.32,44.41,183050,8125000,+0.09,43
109/01/30,45.00,46.49,45.00,46.49,47041300,2176933101,,359
109/01/31,46.35,46.50,46.12,46.49,583011,27031776,0.00,373
109/02/03,46.68,47.12,46.68,46.91,321000,15074780,+0.42,141
109/02/04,46.93,46.94,46.70,46.72,327001,15300076,-0.19,107
109/02/05,46.06,46.19,45.97,46.11,228539,10532327,-0.61,72
109/02/06,45.58,45.58,45.35,45.36,305107,13866269,-0.75,127
109/02/07,45.71,45.97,45.71,45.96,262000,12035400,+0.60,53
109/02/10,46.50,46.52,46.25,46.37,241000,11175390,+0.41,64
109/02/11,46.33,46.34,46.20,46.32,145000,6712400,-0.05,42
109/02/12,46.25,46.25,45.97,46.02,460100,21181222,-0.30,140
109/02/13,46.00,46.12,45.93,46.12,391467,18009738,+0.10,266
109/02/14,46.15,46.16,46.08,46.12,144000,6640870,0.00,38
109/02/17,46.20,46.29,46.15,46.21,642050,29665264,+0.09,148
109/02/18,46.37,46.75,46.37,46.74,235000,10963710,+0.53,78
109/02/19,46.74,46.83,46.69,46.79,226320,10588059,+0.05,77
109/02/20,46.79,47.06,46.75,46.93,242363,11379980,+0.14,68
109/02/21,47.22,47.67,47.22,47.67,368182,17526618,+0.74,150
109/02/24,47.75,48.38,47.75,48.25,311400,15033590,+0.58,124
109/02/25,48.63,48.66,48.35,48.46,395295,19155106,+0.21,128
109/02/26,48.66,48.90,48.45,48.55,328300,15943184,+0.09,116
109/02/27,48.55,48.96,48.55,48.92,255690,12500210,+0.37,118
109/03/02,49.80,50.50,49.50,49.78,24784400,1232177530,+0.86,185
109/03/03,49.70,49.70,49.16,49.52,21343650,1051440695,-0.26,141
109/03/04,49.91,50.30,49.91,50.05,22229550,1113258580,+0.53,103
109/03/05,49.70,49.83,49.63,49.75,303410,15094007,-0.30,97
109/03/06,50.85,51.90,50.85,51.90,343011,17645015,+2.15,167
109/03/09,55.40,56.75,55.40,56.55,433368,24382141,+4.65,237
109/03/10,54.85,55.00,54.10,54.10,24485048,1327278345,-2.45,224
109/03/11,53.05,54.10,53.00,54.10,262829,14100303,0.00,112
109/03/12,52.50,53.10,52.20,52.70,379215,20001529,-1.40,159
109/03/13,51.25,52.00,50.00,50.85,39505913,1997453323,-1.85,328
109/03/16,52.40,53.85,52.40,52.95,632570,33568609,+2.10,135
109/03/17,52.95,53.10,52.15,53.00,612786,32187830,+0.05,129
109/03/18,50.65,50.65,50.25,50.25,379340,19139833,-2.75,260
109/03/19,48.04,48.50,47.94,47.98,263097,12665571,-2.27,145
109/03/20,48.00,48.80,48.00,48.74,229325,11146989,+0.76,60
109/03/23,50.90,52.25,50.90,51.80,378602,19695879,+3.06,229
109/03/24,52.45,53.00,52.45,52.45,185961,9788778,+0.65,53
109/03/25,52.50,52.85,51.90,52.80,144000,7584900,+0.35,34
109/03/26,52.60,52.85,52.60,52.85,153095,8088780,+0.05,52
109/03/27,52.75,52.75,52.40,52.75,132372,6977033,-0.10,29
109/03/30,54.25,54.30,54.10,54.25,209170,11343872,+1.50,74
109/03/31,53.80,53.80,53.00,53.55,120100,6414225,-0.70,18
109/04/01,53.60,53.60,53.50,53.55,115000,6157900,0.00,14
109/04/06,54.20,54.30,54.00,54.00,213307,11527603,+0.45,42
109/04/07,54.00,54.00,53.30,53.40,788210,42087264,-0.60,625
109/04/08,53.40,53.40,53.20,53.35,121269,6469549,-0.05,24
109/04/09,53.20,53.20,52.75,52.95,150082,7930296,-0.40,35
109/04/10,52.85,52.90,52.80,52.90,173000,9147850,-0.05,17
109/04/13,53.00,53.00,52.95,53.00,124030,6568297,+0.10,21
109/04/14,52.70,52.70,52.35,52.55,145000,7612250,-0.45,29
109/04/15,52.45,52.55,52.45,52.55,134000,7034500,0.00,25
109/04/16,53.60,53.65,53.55,53.60,151325,8111051,+1.05,45
109/04/17,53.50,53.85,53.50,53.85,179018,9628222,+0.25,51
109/04/20,53.95,53.95,53.70,53.80,129250,6954512,-0.05,20
109/04/21,54.10,54.30,54.10,54.20,157250,8515525,+0.40,35
109/04/22,54.60,55.15,54.60,55.00,190200,10460129,,61
109/04/23,55.00,55.00,54.40,54.45,186190,10148095,-0.55,24
109/04/24,54.30,54.80,54.30,54.60,266000,14549100,+0.15,195
109/04/27,54.60,54.60,54.10,54.20,256000,13914800,-0.40,27
109/04/28,53.75,53.75,53.50,53.50,196125,10503375,-0.70,27
109/04/29,53.75,53.90,53.70,53.85,134344,7229258,+0.35,33
109/04/30,53.55,53.55,53.30,53.30,279000,14883800,-0.55,45
109/05/04,53.00,53.45,53.00,53.35,139000,7413900,+0.05,17
109/05/05,53.25,53.25,52.90,53.00,349100,18506110,-0.35,140
109/05/06,52.60,52.75,52.60,52.70,135100,7114144,-0.30,19
109/05/07,52.30,52.40,52.10,52.10,241020,12576730,-0.60,29
109/05/08,52.55,52.85,52.55,52.85,569226,30067765,+0.75,425
109/05/11,52.30,52.30,51.90,52.05,185562,9647760,-0.80,40
109/05/12,52.10,52.25,52.10,52.20,171000,8919400,+0.15,16
109/05/13,52.80,52.80,52.65,52.70,243000,12811250,+0.50,142
109/05/14,52.95,52.95,52.75,52.90,147000,7768200,+0.20,17
109/05/15,53.35,53.45,53.30,53.40,136000,7266200,+0.50,23
109/05/18,53.00,53.05,53.00,53.05,102000,5411000,-0.35,4
109/05/19,52.30,52.30,52.10,52.20,127286,6643678,-0.85,33
109/05/20,52.45,52.45,52.30,52.35,121122,6340685,+0.15,21
109/05/21,52.40,52.70,52.40,52.70,107000,5638600,+0.35,8
109/05/22,52.70,53.00,52.70,53.00,157000,8316500,+0.30,22
109/05/25,53.10,53.10,52.90,53.05,115813,6147697,+0.05,16
109/05/26,53.00,53.00,52.55,52.55,133321,7020917,-0.50,21
109/05/27,52.10,52.30,52.10,52.25,187060,9775585,-0.30,23
109/05/28,52.10,52.25,52.00,52.10,194040,10124396,-0.15,33
109/05/29,52.20,52.25,52.15,52.25,109195,5699888,+0.15,12
109/06/01,52.35,52.35,52.10,52.25,115144,6015058,0.00,20
109/06/02,51.90,52.05,51.85,51.90,152425,7927300,-0.35,29
109/06/03,51.70,51.70,51.10,51.40,247232,12691596,-0.50,57
109/06/04,51.35,51.35,51.00,51.10,470400,24046799,-0.30,201
109/06/05,50.45,50.45,49.74,49.81,409000,20462030,-1.29,244
109/06/08,49.62,49.62,49.45,49.50,235339,11649793,-0.31,77
109/06/09,50.00,50.15,50.00,50.15,132299,6628249,+0.65,32
109/06/10,50.35,50.40,50.20,50.20,142000,7141450,+0.05,35
109/06/11,50.80,51.10,50.75,51.05,189000,9638750,+0.85,41
109/06/12,51.90,52.15,51.60,51.60,222496,11518642,+0.55,57
109/06/15,51.85,51.95,51.65,51.85,135000,6998150,+0.25,22
109/06/16,51.15,51.15,50.45,50.70,256000,12969200,-1.15,59
109/06/17,50.65,50.85,50.50,50.80,218000,11051100,+0.10,23
109/06/18,51.20,51.20,50.95,51.00,112000,5713000,+0.20,7
109/06/19,51.20,51.20,51.10,51.15,107060,5475883,+0.15,9
109/06/22,51.15,51.40,51.15,51.30,140000,7182450,+0.15,21
109/06/23,51.25,51.65,51.15,51.15,113356,5806528,-0.15,17
109/06/24,50.90,50.90,50.75,50.80,175500,8915899,-0.35,35
109/06/29,51.95,52.05,51.90,51.95,166200,8638329,+1.15,43
109/06/30,51.75,51.75,51.65,51.75,105096,5433432,-0.20,6
109/07/01,51.40,51.45,51.20,51.40,147395,7562203,-0.35,26
109/07/02,51.40,51.50,51.35,51.40,234000,12028000,0.00,19
109/07/03,51.40,51.40,51.25,51.35,244227,12542261,-0.05,29
109/07/06,51.35,51.35,50.95,51.00,199100,10152900,-0.35,59
109/07/07,51.00,51.30,50.90,51.30,700605,35795694,+0.30,287
109/07/08,51.60,51.70,51.55,51.65,233500,12057300,+0.35,41
109/07/09,51.70,51.70,51.60,51.65,229150,11829105,0.00,25
109/07/10,51.95,52.65,51.95,52.65,207300,10886184,+1.00,47
109/07/13,52.45,52.45,52.10,52.25,185200,9664398,-0.40,40
109/07/14,52.50,52.55,52.35,52.40,115300,6047879,+0.15,16
109/07/15,52.10,52.35,52.10,52.35,115220,6030216,-0.05,20
109/07/16,52.30,52.35,52.30,52.35,110000,5758400,0.00,9
109/07/17,52.45,52.55,52.45,52.50,118019,6201294,+0.15,16
109/07/20,52.50,52.50,52.25,52.40,126150,6602710,,14
109/07/21,52.40,52.40,52.30,52.30,125238,6555746,-0.10,28
109/07/22,52.40,52.40,52.30,52.30,149100,7805875,0.00,17
109/07/23,52.50,52.50,52.40,52.40,118164,6198282,+0.10,19
109/07/24,52.65,53.30,52.65,53.20,238120,12668558,+0.80,64
109/07/27,53.20,53.20,52.95,53.05,156000,8270150,-0.15,25
109/07/28,52.60,52.60,52.25,52.30,174000,9106500,-0.75,43
109/07/29,52.90,53.05,52.80,53.05,148200,7846279,+0.75,38
109/07/30,52.80,52.95,52.75,52.90,120200,6357720,-0.15,16
109/07/31,53.05,53.45,53.05,53.35,408400,21778180,+0.45,43
109/08/03,53.30,53.30,53.10,53.10,130294,6926654,-0.25,22
109/08/04,53.00,53.05,52.95,53.05,112169,5949672,-0.05,14
109/08/05,53.35,53.45,53.35,53.40,115000,6135700,+0.35,15
109/08/06,53.15,53.25,53.05,53.25,130000,6918250,-0.15,18
109/08/07,53.50,53.60,53.45,53.60,147160,7884484,+0.35,21
109/08/10,53.60,53.60,52.95,52.95,218050,11572080,-0.65,48
109/08/11,52.70,52.85,52.70,52.85,132050,6975304,-0.10,18
109/08/12,52.30,52.30,51.90,52.05,167035,8693591,-0.80,56
109/08/13,52.00,52.20,52.00,52.00,109200,5683798,-0.05,15
109/08/14,51.40,51.45,51.30,51.30,200000,10265000,-0.70,53
109/08/17,51.20,51.20,50.90,51.20,124009,6347513,-0.10,22
109/08/18,51.25,51.35,51.25,51.30,133258,6837024,+0.10,23
109/08/19,51.35,51.70,51.35,51.70,111902,5783726,+0.40,15
109/08/20,51.45,51.60,51.30,51.50,184260,9480140,-0.20,27
109/08/21,51.55,51.65,51.55,51.60,270000,13932250,+0.10,11
109/08/24,52.20,52.20,52.00,52.10,287209,14955091,+0.50,26
109/08/25,51.95,51.95,51.65,51.85,191714,9928062,-0.25,33
109/08/26,51.50,51.50,51.20,51.25,177000,9070650,-0.60,40
109/08/27,51.40,51.40,51.35,51.35,153000,7858800,+0.10,14
109/08/28,50.10,50.10,49.80,50.05,300050,14999580,-1.30,128
109/08/31,50.40,50.45,50.30,50.45,146564,7388545,+0.40,20
109/09/01,50.75,50.75,50.55,50.65,110436,5593960,+0.20,15
109/09/02,51.15,51.20,51.15,51.15,117000,5984850,+0.50,14
109/09/03,51.60,51.60,51.45,51.55,296053,15248587,+0.40,29
109/09/04,51.75,51.80,51.70,51.70,156200,8076569,+0.15,15
109/09/07,50.85,50.85,50.65,50.75,317073,16083887,-0.95,36
109/09/08,50.75,50.80,50.75,50.80,253000,12847400,+0.05,10
109/09/09,51.30,51.45,51.25,51.40,227000,11663200,+0.60,19
109/09/10,51.00,51.20,51.00,51.05,186050,9513895,-0.35,19
109/09/11,51.15,51.25,51.15,51.25,122238,6264607,+0.20,9
109/09/14,51.45,51.45,51.25,51.25,106000,5432900,0.00,8
109/09/15,51.25,51.30,51.20,51.25,118000,6047100,0.00,10
109/09/16,51.20,51.20,51.10,51.10,106000,5416800,-0.15,8
109/09/17,51.00,51.00,50.85,50.90,110000,5599000,-0.20,9
109/09/18,50.90,50.90,50.90,50.90,185077,9420427,0.00,14
109/09/21,50.70,50.70,50.35,50.45,242000,12199950,-0.45,25
109/09/22,50.75,50.85,50.75,50.85,178000,9046750,+0.40,17
109/09/23,51.05,51.05,50.75,50.90,108905,5552639,+0.05,19
109/09/24,50.90,51.35,50.90,51.30,159000,8154600,+0.40,20
109/09/25,51.30,51.30,51.20,51.25,103050,5281344,-0.05,7
109/09/28,51.25,51.25,51.15,51.20,155000,7933450,-0.05,10
109/09/29,51.10,51.10,50.90,50.95,106000,5400800,-0.25,7
109/09/30,50.85,51.00,50.75,51.00,142558,7253483,+0.05,15
109/10/05,50.05,50.05,49.89,49.92,160055,7989870,-1.08,52
109/10/06,49.85,49.85,48.88,48.93,198318,9705121,-0.99,86
109/10/07,49.01,49.48,49.01,49.25,153000,7550710,+0.32,20
109/10/08,48.91,48.93,48.83,48.93,157004,7678877,-0.32,25
109/10/12,48.93,49.09,48.93,49.04,129045,6324197,+0.11,28
109/10/13,49.11,49.11,49.03,49.06,212160,10411436,+0.02,19
109/10/14,49.50,49.52,49.46,49.52,133424,6604628,+0.46,18
109/10/15,49.80,49.90,49.68,49.90,120000,5985550,+0.38,12
109/10/16,49.74,49.82,49.73,49.82,106000,5280470,-0.08,8
109/10/19,49.42,49.42,49.28,49.36,118120,5831207,-0.46,18
109/10/20,49.23,49.23,49.18,49.18,102000,5016410,-0.18,4
109/10/21,49.20,49.20,48.16,48.19,193100,9326337,,78
109/10/22,48.40,48.47,48.40,48.42,110303,5345851,+0.23,11
109/10/23,47.98,48.02,47.92,47.96,121823,5852879,-0.46,32
109/10/26,48.32,48.47,48.32,48.41,108062,5231114,+0.45,13
109/10/27,48.58,48.66,48.58,48.64,103000,5009820,+0.23,5
109/10/28,48.87,48.90,48.87,48.87,109000,5328920,+0.23,10
109/10/29,48.82,48.82,48.72,48.72,273000,13320490,-0.15,10
109/10/30,48.48,48.65,48.48,48.65,156170,7594794,-0.07,8
109/11/02,48.05,48.10,48.01,48.10,246453,11844304,-0.55,24
109/11/03,48.23,48.40,48.23,48.40,233503,11301234,+0.30,21
109/11/04,48.12,48.89,47.77,48.63,251000,12218450,+0.23,28
109/11/05,49.21,49.47,49.21,49.45,154876,7657974,+0.82,25
109/11/06,49.27,49.27,49.06,49.15,237100,11652269,-0.30,21
109/11/09,48.50,48.53,48.36,48.53,194131,9395341,-0.62,35
109/11/10,47.74,47.74,47.56,47.70,183249,8732425,-0.83,49
109/11/11,47.37,47.37,47.00,47.03,238314,11224995,-0.67,82
109/11/12,47.28,47.49,47.28,47.49,135050,6410190,+0.46,12
109/11/13,47.50,48.23,47.50,48.20,145020,6991393,+0.71,21
109/11/16,48.15,48.15,48.01,48.09,260335,12523265,-0.11,27
109/11/17,48.08,48.08,47.85,47.85,184002,8811900,-0.24,44
109/11/18,48.36,48.46,48.36,48.46,139439,6753578,+0.61,26
109/11/19,48.52,48.58,48.52,48.58,116001,5635026,+0.12,12
109/11/20,49.00,49.00,48.94,49.00,114209,5596093,+0.42,18
109/11/23,49.05,49.15,49.04,49.13,107094,5261087,+0.13,9
109/11/24,48.62,48.68,48.62,48.63,170223,8282537,-0.50,17
109/11/25,48.24,48.27,48.15,48.27,124210,5993659,-0.36,21
109/11/26,48.20,48.27,48.20,48.26,356162,17183778,-0.01,21
109/11/27,48.43,48.45,48.40,48.43,266085,12886847,+0.17,16
109/11/30,48.60,48.74,48.60,48.74,274205,13357815,+0.31,23
109/12/01,48.74,48.74,48.64,48.70,207152,10088202,-0.04,14
109/12/02,47.94,48.02,47.84,47.90,401671,19235028,-0.80,49
109/12/03,47.60,47.60,47.55,47.55,240615,11447676,-0.35,49
109/12/04,47.77,47.78,47.44,47.45,335000,15930810,-0.10,49
109/12/07,46.89,47.01,46.85,47.01,154908,7276467,-0.44,55
109/12/08,47.15,47.30,47.15,47.20,196000,9253710,+0.19,31
109/12/09,47.20,47.24,47.07,47.13,261292,12326311,-0.07,47
109/12/10,47.28,47.32,47.26,47.32,121059,5721654,+0.19,17
109/12/11,47.49,47.60,47.48,47.60,143500,6826305,+0.28,22
109/12/14,47.81,47.81,47.49,47.50,134003,6366301,-0.10,20
109/12/15,47.68,47.68,47.61,47.62,120200,5729720,+0.12,18
109/12/16,47.32,47.41,47.32,47.37,328000,15534990,-0.25,29
109/12/17,47.29,47.34,47.19,47.34,512000,24194440,-0.03,54
109/12/18,47.20,47.26,47.16,47.26,224636,10605874,-0.08,48
109/12/21,47.19,47.24,47.06,47.24,285556,13462025,-0.02,30
109/12/22,47.21,47.33,47.21,47.32,119100,5633524,+0.08,13
109/12/23,47.68,47.68,47.45,47.45,168635,8009268,+0.13,33
109/12/24,47.16,47.16,46.97,46.99,161604,7597484,-0.46,63
109/12/25,47.20,47.24,47.20,47.22,103333,4879307,+0.23,7
109/12/28,47.13,47.13,47.01,47.07,252270,11866051,-0.15,38
109/12/29,47.07,47.10,47.05,47.10,217100,10221592,+0.03,23
109/12/30,47.11,47.14,47.10,47.10,202366,9536576,0.00,14
109/12/31,47.10,47.25,47.10,47.16,121001,5711157,+0.06,16
