106/04/25,20.03,20.04,20.00,20.02,4333000,86768250,0.03,376
106/04/26,20.04,20.05,19.93,19.93,2075000,41492860,-0.09,90
106/04/27,19.90,19.90,19.84,19.87,1233000,24484800,-0.06,48
106/04/28,19.84,19.88,19.82,19.88,1275000,25302440,0.01,56
106/05/02,20.05,20.21,20.04,20.19,2086000,42002020,0.31,205
106/05/03,20.10,20.13,20.05,20.08,1437000,28875790,-0.11,65
106/05/04,20.20,20.22,20.18,20.18,1191000,24055670,0.10,64
106/05/05,20.18,20.19,20.13,20.16,2005000,40426250,-0.02,60
106/05/08,20.16,20.16,20.04,20.05,1265000,25399020,-0.11,45
106/05/09,20.02,20.03,19.98,19.98,899000,17979840,-0.07,43
106/05/10,20.18,20.19,20.14,20.15,3291000,66344020,0.17,108
106/05/11,20.10,20.10,19.98,20.04,884000,17713100,-0.11,33
106/05/12,19.98,19.98,19.94,19.95,1052000,20986710,-0.09,46
106/05/15,19.97,19.99,19.96,19.96,865000,17282360,0.01,37
106/05/16,19.98,19.98,19.96,19.96,1002000,20017010,0.00,28
106/05/17,20.17,20.27,20.15,20.27,1996000,40314340,0.31,138
106/05/18,19.98,20.00,19.92,19.98,1017000,20303490,-0.29,68
106/05/19,19.62,19.68,19.60,19.66,1673000,32880480,-0.32,130
106/05/22,19.79,19.85,19.77,19.82,922000,18267690,0.16,62
106/05/23,19.80,19.84,19.76,19.76,1242000,24600040,-0.06,126
106/05/24,19.68,19.70,19.55,19.56,2223000,43603250,-0.20,250
106/05/25,19.64,19.70,19.64,19.70,1590000,31289440,0.14,114
106/05/26,19.49,19.50,19.40,19.40,1193000,23190920,-0.30,229
106/05/31,19.07,19.08,18.97,19.00,1809000,34421780,-0.40,301
106/06/01,19.02,19.07,19.00,19.05,715000,13608610,0.05,80
106/06/02,18.95,19.00,18.90,18.98,1057000,20004330,-0.07,110
106/06/03,19.05,19.20,19.05,19.18,513000,9833750,0.20,90
106/06/05,19.16,19.22,19.14,19.17,1310000,25112040,-0.01,120
106/06/06,19.16,19.16,19.11,19.13,1812000,34662920,-0.04,95
106/06/07,19.28,19.28,19.20,19.27,1003000,19297590,0.14,114
106/06/08,19.41,19.46,19.36,19.42,1349000,26204540,0.15,129
106/06/09,19.48,19.51,19.45,19.47,1291000,25139790,0.05,116
106/06/12,19.52,19.53,19.44,19.46,1110000,21622240,-0.01,93
106/06/13,19.38,19.39,19.35,19.36,847000,16404020,-0.10,100
106/06/14,19.36,19.39,19.35,19.36,1249000,24204040,0.00,84
106/06/15,19.33,19.33,19.27,19.30,1397000,26950890,-0.06,86
106/06/16,19.46,19.57,19.46,19.48,1243500,24282390,0.18,103
106/06/19,19.55,19.73,19.54,19.71,1726000,33896830,0.23,131
106/06/20,19.57,19.57,19.47,19.49,1267000,24726560,-0.22,87
106/06/21,19.36,19.40,19.34,19.36,715000,13847060,-0.13,59
106/06/22,19.11,19.13,19.07,19.11,1413000,26988570,-0.25,142
106/06/23,18.85,18.87,18.83,18.83,1969000,37101440,-0.28,249
106/06/26,18.83,18.90,18.83,18.89,1169000,22070340,0.06,136
106/06/27,18.90,18.93,18.89,18.90,273000,5161370,0.01,66
106/06/28,18.95,18.95,18.89,18.90,658000,12442670,0.00,130
106/06/29,18.97,19.10,18.97,19.09,260000,4952760,0.19,90
106/06/30,19.03,19.07,18.98,19.06,219000,4165320,-0.03,72
106/07/03,19.95,20.00,19.90,19.98,1620000,32331110,0.92,361
106/07/04,20.15,20.17,20.00,20.10,1549000,31162770,0.12,285
106/07/05,20.12,20.14,20.11,20.13,696000,14006760,0.03,105
106/07/06,20.40,20.44,20.24,20.35,1596000,32497660,0.22,257
106/07/07,20.53,20.60,20.52,20.57,803050,16510209,0.22,170
106/07/10,21.20,21.31,21.19,21.31,1000000,21246410,0.74,229
106/07/11,21.52,21.54,21.36,21.40,1795300,38588170,0.09,393
106/07/12,21.42,21.42,21.36,21.40,721100,15420900,0.00,196
106/07/13,21.02,21.02,20.89,20.96,1182050,24763135,-0.44,361
106/07/14,20.38,20.40,20.30,20.40,1214000,24709650,-0.56,377
106/07/17,20.55,20.56,20.50,20.55,726000,14907280,0.15,195
106/07/18,20.77,20.79,20.68,20.70,676000,14025160,0.15,172
106/07/19,20.67,20.76,20.55,20.62,406000,8374630,-0.08,139
106/07/20,20.92,20.92,20.77,20.82,561000,11684780,0.20,134
106/07/21,21.09,21.10,21.01,21.01,1089000,22923380,0.19,171
106/07/24,20.74,20.74,20.54,20.68,751000,15467920,-0.33,181
106/07/25,21.01,21.04,20.94,21.03,1545000,32416330,0.35,195
106/07/26,20.53,20.60,20.52,20.56,1346000,27667830,-0.47,270
106/07/27,20.60,20.60,20.55,20.59,173000,3559040,0.03,68
106/07/28,20.67,20.68,20.62,20.65,276000,5696980,0.06,70
106/07/31,20.55,20.60,20.50,20.56,415000,8531750,-0.09,86
106/08/01,20.50,20.57,20.50,20.54,269000,5524860,-0.02,88
106/08/02,20.01,20.07,20.00,20.05,921000,18455400,-0.49,336
106/08/03,20.00,20.09,20.00,20.03,348000,6973860,-0.02,79
106/08/04,19.73,19.78,19.73,19.77,1430000,28257100,-0.26,320
106/08/07,19.81,19.89,19.81,19.86,302000,5997030,0.09,91
106/08/08,20.01,20.08,20.01,20.08,217010,4350161,0.22,102
106/08/09,20.05,20.09,20.03,20.05,111000,2225530,-0.03,42
106/08/10,20.00,20.01,19.94,19.98,303000,6057660,-0.07,84
106/08/11,19.38,19.48,19.38,19.42,1091000,21191220,-0.56,385
106/08/14,19.30,19.34,19.28,19.32,735000,14182020,-0.10,201
106/08/15,19.32,19.34,19.28,19.30,373000,7200960,-0.02,133
106/08/16,19.01,19.11,19.00,19.11,1053000,20049050,-0.19,292
106/08/17,19.21,19.25,19.15,19.18,907000,17412830,0.07,220
106/08/18,19.31,19.31,19.27,19.30,446012,8607321,0.12,112
106/08/21,19.28,19.33,19.27,19.31,998000,19254520,0.01,133
106/08/22,19.30,19.38,19.23,19.38,423000,8177250,0.07,105
106/08/23,19.38,19.49,19.38,19.44,426000,8275790,0.06,135
106/08/24,19.33,19.42,19.30,19.39,229000,4430840,-0.05,76
106/08/25,19.41,19.43,19.39,19.41,315000,6112730,0.02,73
106/08/28,19.50,19.56,19.47,19.54,343000,6688590,0.13,114
106/08/29,19.40,19.40,19.36,19.37,211000,4089830,-0.17,81
106/08/30,19.36,19.36,19.30,19.30,259000,5005290,-0.07,82
106/08/31,19.20,19.25,19.19,19.22,695100,13354150,-0.08,123
106/09/01,19.42,19.48,19.41,19.48,363000,7058400,0.26,126
106/09/04,19.57,19.57,19.48,19.53,222000,4332560,0.05,97
106/09/05,19.60,19.63,19.58,19.60,282000,5527610,0.07,101
106/09/06,19.84,19.86,19.80,19.86,574000,11388320,0.26,217
106/09/07,19.92,19.95,19.89,19.90,484000,9638400,0.04,116
106/09/08,19.92,20.00,19.91,19.99,767000,15297970,0.09,143
106/09/11,19.79,19.82,19.74,19.77,365000,7215950,-0.22,109
106/09/12,19.70,19.70,19.62,19.65,306000,6011290,-0.12,106
106/09/13,19.57,19.65,19.52,19.55,359000,7025170,-0.10,128
106/09/14,19.72,19.79,19.72,19.75,288000,5692240,0.20,86
106/09/15,19.99,19.99,19.93,19.95,995000,19859620,0.20,193
106/09/18,19.86,19.94,19.86,19.91,253000,5039450,-0.04,82
106/09/19,19.87,19.91,19.84,19.86,496000,9861840,-0.05,82
106/09/20,19.82,19.82,19.78,19.80,398000,7880870,-0.06,56
106/09/21,19.94,19.94,19.86,19.87,245000,4876930,0.07,38
106/09/22,19.87,20.07,19.87,20.03,613015,12258741,0.16,144
106/09/25,20.14,20.15,20.02,20.03,665000,13363830,0.00,182
106/09/26,19.90,19.95,19.90,19.93,565000,11256560,-0.10,96
106/09/27,19.77,19.77,19.72,19.74,381000,7520870,-0.19,98
106/09/28,19.75,19.75,19.66,19.70,260000,5116110,-0.04,80
106/09/29,19.67,19.67,19.62,19.64,123000,2416780,-0.06,43
106/09/30,19.80,19.80,19.78,19.80,74000,1464220,0.16,30
106/10/02,19.80,19.82,19.79,19.79,80001,1584180,-0.01,25
106/10/03,19.56,19.60,19.54,19.58,498000,9745970,-0.21,118
106/10/05,19.74,19.74,19.65,19.73,753000,14817100,0.15,54
106/10/06,19.81,19.84,19.80,19.84,471000,9330340,0.11,78
106/10/11,19.75,19.80,19.74,19.74,141000,2784280,-0.10,34
106/10/12,19.78,19.83,19.78,19.83,89000,1763550,0.09,22
106/10/13,20.21,20.27,20.21,20.27,1363000,27589370,0.44,286
106/10/16,20.31,20.37,20.27,20.27,530000,10772070,0.00,108
106/10/17,20.25,20.25,20.14,20.19,518000,10446380,-0.08,60
106/10/18,20.10,20.13,20.08,20.12,219000,4404210,-0.07,50
106/10/19,20.13,20.13,20.09,20.12,158000,3178730,0.00,29
106/10/20,20.18,20.19,20.12,20.19,119010,2399480,0.07,42
106/10/23,19.99,20.05,19.99,20.03,217000,4345810,-0.16,21
106/10/24,20.03,20.10,20.03,20.09,271000,5442240,0.06,23
106/10/25,20.02,20.02,19.97,19.97,121000,2419530,-0.12,47
106/10/26,19.98,20.00,19.98,19.99,70000,1399460,0.02,27
106/10/27,19.91,19.93,19.89,19.92,224000,4459480,-0.07,69
106/10/30,19.98,20.05,19.98,20.02,1217000,24341050,0.10,82
106/10/31,19.89,19.93,19.89,19.93,173000,3444640,-0.09,37
106/11/01,19.93,19.95,19.90,19.95,94000,1873640,0.02,26
106/11/02,20.05,20.14,20.05,20.13,204000,4104720,0.18,54
106/11/03,20.13,20.15,20.12,20.13,49000,986390,0.00,20
106/11/06,19.95,19.98,19.94,19.96,70010,1397080,-0.17,44
106/11/07,20.09,20.12,20.07,20.07,466000,9362310,0.11,55
106/11/08,20.07,20.10,20.07,20.09,589000,11832850,0.02,50
106/11/09,20.10,20.13,20.09,20.10,580000,11658780,0.01,53
106/11/10,19.89,19.92,19.86,19.88,301000,5984800,-0.22,84
106/11/13,19.92,19.94,19.89,19.91,154000,3065670,0.03,27
106/11/14,19.71,19.73,19.69,19.72,434000,8555050,-0.19,114
106/11/15,19.58,19.58,19.55,19.58,194000,3795810,-0.14,116
106/11/16,19.68,19.76,19.68,19.74,74000,1459230,0.16,33
106/11/17,19.65,19.69,19.63,19.69,88000,1728610,-0.05,30
106/11/20,19.97,19.99,19.94,19.99,279000,5569200,0.30,95
106/11/21,19.97,19.97,19.91,19.91,93000,1853600,-0.08,27
106/11/22,19.91,19.93,19.91,19.93,43000,856610,0.02,20
106/11/23,20.08,20.08,20.01,20.01,314000,6291850,0.08,56
106/11/24,20.05,20.05,19.99,19.99,128000,2562880,-0.02,41
106/11/27,20.00,20.08,20.00,20.04,79000,1582180,0.05,36
106/11/28,20.00,20.02,20.00,20.01,96049,1921460,-0.03,22
106/11/29,19.97,19.98,19.94,19.94,80000,1596900,-0.07,15
106/11/30,19.94,19.95,19.94,19.95,55000,1097240,0.01,12
106/12/01,19.86,19.86,19.81,19.84,343000,6800960,-0.11,37
106/12/04,20.05,20.18,20.05,20.17,1151000,23141240,0.33,116
106/12/05,20.09,20.11,20.06,20.08,95000,1908770,-0.09,30
106/12/06,20.23,20.33,20.21,20.30,1102030,22340587,0.22,147
106/12/07,20.14,20.25,20.10,20.22,789000,15929820,-0.08,61
106/12/08,19.98,19.99,19.95,19.99,81000,1618000,-0.23,36
106/12/11,19.93,19.93,19.85,19.87,130000,2582630,-0.12,53
106/12/12,19.78,19.86,19.78,19.84,58000,1150880,-0.03,19
106/12/13,19.67,19.74,19.66,19.71,224000,4412850,-0.13,83
106/12/14,19.74,19.74,19.64,19.64,427000,8405780,-0.07,129
106/12/15,19.50,19.54,19.50,19.53,521216,10172532,-0.11,109
106/12/18,19.55,19.55,19.49,19.53,221000,4311090,0.00,77
106/12/19,19.40,19.40,19.35,19.39,478000,9259930,-0.14,147
106/12/20,19.28,19.32,19.28,19.31,308000,5944310,-0.08,105
106/12/21,19.22,19.26,19.22,19.26,255000,4906530,-0.05,100
106/12/22,19.12,19.13,19.10,19.13,656000,12537790,-0.13,189
106/12/25,19.22,19.28,19.22,19.28,137000,2636210,0.15,64
106/12/26,19.21,19.28,19.21,19.27,187000,3598320,-0.01,41
106/12/27,19.41,19.50,19.37,19.50,281000,5456150,0.23,96
106/12/28,19.29,19.33,19.25,19.31,452000,8720460,-0.19,119
106/12/29,19.11,19.20,19.11,19.20,409000,7834580,-0.11,145
107/01/02,19.23,19.38,19.23,19.38,225000,4352140,0.18,68
107/01/03,19.40,19.40,19.33,19.38,301200,5832740,0.00,98
107/01/04,19.43,19.44,19.32,19.32,240000,4649710,-0.06,86
107/01/05,19.34,19.40,19.33,19.39,362000,7014480,0.07,89
107/01/08,19.39,19.42,19.37,19.37,273000,5295830,-0.02,84
107/01/09,19.35,19.36,19.30,19.36,358000,6922410,-0.01,65
107/01/10,19.28,19.30,19.28,19.29,207154,3996051,-0.07,78
107/01/11,19.28,19.28,19.15,19.16,449000,8612390,-0.13,158
107/01/12,19.12,19.18,19.06,19.14,348018,6650318,-0.02,151
107/01/15,19.27,19.49,19.23,19.48,401000,7757210,0.34,140
107/01/16,19.40,19.43,19.30,19.43,603306,11663880,-0.05,165
107/01/17,19.39,19.39,19.31,19.33,276155,5342697,-0.10,89
107/01/18,19.33,19.36,19.31,19.31,107000,2069580,-0.02,58
107/01/19,19.60,20.00,19.42,19.49,415000,8121210,0.18,158
107/01/22,19.60,19.65,19.55,19.59,403402,7910559,0.10,119
107/01/23,19.60,19.64,19.56,19.60,130022,2546631,0.01,66
107/01/24,19.62,19.64,19.57,19.59,233000,4569610,-0.01,95
107/01/25,19.70,19.73,19.68,19.73,356300,7018550,0.14,105
107/01/26,19.67,19.74,19.65,19.73,172238,3394050,0.00,85
107/01/29,19.63,19.74,19.63,19.73,403463,7950413,0.00,103
107/01/30,19.71,19.71,19.62,19.62,399069,7850284,-0.11,135
107/01/31,19.78,19.80,19.76,19.78,423000,8367090,0.16,117
107/02/01,19.70,19.71,19.65,19.65,108000,2125420,-0.13,56
107/02/02,19.59,19.59,19.53,19.53,213000,4161980,-0.12,99
107/02/05,19.38,19.38,19.28,19.37,275000,5315040,-0.16,90
107/02/06,19.23,19.26,19.17,19.22,543000,10431340,-0.15,147
107/02/07,19.55,19.62,19.55,19.58,646000,12649220,0.36,125
107/02/08,19.43,19.49,19.40,19.41,355000,6903560,-0.17,72
107/02/09,19.55,19.55,19.47,19.48,604000,11775280,0.07,96
107/02/12,19.64,19.75,19.61,19.74,678000,13362850,0.26,149
107/02/21,20.20,20.20,20.08,20.12,931101,18752469,0.38,276
107/02/22,20.33,20.40,20.30,20.38,1121000,22817750,0.26,258
107/02/23,20.38,20.45,20.38,20.43,481499,9828628,0.05,139
107/02/26,20.49,20.64,20.49,20.63,1017100,20959006,0.20,221
107/02/27,20.55,20.56,20.49,20.54,740000,15192510,-0.09,189
107/03/01,20.63,20.74,20.62,20.68,544000,11240780,0.14,151
107/03/02,20.83,21.11,20.83,21.06,858300,18046970,0.38,259
107/03/05,21.00,21.06,20.87,20.93,516000,10798430,-0.13,129
107/03/06,21.02,21.06,20.97,21.03,680000,14298680,0.10,107
107/03/07,21.03,21.06,20.89,21.06,550000,11531290,0.03,116
107/03/08,20.83,20.83,20.78,20.81,909000,18909430,-0.25,119
107/03/09,20.76,20.80,20.63,20.70,1023000,21217330,-0.11,177
107/03/12,20.41,20.48,20.37,20.48,464000,9469910,-0.22,142
107/03/13,20.48,20.56,20.48,20.51,330000,6776590,0.03,86
107/03/14,20.57,21.16,20.57,21.10,2048000,42469520,0.59,427
107/03/15,20.42,20.46,20.39,20.42,1929000,39403700,-0.68,464
107/03/16,20.51,20.59,20.48,20.58,582000,11963710,0.16,97
107/03/19,20.50,20.50,20.40,20.46,895000,18299100,-0.12,129
107/03/20,20.19,20.21,20.14,20.20,1398000,28224570,-0.26,266
107/03/21,20.30,20.31,20.23,20.23,559000,11325450,0.03,168
107/03/22,20.23,20.30,20.23,20.28,273000,5537130,0.05,91
107/03/23,20.15,20.21,20.12,20.19,734000,14798250,-0.09,160
107/03/26,20.21,20.36,20.20,20.33,989000,20035490,0.14,155
107/03/27,20.18,20.19,20.13,20.17,306000,6171250,-0.16,123
107/03/28,20.09,20.09,20.04,20.08,295000,5917070,-0.09,99
107/03/29,20.07,20.07,19.91,19.98,550000,10988040,-0.10,163
107/03/30,20.35,20.51,20.32,20.51,774000,15762860,0.53,154
107/03/31,20.58,20.63,20.55,20.63,589000,12124810,0.12,173
107/04/02,20.75,20.85,20.70,20.81,834000,17342090,0.18,200
107/04/03,20.46,20.50,20.41,20.50,454000,9286280,-0.31,105
107/04/09,20.56,20.64,20.38,20.60,480000,9865260,0.10,108
107/04/10,20.46,20.69,20.46,20.61,695000,14309090,0.01,95
107/04/11,20.60,20.65,20.59,20.65,623000,12859720,0.04,74
107/04/12,20.60,20.61,20.52,20.61,127000,2611690,-0.04,55
107/04/13,20.75,20.87,20.75,20.84,709000,14776060,0.23,127
107/04/16,20.66,20.66,20.60,20.61,191000,3937390,-0.23,68
107/04/17,20.48,20.48,20.41,20.45,179000,3656850,-0.16,62
107/04/18,20.56,20.57,20.43,20.44,113400,2321672,-0.01,32
107/04/19,20.43,20.50,20.40,20.44,169000,3456840,0.00,34
107/04/20,20.35,20.35,20.32,20.33,114001,2317742,-0.11,40
107/04/23,20.29,20.30,20.24,20.30,182000,3689160,-0.03,63
107/04/24,20.06,20.06,19.96,20.05,561000,11217700,-0.25,171
107/04/25,20.03,20.18,20.03,20.18,195000,3915400,0.13,47
107/04/26,20.20,20.30,20.20,20.30,229000,4635170,0.12,46
107/04/27,20.29,20.29,20.19,20.21,42000,849220,-0.09,28
107/04/30,20.59,20.65,20.59,20.65,387000,7973330,0.44,124
107/05/02,20.49,20.49,20.40,20.43,167000,3410730,-0.22,62
107/05/03,20.28,20.28,20.22,20.25,69000,1396730,-0.18,34
107/05/04,20.28,20.37,20.28,20.33,88000,1789910,0.08,23
107/05/07,20.10,20.18,20.10,20.14,207190,4172072,-0.19,72
107/05/08,19.77,19.78,19.71,19.72,994000,19619250,-0.42,322
107/05/09,19.82,19.86,19.80,19.81,185776,3683532,0.09,71
107/05/10,19.77,19.84,19.76,19.84,183200,3627136,0.03,54
107/05/11,19.75,19.79,19.75,19.76,441000,8715580,-0.08,100
107/05/14,19.62,19.66,19.60,19.60,386000,7569210,-0.16,147
107/05/15,19.83,19.89,19.83,19.88,225000,4468750,0.28,99
107/05/16,19.81,19.81,19.70,19.73,173000,3411290,-0.15,58
107/05/17,19.50,19.56,19.45,19.54,409299,7978953,-0.19,172
107/05/18,19.55,19.63,19.48,19.59,620000,12127620,0.05,251
107/05/21,19.86,19.89,19.82,19.84,729000,14478810,0.25,267
107/05/22,19.90,19.91,19.84,19.89,249200,4952218,0.05,95
107/05/23,20.01,20.14,19.96,20.07,797111,15984357,0.18,160
107/05/24,20.23,20.32,20.22,20.31,462000,9359240,0.24,160
107/05/25,20.25,20.25,20.10,20.16,446000,8986260,-0.15,121
107/05/28,20.20,20.22,20.19,20.22,160620,3243621,0.06,53
107/05/29,20.27,20.34,20.27,20.33,453000,9208140,0.11,82
107/05/30,19.96,19.96,19.83,19.84,341000,6770980,-0.49,135
107/05/31,19.81,19.87,19.81,19.85,74000,1468340,0.01,33
107/06/01,19.81,19.88,19.81,19.86,86000,1706590,0.01,34
107/06/04,19.71,19.71,19.65,19.67,218000,4290180,-0.19,111
107/06/05,19.54,19.57,19.40,19.55,890203,17343580,-0.12,349
107/06/06,19.57,19.62,19.55,19.60,215000,4212010,0.05,80
107/06/07,19.35,19.35,19.31,19.34,1053000,20349110,-0.26,278
107/06/08,19.01,19.04,18.93,19.01,2079508,39456007,-0.33,680
107/06/11,18.88,18.91,18.84,18.88,1244000,23483960,-0.13,314
107/06/12,18.63,18.74,18.59,18.69,1284500,23966255,-0.19,510
107/06/13,18.54,18.54,18.32,18.39,2012000,37059840,-0.30,766
107/06/14,18.21,18.27,18.16,18.24,768264,13994361,-0.15,303
107/06/15,18.00,18.00,17.92,17.98,1678300,30157077,-0.26,671
107/06/19,17.55,17.58,17.36,17.46,2293000,40053680,-0.52,863
107/06/20,17.29,17.42,17.27,17.42,1171000,20320560,-0.04,360
107/06/21,17.35,17.35,17.12,17.20,1861000,32125780,-0.22,550
107/06/22,17.22,17.36,17.16,17.35,1028000,17708870,0.15,278
107/06/25,17.30,17.31,17.28,17.28,1116000,19303960,-0.07,287
107/06/26,17.18,17.18,17.01,17.04,1062000,18106520,-0.24,368
107/06/27,16.98,17.00,16.88,16.88,1047000,17721428,-0.16,415
107/06/28,16.87,16.87,16.79,16.84,703000,11824230,-0.04,227
107/06/29,16.83,16.86,16.81,16.86,627000,10554640,0.02,181
107/07/02,16.81,16.84,16.77,16.80,451000,7576540,-0.06,199
107/07/03,16.64,16.64,16.48,16.48,861136,14233189,-0.32,396
107/07/04,16.45,16.59,16.42,16.59,281000,4636460,0.11,119
107/07/05,16.50,16.60,16.50,16.58,352000,5823580,-0.01,103
107/07/06,16.30,16.35,16.23,16.35,834000,13567900,-0.23,323
107/07/09,16.77,16.88,16.77,16.83,1191499,20049827,0.48,392
107/07/10,16.67,16.67,16.40,16.52,1111306,18414926,-0.31,366
107/07/11,16.37,16.43,16.30,16.41,350007,5727445,-0.11,160
107/07/12,16.22,16.30,16.20,16.30,968500,15725929,-0.11,246
107/07/13,16.18,16.24,16.07,16.24,1105000,17833530,-0.06,371
107/07/16,16.03,16.03,15.91,15.95,2370500,37894149,-0.29,587
107/07/17,16.13,16.28,16.12,16.23,544500,8830294,0.28,250
107/07/18,16.30,16.37,16.30,16.33,1247000,20359060,0.10,248
107/07/19,16.33,16.33,16.23,16.29,558000,9081810,-0.04,131
107/07/20,16.35,16.44,16.35,16.44,913500,14979080,0.15,195
107/07/23,16.46,16.48,16.43,16.46,469000,7717090,0.02,129
107/07/24,16.33,16.33,16.27,16.33,917170,14951105,-0.13,193
107/07/25,16.55,16.58,16.48,16.49,841481,13918601,0.16,291
107/07/26,16.79,16.99,16.76,16.98,1771180,29917732,0.49,573
107/07/27,16.63,16.77,16.62,16.76,1917009,32012862,-0.22,409
107/07/30,16.94,16.94,16.81,16.86,1242000,20939230,0.10,272
107/07/31,16.88,16.91,16.88,16.90,796000,13447240,0.04,171
107/08/01,17.20,17.25,17.18,17.24,1793350,30893838,0.34,492
107/08/02,17.06,17.13,17.02,17.10,937175,16005027,-0.14,261
107/08/03,17.04,17.04,16.90,16.94,729000,12358240,-0.16,201
107/08/06,17.04,17.10,17.01,17.03,439000,7484620,0.09,99
107/08/07,17.02,17.03,16.99,17.03,515000,8760120,0.00,109
107/08/08,17.09,17.10,17.02,17.06,574000,9785940,0.03,129
107/08/09,17.21,17.28,17.21,17.25,983175,16958377,0.19,268
107/08/10,17.14,17.14,17.05,17.09,585350,9996920,-0.16,201
107/08/13,16.28,16.28,16.20,16.24,2685600,43607713,-0.85,774
107/08/14,16.40,16.46,16.40,16.45,564000,9270090,0.21,151
107/08/15,16.67,16.67,16.56,16.57,694300,11537038,0.12,183
107/08/16,16.50,16.88,16.48,16.87,1274300,21315766,0.30,305
107/08/17,16.88,16.97,16.87,16.87,619000,10476760,0.00,151
107/08/20,17.00,17.12,17.00,17.06,812000,13877670,0.19,228
107/08/21,16.88,16.89,16.80,16.84,451000,7589070,-0.22,152
107/08/22,16.79,16.79,16.72,16.75,483000,8091420,-0.09,141
107/08/23,16.50,16.58,16.45,16.51,1616000,26667490,-0.24,351
107/08/24,16.26,16.31,16.22,16.30,1825582,29689271,-0.21,493
107/08/27,16.11,16.13,16.07,16.10,2467000,39710030,-0.20,571
107/08/28,16.12,16.12,16.05,16.07,2438000,39199710,-0.03,472
107/08/29,15.88,15.92,15.87,15.89,2719030,43213563,-0.18,718
107/08/30,15.91,16.00,15.91,15.97,1145000,18279200,0.08,242
107/08/31,15.74,15.87,15.73,15.84,1085389,17121051,-0.13,362
107/09/03,16.02,16.05,16.00,16.03,604000,9676740,0.19,190
107/09/04,16.03,16.04,15.98,16.02,1763000,28209480,-0.01,334
107/09/05,16.09,16.10,16.04,16.07,635000,10211180,0.05,223
107/09/06,15.97,15.98,15.92,15.95,1192250,19000147,-0.12,297
107/09/07,15.93,15.93,15.85,15.87,948350,15054673,-0.08,256
107/09/10,15.97,16.06,15.94,16.03,540200,8642428,0.16,195
107/09/11,16.10,16.10,16.08,16.08,702000,11296620,0.05,191
107/09/12,15.79,15.80,15.73,15.77,1861005,29339738,-0.31,538
107/09/13,15.92,15.92,15.83,15.87,979500,15529725,0.10,173
107/09/14,15.87,15.88,15.86,15.88,351000,5571370,0.01,99
107/09/17,15.68,15.70,15.66,15.68,1292000,20256100,-0.20,326
107/09/18,15.59,15.65,15.57,15.60,688632,10748245,-0.08,213
107/09/19,15.49,15.52,15.47,15.49,1772000,27443000,-0.11,442
107/09/20,15.70,15.70,15.64,15.65,835000,13089490,0.16,178
107/09/21,16.01,16.02,15.95,15.99,1451100,23203689,0.34,366
107/09/25,15.87,15.97,15.87,15.95,447100,7114616,-0.04,123
107/09/26,16.03,16.13,16.03,16.10,923000,14845440,0.15,276
107/09/27,16.06,16.07,16.01,16.03,575000,9218600,-0.07,162
107/09/28,16.16,16.20,16.15,16.17,1238000,20020950,0.14,284
107/10/01,16.04,16.04,15.98,15.98,897000,14353040,-0.19,277
107/10/02,16.15,16.17,16.12,16.12,716000,11561110,0.14,186
107/10/03,16.39,16.42,16.37,16.37,1357000,22242130,0.25,364
107/10/04,16.30,16.30,16.25,16.25,558148,9081799,-0.12,167
107/10/05,16.29,16.30,16.24,16.26,810000,13166810,0.01,158
107/10/08,16.50,16.50,16.43,16.44,1158000,19066610,0.18,287
107/10/09,16.44,16.46,16.41,16.42,1009300,16590554,-0.02,190
107/10/11,16.07,16.13,16.00,16.01,1841400,29558538,-0.41,449
107/10/12,16.28,16.37,16.27,16.37,1265225,20656115,0.36,252
107/10/15,16.39,16.40,16.34,16.36,624095,10217486,-0.01,191
107/10/16,16.79,16.81,16.73,16.73,1812053,30375920,0.37,540
107/10/17,16.73,16.73,16.67,16.72,1222200,20425022,-0.01,316
107/10/18,16.68,16.69,16.58,16.62,1084000,18026810,-0.10,265
107/10/19,16.38,16.38,16.30,16.35,1482300,24197747,-0.27,352
107/10/22,16.24,16.28,16.20,16.25,1676000,27227050,-0.10,300
107/10/23,16.20,16.20,16.15,16.16,674000,10893620,-0.09,212
107/10/24,16.20,16.21,16.17,16.21,437000,7073680,0.05,118
107/10/25,16.09,16.09,16.05,16.06,1441000,23166760,-0.15,233
107/10/26,15.98,15.99,15.96,15.96,1119000,17877590,-0.10,243
107/10/29,16.11,16.13,16.02,16.03,496180,7967401,0.07,143
107/10/30,15.86,15.90,15.81,15.90,583125,9246831,-0.13,201
107/10/31,15.76,15.81,15.76,15.81,735526,11602179,-0.09,240
107/11/01,15.85,15.86,15.79,15.79,633293,10010055,-0.02,173
107/11/02,16.36,16.59,16.30,16.53,3337000,54634240,0.74,756
107/11/05,16.52,16.53,16.43,16.47,1222181,20138701,-0.06,250
107/11/06,16.47,16.51,16.42,16.45,475100,7816435,-0.02,116
107/11/07,16.45,16.45,16.37,16.44,306000,5017650,-0.01,92
107/11/08,16.37,16.37,16.30,16.33,278305,4544063,-0.11,131
107/11/09,16.34,16.34,16.25,16.27,690000,11229390,-0.06,143
107/11/12,16.45,16.47,16.43,16.43,864000,14205200,0.16,139
107/11/13,16.39,16.52,16.36,16.50,2079000,34129880,0.07,173
107/11/14,16.35,16.35,16.31,16.35,228100,3724820,-0.15,82
107/11/15,16.43,16.51,16.43,16.50,616000,10145300,0.15,127
107/11/16,16.50,16.53,16.49,16.51,456000,7525730,0.01,104
107/11/19,16.52,16.56,16.49,16.50,209294,3456002,-0.01,93
107/11/20,16.26,16.30,16.23,16.23,848000,13781820,-0.27,197
107/11/21,16.36,16.37,16.32,16.37,885056,14464109,0.14,110
107/11/22,16.40,16.42,16.40,16.41,282000,4626900,0.04,61
107/11/23,16.46,16.48,16.44,16.45,747000,12293530,0.04,112
107/11/26,16.42,16.42,16.26,16.26,453000,7387500,-0.19,103
107/11/27,16.01,16.03,15.97,16.03,1023009,16363426,-0.23,275
107/11/28,16.25,16.27,16.22,16.24,730000,11856890,0.21,129
107/11/29,16.52,16.52,16.48,16.51,1172000,19340990,0.27,275
107/11/30,16.49,16.51,16.45,16.49,1349000,22228440,-0.02,136
107/12/03,17.04,17.16,16.90,16.94,5100055,86578560,0.45,948
107/12/04,16.78,16.79,16.70,16.74,1960213,32842886,-0.20,386
107/12/05,16.85,16.91,16.85,16.91,1378176,23269972,0.17,265
107/12/06,16.95,16.95,16.81,16.82,1707004,28769456,-0.09,231
107/12/07,16.88,16.92,16.82,16.92,886089,14943246,0.10,151
107/12/10,16.95,16.95,16.85,16.86,777000,13125680,-0.06,204
107/12/11,16.86,16.87,16.82,16.83,519035,8742604,-0.03,105
107/12/12,17.00,17.05,16.96,17.05,1421100,24176770,0.22,303
107/12/13,17.07,17.07,17.03,17.07,896100,15285568,0.02,198
107/12/14,16.87,16.87,16.73,16.77,984000,16492790,-0.30,313
107/12/17,16.74,16.85,16.72,16.80,477294,8008245,0.03,97
107/12/18,16.78,16.78,16.73,16.78,915000,15332980,-0.02,105
107/12/19,16.79,16.81,16.75,16.80,781000,13104900,0.02,99
107/12/20,16.70,16.70,16.56,16.56,2180000,36211120,-0.24,228
107/12/21,16.50,16.54,16.50,16.51,481000,7943800,-0.05,119
107/12/22,16.20,16.20,16.13,16.13,572050,9240872,-0.38,258
107/12/23,16.10,16.10,16.08,16.08,702000,11296620,0.05,191
107/12/24,16.24,16.34,16.24,16.30,471100,7678604,0.17,259
107/12/25,16.28,16.29,16.07,16.10,381039,6156738,-0.20,189
107/12/26,16.15,16.20,16.10,16.10,595000,9623600,0.00,101
107/12/27,16.00,16.23,15.98,16.22,779400,12571776,0.12,149
107/12/28,16.17,16.20,16.12,16.19,314000,5074870,-0.03,50
108/01/02,16.21,16.26,16.21,16.21,278100,4512290,0.02,105
108/01/03,16.40,16.54,16.40,16.51,670000,11044700,0.30,200
108/01/04,16.60,16.66,16.59,16.64,1171000,19467720,0.13,228
108/01/07,16.78,16.89,16.78,16.83,1859017,31289134,0.19,322
108/01/08,16.81,16.85,16.80,16.84,973000,16364330,0.01,136
108/01/09,16.73,16.85,16.73,16.80,739050,12419401,-0.04,210
108/01/10,16.82,16.85,16.78,16.84,557000,9372140,0.04,100
108/01/11,16.56,16.64,16.56,16.61,953223,15831191,-0.23,192
108/01/14,16.62,16.62,16.56,16.59,242000,4015660,-0.02,65
108/01/15,16.54,16.58,16.53,16.57,159000,2631580,-0.02,43
108/01/16,16.41,16.42,16.38,16.42,578000,9482070,-0.15,130
108/01/17,16.38,16.40,16.37,16.38,269000,4406120,-0.04,101
108/01/18,16.60,16.60,16.51,16.55,479000,7922760,0.17,98
108/01/21,16.70,16.72,16.68,16.70,491082,8202012,0.15,142
108/01/22,16.72,16.78,16.71,16.71,1855000,31056150,0.01,256
108/01/23,16.62,16.69,16.62,16.68,191000,3181830,-0.03,48
108/01/24,16.68,16.75,16.68,16.74,184000,3075520,0.06,64
108/01/25,16.73,16.73,16.68,16.70,496000,8283130,-0.04,90
108/01/28,16.81,16.85,16.81,16.82,736000,12385130,0.12,157
108/01/29,16.84,16.84,16.73,16.77,587100,9838189,-0.05,80
108/01/30,16.77,16.77,16.73,16.77,809000,13539520,0.00,107
108/02/11,16.70,16.77,16.68,16.76,527179,8815205,-0.01,91
108/02/12,16.56,16.62,16.55,16.59,462294,7667853,-0.17,121
108/02/13,16.75,16.77,16.69,16.76,835000,13968310,0.17,134
108/02/14,16.71,16.74,16.67,16.72,472000,7884940,-0.04,87
108/02/15,16.58,16.58,16.52,16.55,1409241,23324852,-0.17,243
108/02/18,16.55,16.61,16.55,16.61,460000,7624170,0.06,121
108/02/19,16.61,16.64,16.60,16.60,769000,12782880,-0.01,103
108/02/20,16.52,16.52,16.46,16.48,1410294,23260893,-0.12,315
108/02/21,16.52,16.52,16.49,16.50,591200,9760038,0.02,112
108/02/22,16.65,16.71,16.63,16.71,1856059,30968578,0.21,325
108/02/25,16.75,16.92,16.75,16.85,2018118,34011899,0.14,576
108/02/26,16.67,16.68,16.57,16.62,1378000,22890210,-0.23,289
108/02/27,16.57,16.58,16.52,16.55,568336,9403028,-0.07,176
108/03/04,16.53,16.55,16.50,16.54,1337181,22093564,-0.01,237
108/03/05,16.55,16.56,16.53,16.55,892000,14759150,0.01,159
108/03/06,16.48,16.52,16.47,16.51,626000,10322000,-0.04,116
108/03/07,16.30,16.30,16.26,16.29,2046242,33319398,-0.22,461
108/03/08,16.28,16.29,16.26,16.29,398000,6479260,0.00,129
108/03/11,16.20,16.22,16.19,16.21,779000,12625790,-0.08,252
108/03/12,16.07,16.08,16.05,16.07,2034000,32679220,-0.14,455
108/03/13,16.18,16.20,16.14,16.18,692450,11197896,0.11,214
108/03/14,16.23,16.34,16.23,16.31,1424000,23205410,0.13,321
108/03/15,16.25,16.26,16.21,16.21,609200,9891068,-0.10,202
108/03/18,16.42,16.42,16.31,16.32,579000,9469630,0.11,163
108/03/19,16.31,16.34,16.30,16.34,234000,3819770,0.02,74
108/03/20,16.28,16.28,16.24,16.25,369200,5999411,-0.09,123
108/03/21,16.31,16.34,16.30,16.31,147061,2400297,0.06,59
108/03/22,16.37,16.41,16.36,16.41,499000,8178690,0.10,142
108/03/25,16.32,16.34,16.26,16.33,2659000,43390780,-0.08,273
108/03/26,16.33,16.33,16.30,16.33,539000,8798440,0.00,106
108/03/27,16.22,16.23,16.20,16.23,1145000,18568040,-0.10,205
108/03/28,16.01,16.03,15.99,16.02,2510550,40190368,-0.21,553
108/03/29,16.03,16.08,16.02,16.08,590000,9479510,0.06,143
108/04/01,15.98,16.04,15.97,16.04,764000,12221130,-0.04,213
108/04/02,16.18,16.22,16.14,16.19,963000,15576900,0.15,186
108/04/03,16.21,16.24,16.21,16.23,324000,5257310,0.04,92
108/04/08,16.16,16.27,16.16,16.25,415184,6732687,0.02,88
108/04/09,16.20,16.20,16.17,16.20,270000,4370770,-0.05,83
108/04/10,16.19,16.22,16.17,16.21,116000,1879760,0.01,44
108/04/11,16.25,16.25,16.21,16.22,226000,3666100,0.01,57
108/04/12,16.15,16.15,16.09,16.09,522249,8413271,-0.13,159
108/04/15,16.12,16.19,16.11,16.16,182000,2939590,0.07,51
108/04/16,16.19,16.20,16.12,16.13,549000,8876490,-0.03,69
108/04/17,16.00,16.03,15.98,16.03,785000,12564260,-0.10,252
108/04/18,15.87,15.87,15.84,15.86,1747001,27703875,-0.17,494
108/04/19,15.86,15.97,15.86,15.92,194188,3087076,0.06,76
108/04/22,15.91,15.92,15.87,15.88,560000,8900050,-0.04,152
108/04/23,15.83,15.83,15.80,15.83,481000,7608600,-0.05,190
108/04/24,15.59,15.60,15.56,15.59,1479088,23049416,-0.24,456
108/04/25,15.46,15.46,15.43,15.43,1928030,29775757,-0.16,575
108/04/26,15.46,15.47,15.41,15.42,974000,15037130,-0.01,240
108/04/29,15.44,15.48,15.44,15.46,504070,7792824,0.04,148
108/04/30,15.32,15.32,15.29,15.30,1334425,20420472,-0.16,425
108/05/02,15.12,15.14,15.09,15.14,1541074,23296297,-0.16,417
108/05/03,14.98,14.99,14.96,14.97,2999220,44909060,-0.17,711
108/05/06,14.64,14.67,14.59,14.64,3749267,54791812,-0.33,627
108/05/07,14.68,14.72,14.65,14.72,1853778,27209625,0.08,290
108/05/08,14.72,14.80,14.72,14.79,1309100,19349484,0.07,265
108/05/09,14.58,14.63,14.56,14.61,2102087,30687882,-0.18,406
108/05/10,14.52,14.53,14.40,14.42,3293030,47636914,-0.19,662
108/05/13,14.30,14.30,14.20,14.25,2075795,29561681,-0.17,456
108/05/14,14.45,14.49,14.42,14.47,1656301,23953276,0.22,336
108/05/15,14.61,14.75,14.61,14.75,2864000,42122050,0.28,511
108/05/16,14.85,14.86,14.78,14.86,1253147,18574584,0.11,370
108/05/17,14.94,14.94,14.84,14.84,1175790,17489393,-0.02,250
108/05/20,14.73,14.73,14.68,14.69,956000,14057580,-0.15,194
108/05/21,14.85,14.86,14.82,14.85,777000,11530570,0.16,182
108/05/22,14.65,14.72,14.65,14.68,647785,9513341,-0.17,179
108/05/23,14.73,14.73,14.65,14.66,730000,10715500,-0.02,175
108/05/24,14.61,14.61,14.56,14.59,766000,11169140,-0.07,166
108/05/27,14.67,14.70,14.66,14.66,741999,10882335,0.07,119
108/05/28,14.91,15.04,14.90,15.04,2076320,31071520,0.38,511
108/05/29,15.45,15.66,15.45,15.66,4752230,73941060,0.62,1033
108/05/30,15.49,15.50,15.39,15.46,2516018,38860805,-0.20,598
108/05/31,15.66,15.74,15.65,15.67,3546000,55635180,0.21,630
108/06/03,15.66,15.66,15.61,15.66,1646191,25746591,-0.01,277
108/06/04,15.68,15.85,15.68,15.82,1772252,27960274,0.16,390
108/06/05,15.58,15.59,15.50,15.57,1196000,18589140,-0.25,283
108/06/06,15.42,15.43,15.30,15.31,1570000,24094930,-0.26,331
108/06/10,15.10,15.12,15.05,15.08,2412000,36380490,-0.23,436
108/06/11,15.16,15.16,15.12,15.13,1116200,16896555,0.05,185
108/06/12,15.18,15.20,15.16,15.18,604000,9169180,0.05,130
108/06/13,15.58,15.66,15.53,15.63,2344203,36569852,0.45,460
108/06/14,15.71,15.74,15.66,15.67,1312000,20576620,0.04,239
108/06/17,16.03,16.08,16.01,16.05,2703166,43364916,0.38,593
108/06/18,16.16,16.18,15.94,16.05,2263300,36328418,0.00,418
108/06/19,16.07,16.07,16.00,16.03,1355000,21719520,-0.02,201
108/06/20,15.91,15.91,15.84,15.88,1230000,19505240,-0.15,283
108/06/21,16.08,16.11,15.94,16.07,2030475,32621818,0.19,354
108/06/24,15.93,16.02,15.89,15.96,1051302,16770395,-0.11,271
108/06/25,16.08,16.08,16.02,16.04,638631,10245226,0.08,170
108/06/26,15.83,15.83,15.75,15.77,899100,14194924,-0.27,292
108/06/27,15.73,15.80,15.72,15.77,340222,5363324,0.00,137
108/06/28,15.67,15.69,15.60,15.68,1068001,16704345,-0.09,270
108/07/01,15.92,15.96,15.87,15.91,2127188,33841883,0.23,445
108/07/02,15.60,15.62,15.56,15.57,1545772,24092739,-0.34,367
108/07/03,15.44,15.44,15.36,15.41,1224637,18863201,-0.16,313
108/07/04,15.51,15.57,15.51,15.55,665000,10328060,0.14,124
108/07/05,15.59,15.59,15.53,15.57,248000,3856560,0.02,64
108/07/08,15.45,15.45,15.40,15.43,1073022,16554901,-0.14,207
108/07/09,15.39,15.40,15.35,15.36,716000,11001610,-0.07,220
108/07/10,15.47,15.47,15.42,15.46,956000,14774010,0.10,138
108/07/11,15.63,15.64,15.61,15.62,1219000,19048080,0.16,243
108/07/12,15.70,15.70,15.65,15.66,1233057,19332643,0.04,151
108/07/15,15.93,16.00,15.90,15.99,1752000,27940070,0.33,413
108/07/16,15.70,15.70,15.67,15.68,618159,9696361,-0.31,211
108/07/17,15.51,15.52,15.47,15.49,663000,10273270,-0.19,190
108/07/18,15.40,15.46,15.38,15.43,600000,9239310,-0.06,167
108/07/19,15.40,15.50,15.38,15.50,562000,8680140,0.07,134
108/07/22,15.60,15.65,15.60,15.62,574000,8963930,0.12,175
108/07/23,15.53,15.57,15.53,15.55,387000,6016820,-0.07,100
108/07/24,15.46,15.53,15.45,15.52,491963,7612264,-0.03,112
108/07/25,15.55,15.61,15.53,15.60,296000,4614150,0.08,95
108/07/26,15.42,15.43,15.40,15.42,770645,11881011,-0.18,229
108/07/29,15.47,15.50,15.43,15.43,389000,6012250,0.01,82
108/07/30,15.47,15.50,15.46,15.46,202517,3133914,0.03,76
108/07/31,15.36,15.40,15.34,15.40,369649,5680563,-0.06,145
108/08/01,15.08,15.10,15.05,15.07,1547500,23318035,-0.33,432
108/08/02,14.83,14.90,14.80,14.90,1416333,21010428,-0.17,414
108/08/05,14.92,14.95,14.74,14.78,1265202,18742647,-0.12,309
108/08/06,14.88,14.94,14.84,14.94,880696,13116262,0.16,205
108/08/07,14.87,14.88,14.80,14.86,496183,7361630,-0.08,118
108/08/08,14.85,14.87,14.81,14.86,706000,10479530,0.00,112
108/08/12,15.16,15.23,15.16,15.21,1519200,23082952,0.35,279
108/08/13,15.04,15.25,15.04,15.18,904018,13732255,-0.03,170
108/08/14,15.26,15.26,15.21,15.23,441900,6730476,0.05,110
108/08/15,15.11,15.11,15.08,15.10,331092,4997845,-0.13,91
108/08/16,14.99,15.02,14.99,15.01,349000,5235940,-0.09,140
108/08/19,15.01,15.01,14.97,14.99,116000,1738270,-0.02,54
108/08/20,14.91,14.94,14.90,14.94,366000,5461070,-0.05,108
108/08/21,14.88,14.92,14.88,14.92,253000,3769940,-0.02,84
108/08/22,14.92,14.96,14.92,14.95,74000,1105830,0.03,43
108/08/23,14.92,14.92,14.89,14.89,235999,3516295,-0.06,98
108/08/26,14.74,14.78,14.73,14.75,1547666,22841166,-0.14,250
108/08/27,14.83,14.83,14.76,14.76,1351000,19990530,0.01,124
108/08/28,14.75,14.75,14.69,14.72,1127004,16583859,-0.04,197
108/08/29,14.86,14.87,14.83,14.87,419100,6223557,0.15,118
108/08/30,14.89,14.91,14.87,14.91,603000,8971460,0.04,99
108/09/02,14.86,14.88,14.86,14.88,145672,2165393,-0.03,51
108/09/03,14.81,14.82,14.78,14.78,326000,4827250,-0.10,110
108/09/04,14.83,14.88,14.82,14.88,404000,5995890,0.10,61
108/09/05,14.93,15.00,14.92,14.97,783026,11721700,0.09,183
108/09/06,14.78,14.80,14.75,14.79,2474202,36525427,-0.18,269
108/09/09,14.72,14.74,14.70,14.72,959386,14122633,-0.07,208
108/09/10,14.72,14.80,14.71,14.79,6472000,95493750,0.07,322
108/09/11,14.92,14.94,14.90,14.93,1369000,20424360,0.14,258
108/09/12,14.95,14.95,14.89,14.93,846200,12621748,0.00,158
108/09/16,15.22,15.34,15.22,15.30,5956100,91098909,0.37,587
108/09/17,15.31,15.34,15.30,15.32,1486183,22769153,0.02,217
108/09/18,15.24,15.27,15.20,15.25,541005,8241806,-0.07,140
108/09/19,15.20,15.22,15.15,15.16,1125000,17088000,-0.09,164
108/09/20,15.22,15.23,15.18,15.22,183000,2783130,0.06,65
108/09/23,15.11,15.19,15.10,15.17,862333,13040278,-0.05,145
108/09/24,15.19,15.24,15.19,15.22,383000,5823530,0.05,102
108/09/25,15.26,15.29,15.26,15.29,636100,9718019,0.07,120
108/09/26,15.18,15.18,15.15,15.15,300000,4549620,-0.14,87
108/09/27,15.15,15.17,15.08,15.10,309000,4667490,-0.05,103
108/10/01,15.43,15.46,15.41,15.45,2639268,40738507,0.35,382
108/10/02,15.62,15.63,15.59,15.59,1993000,31124700,0.14,397
108/10/03,15.56,15.57,15.54,15.57,2010192,31270510,-0.02,190
108/10/04,15.54,15.54,15.50,15.50,668000,10371130,-0.07,111
108/10/07,15.61,15.63,15.60,15.62,1291038,20149769,0.12,136
108/10/08,15.59,15.59,15.54,15.58,570095,8869961,-0.04,86
108/10/09,15.64,15.68,15.64,15.68,1300000,20361220,0.10,197
108/10/14,16.04,16.05,15.95,15.95,1861000,29751780,0.27,405
108/10/15,15.94,15.97,15.90,15.91,584300,9293914,-0.04,146
108/10/16,15.88,15.90,15.86,15.87,750100,11910827,-0.04,123
108/10/17,15.81,15.81,15.75,15.77,453000,7143810,-0.10,92
108/10/18,15.82,15.91,15.81,15.88,338000,5368100,0.11,114
108/10/21,15.86,15.93,15.82,15.89,516208,8202074,0.01,102
108/10/22,15.85,15.86,15.80,15.86,647000,10233840,-0.03,92
108/10/23,15.86,15.91,15.86,15.90,396000,6294960,0.04,60
108/10/24,15.88,15.89,15.85,15.85,258000,4091360,-0.05,56
108/10/25,15.83,15.88,15.83,15.87,185000,2931070,0.02,42
108/10/28,15.72,15.72,15.62,15.62,567253,8880632,-0.25,161
108/10/29,15.65,15.65,15.62,15.63,180200,2817308,0.01,75
108/10/30,15.65,15.68,15.63,15.66,606000,9487190,0.03,139
108/10/31,15.63,15.63,15.61,15.63,405000,6326040,-0.03,99
108/11/01,15.63,15.64,15.56,15.62,423628,6602869,-0.01,87
108/11/04,15.65,15.66,15.63,15.66,400627,6271653,0.04,96
108/11/05,15.66,15.70,15.66,15.70,245190,3845607,0.04,76
108/11/06,15.61,15.63,15.58,15.61,298000,4651260,-0.09,107
108/11/07,15.53,15.53,15.48,15.49,487000,7544930,-0.12,155
108/11/08,15.61,15.66,15.60,15.66,481000,7519980,0.17,76
108/11/11,15.53,15.53,15.47,15.51,285000,4417360,-0.15,78
108/11/12,15.36,15.38,15.32,15.35,361000,5538450,-0.16,122
108/11/13,15.35,15.38,15.32,15.37,104000,1595940,0.02,37
108/11/14,15.33,15.34,15.28,15.29,309000,4731100,-0.08,106
108/11/15,15.34,15.36,15.32,15.36,109000,1671210,0.07,32
108/11/18,15.39,15.40,15.37,15.40,144000,2215730,0.04,37
108/11/19,15.25,15.26,15.24,15.24,347000,5290440,-0.16,124
108/11/20,15.28,15.30,15.27,15.27,114000,1742310,0.03,45
108/11/21,15.16,15.16,15.13,15.14,308000,4664270,-0.13,114
108/11/22,15.09,15.09,15.06,15.06,358000,5395320,-0.08,156
108/11/25,15.04,15.05,15.01,15.03,255000,3832000,-0.03,94
108/11/26,14.95,14.97,14.94,14.95,764000,11424390,-0.08,250
108/11/27,14.81,14.84,14.81,14.83,1212000,17967810,-0.12,345
108/11/28,14.78,14.79,14.76,14.79,746000,11028680,-0.04,166
108/11/29,14.81,14.94,14.80,14.94,1114000,16568340,0.15,186
108/12/02,14.90,14.90,14.74,14.77,1063328,15704375,-0.17,292
108/12/03,14.68,14.68,14.64,14.65,1253500,18372825,-0.12,362
108/12/04,14.64,14.65,14.61,14.62,979038,14323450,-0.03,231
108/12/05,14.68,14.77,14.68,14.76,942000,13892100,0.14,217
108/12/06,14.82,14.88,14.82,14.86,858000,12742510,0.10,197
108/12/09,14.90,15.00,14.90,14.97,975000,14594240,0.11,216
108/12/10,15.03,15.07,15.03,15.07,753199,11339344,0.10,172
108/12/11,15.08,15.08,15.03,15.06,353000,5314270,-0.01,132
108/12/12,14.99,14.99,14.94,14.97,583000,8715180,-0.09,131
108/12/13,15.14,15.28,15.14,15.25,1249000,19006180,0.28,368
108/12/16,15.28,15.33,15.27,15.32,747007,11434186,0.07,183
108/12/17,15.39,15.43,15.36,15.42,535000,8243760,0.10,233
108/12/18,15.44,15.45,15.43,15.43,606259,9358236,0.01,146
108/12/19,15.42,15.47,15.37,15.37,826000,12725220,-0.06,169
108/12/20,15.37,15.40,15.36,15.37,244000,3751580,0.00,69
108/12/23,15.41,15.43,15.39,15.40,449100,6921360,0.03,86
108/12/24,15.44,15.47,15.42,15.44,338000,5218650,0.04,71
108/12/25,15.46,15.48,15.46,15.46,618000,9555080,0.02,95
108/12/26,15.49,15.60,15.48,15.59,1335155,20777754,0.13,354
108/12/27,15.59,15.60,15.57,15.59,862000,13437640,0.00,205
108/12/30,15.50,15.53,15.43,15.50,1727000,26723050,-0.09,195
108/12/31,15.59,15.62,15.55,15.55,2761262,42987135,0.05,193
109/01/02,15.63,15.66,15.63,15.65,597517,9344805,0.10,134
109/01/03,15.69,15.69,15.62,15.64,579191,9057916,-0.01,142
109/01/06,15.45,15.46,15.40,15.40,1571000,24229090,-0.24,268
109/01/07,15.47,15.50,15.47,15.50,341000,5280680,0.10,100
109/01/08,15.47,15.48,15.37,15.41,683000,10515790,-0.09,175
109/01/09,15.48,15.57,15.48,15.54,617000,9579780,0.13,107
109/01/10,15.48,15.51,15.47,15.48,439000,6798070,-0.06,91
109/01/13,15.51,15.55,15.50,15.52,341000,5293580,0.04,58
109/01/14,15.42,15.45,15.39,15.39,422100,6505411,-0.13,84
109/01/15,15.40,15.43,15.39,15.41,247000,3806180,0.02,65
109/01/16,15.26,15.26,15.16,15.17,895000,13590730,-0.24,222
109/01/17,15.13,15.16,15.13,15.14,283000,4283610,-0.03,84
109/01/20,15.18,15.23,15.18,15.21,193000,2933860,0.07,74
109/01/30,14.90,14.90,14.60,14.63,1859000,27215700,-0.58,489
109/01/31,14.41,14.57,14.41,14.52,1006206,14595527,-0.11,297
109/02/03,14.36,14.36,14.28,14.33,1862400,26651400,-0.19,385
109/02/04,14.36,14.46,14.33,14.44,885521,12768809,0.11,202
109/02/05,14.39,14.49,14.39,14.47,639050,9233383,0.03,159
109/02/06,14.47,14.51,14.46,14.51,902000,13060710,0.04,198
109/02/07,14.50,14.52,14.48,14.51,257100,3730071,0.00,80
109/02/10,14.49,14.54,14.49,14.52,473100,6867181,0.01,93
109/02/11,14.49,14.57,14.49,14.54,393000,5716880,0.02,89
109/02/12,14.53,14.54,14.47,14.50,570027,8266682,-0.04,210
109/02/13,14.60,14.64,14.58,14.59,444353,6489922,0.09,112
109/02/14,14.62,14.65,14.61,14.63,820100,11996485,0.04,107
109/02/17,14.65,14.68,14.63,14.66,1294260,18960119,0.03,262
109/02/18,14.69,14.70,14.56,14.67,1856000,27131590,0.01,380
109/02/19,14.62,14.65,14.60,14.61,1161000,16974950,-0.06,324
109/02/20,14.63,14.67,14.63,14.64,819000,11997970,0.03,185
109/02/21,14.61,14.63,14.59,14.60,606121,8853154,-0.04,166
109/02/24,14.52,14.52,14.46,14.47,1689284,24456472,-0.13,354
109/02/25,14.35,14.42,14.33,14.36,1842015,26463107,-0.11,538
109/02/26,14.36,14.43,14.36,14.43,1148290,16537796,0.07,219
109/02/27,14.45,14.45,14.36,14.36,1169210,16827834,-0.07,257
109/03/02,14.41,14.57,14.41,14.52,1871300,27155996,0.16,360
109/03/03,14.55,14.61,14.55,14.58,1411047,20571802,0.06,235
109/03/04,14.60,14.69,14.60,14.62,2011204,29430184,0.04,286
109/03/05,14.65,14.70,14.65,14.69,1753331,25741918,0.07,263
109/03/06,14.54,14.54,14.42,14.42,2699275,39072419,-0.27,445
109/03/09,14.11,14.13,14.03,14.04,3302366,46436642,-0.38,624
109/03/10,14.12,14.19,14.11,14.19,1049254,14852473,0.15,252
109/03/11,14.17,14.23,14.16,14.16,1295000,18390050,-0.03,191
109/03/12,14.05,14.05,13.80,13.81,4521420,62675791,-0.35,556
109/03/13,13.01,13.75,13.00,13.72,3322784,44277691,-0.09,508
109/03/16,13.51,13.73,13.50,13.60,1929000,26341200,-0.12,209
109/03/17,13.16,13.35,13.16,13.26,1080000,14327060,-0.34,224
109/03/18,13.19,13.36,13.19,13.30,1587470,21105512,0.04,154
109/03/19,13.30,13.30,13.14,13.23,1942060,25686252,-0.07,265
109/03/20,13.68,13.73,13.55,13.71,4117000,56301010,0.48,549
109/03/23,13.83,14.12,13.83,14.03,10536200,147688688,0.32,2675
109/03/24,14.40,14.40,14.25,14.30,8014030,114600250,0.27,1068
109/03/25,14.39,14.47,14.34,14.43,2410200,34756328,0.13,604
109/03/26,14.24,14.24,14.15,14.21,2759000,39168180,-0.22,475
109/03/27,14.21,14.32,14.21,14.29,2505000,35756600,0.08,386
109/03/30,14.35,14.44,14.33,14.42,3841040,55252015,0.13,681
109/03/31,14.34,14.34,14.28,14.34,2948050,42184026,-0.08,600
109/04/01,14.32,14.33,14.12,14.19,2641000,37523060,-0.15,572
109/04/06,13.82,13.83,13.74,13.82,4025000,55506740,-0.37,764
109/04/07,13.93,13.96,13.89,13.91,4002357,55731934,0.09,550
109/04/08,13.81,13.90,13.80,13.87,1770158,24539805,-0.04,361
109/04/09,13.84,13.90,13.83,13.88,1076136,14925391,0.01,254
109/04/10,13.97,14.20,13.92,14.20,1787485,25156959,0.32,545
109/04/13,14.13,14.13,13.99,14.00,4715172,66176532,-0.20,979
109/04/14,13.84,13.86,13.81,13.83,3160600,43722215,-0.17,671
109/04/15,13.76,13.77,13.72,13.76,2680300,36842185,-0.07,538
109/04/16,13.67,13.70,13.66,13.68,1402000,19181190,-0.08,371
109/04/17,13.63,13.65,13.56,13.65,8032300,109292814,-0.03,1489
109/04/20,13.60,13.60,13.50,13.50,3931400,53230241,-0.15,1115
109/04/21,13.38,13.38,13.26,13.29,4438450,59086974,-0.21,1081
109/04/22,13.42,13.48,13.41,13.42,3424300,46005837,0.13,705
109/04/23,13.54,13.69,13.51,13.69,17504040,238209039,0.27,2208
109/04/24,13.61,14.42,13.57,14.38,35094000,490582350,0.69,5226
109/04/27,14.11,14.28,13.81,14.24,15347351,216232368,-0.14,2645
109/04/28,14.10,14.23,14.01,14.01,6488999,91369215,-0.23,1454
109/04/29,13.90,14.00,13.85,13.85,7353500,102047615,-0.16,1583
109/04/30,13.98,14.14,13.95,14.10,6428100,90464663,0.25,1272
109/05/04,14.10,14.14,13.99,14.00,4433000,62270220,-0.10,1060
109/05/05,13.93,13.97,13.84,13.94,5238242,72682450,-0.06,1213
109/05/06,13.96,13.96,13.81,13.83,3731816,51758731,-0.11,771
109/05/07,13.81,13.83,13.67,13.67,5506000,75566770,-0.16,1247
109/05/08,13.73,13.89,13.73,13.81,4273300,59110124,0.14,822
109/05/11,13.95,13.96,13.87,13.89,5104000,70958360,0.08,1026
109/05/12,13.88,13.89,13.82,13.86,1542000,21345140,-0.03,489
109/05/13,13.82,13.85,13.80,13.83,1129000,15607450,-0.03,317
109/05/14,13.70,13.70,13.60,13.61,4395578,59969025,-0.22,1133
109/05/15,13.62,13.67,13.62,13.65,1457000,19877880,0.04,413
109/05/18,13.65,13.69,13.59,13.68,2657473,36248324,0.03,603
109/05/19,13.76,13.79,13.69,13.71,3191000,43842740,0.03,641
109/05/20,13.71,13.76,13.70,13.73,2058200,28258606,0.02,477
109/05/21,13.75,13.83,13.73,13.75,2714000,37393410,0.02,644
109/05/22,13.64,13.64,13.56,13.58,3465000,47073190,-0.17,900
