107/06/21,9.26,9.45,9.00,9.02,1225000,11184410,-0.98,424
107/06/22,9.13,9.20,9.02,9.10,536000,4899660,0.08,227
107/06/25,9.10,9.19,9.00,9.10,452000,4097010,0.00,116
107/06/26,9.10,9.10,9.02,9.05,196000,1775530,-0.05,65
107/06/27,9.06,9.07,9.00,9.05,275000,2484260,0.00,84
107/06/28,9.03,9.03,9.00,9.01,159000,1433840,-0.04,38
107/06/29,9.01,9.01,8.57,9.00,421010,3725530,-0.01,139
107/07/02,8.99,8.99,8.72,8.85,208000,1831400,-0.15,66
107/07/03,8.87,8.87,8.71,8.71,190000,1663050,-0.14,54
107/07/04,8.78,8.78,8.71,8.73,39000,340890,0.02,17
107/07/05,8.70,8.72,8.70,8.70,113000,983550,-0.03,24
107/07/06,8.71,8.71,8.65,8.65,100000,868620,-0.05,20
107/07/09,8.65,8.72,8.65,8.71,137000,1189860,0.06,16
107/07/10,8.66,8.68,8.65,8.67,357000,3096700,-0.04,66
107/07/11,8.67,8.69,8.66,8.66,56000,486080,-0.01,15
107/07/12,8.63,8.65,8.56,8.56,97000,834450,-0.10,44
107/07/13,8.60,8.88,8.50,8.88,85000,736470,0.32,30
107/07/16,8.87,8.87,8.68,8.85,22000,192240,-0.03,10
107/07/17,8.77,8.77,8.72,8.72,37000,324050,-0.13,16
107/07/18,8.65,8.72,8.64,8.72,113000,984850,0.00,33
107/07/19,8.71,8.71,8.65,8.65,11000,95670,-0.07,10
107/07/20,8.65,8.65,8.58,8.59,55000,472710,-0.06,22
107/07/23,8.60,8.60,8.58,8.59,169000,1450850,0.00,38
107/07/24,8.59,8.65,8.59,8.62,61000,526060,0.03,22
107/07/25,8.68,8.71,8.68,8.70,39000,339270,0.08,20
107/07/26,8.80,8.80,8.69,8.69,24000,210890,-0.01,11
107/07/27,8.69,8.76,8.69,8.70,17000,147910,0.01,8
107/07/30,8.70,8.70,8.65,8.70,38000,329680,0.00,14
107/07/31,8.70,8.70,8.65,8.69,128000,1109600,-0.01,37
107/08/01,8.66,8.74,8.61,8.74,154000,1332100,0.05,33
107/08/02,8.69,8.70,8.65,8.65,40000,346800,-0.09,11
107/08/03,8.68,8.68,8.65,8.66,70000,606000,0.01,16
107/08/06,8.65,8.66,8.65,8.66,14000,121190,0.00,9
107/08/07,8.66,8.67,8.65,8.65,88000,761910,-0.01,21
107/08/08,8.65,8.65,8.65,8.65,10000,86500,0.00,4
107/08/09,8.65,8.68,8.62,8.62,86000,742800,-0.03,24
107/08/10,8.62,8.72,8.58,8.58,134000,1152950,-0.04,33
107/08/13,8.58,8.60,8.50,8.54,245000,2092050,-0.04,63
107/08/14,8.51,8.51,8.39,8.51,160000,1349830,-0.03,33
107/08/15,8.50,8.51,8.50,8.51,50000,425150,0.00,18
107/08/16,8.51,8.51,8.40,8.44,243000,2052830,-0.07,52
107/08/17,8.44,8.58,8.44,8.44,13000,109860,0.00,6
107/08/20,8.46,8.46,8.46,8.46,14000,118440,0.02,5
107/08/21,8.46,8.59,8.46,8.50,45000,382210,0.04,13
107/08/22,8.53,8.63,8.53,8.61,9000,77210,0.11,6
107/08/23,8.55,8.63,8.50,8.50,90000,767630,-0.11,29
107/08/24,8.51,8.51,8.45,8.50,117000,992770,0.00,19
107/08/27,8.60,8.60,8.57,8.57,12000,103080,0.07,4
107/08/28,8.58,8.58,8.50,8.57,270000,2297330,0.00,35
107/08/29,8.59,8.60,8.56,8.60,25000,214430,0.03,12
107/08/30,8.60,8.60,8.50,8.52,249000,2125140,-0.08,27
107/08/31,8.53,8.59,8.48,8.52,287000,2442310,0.00,40
107/09/03,8.52,8.58,8.48,8.52,280000,2383800,0.00,39
107/09/04,8.50,8.50,8.50,8.50,6000,51000,-0.02,3
107/09/05,8.58,8.58,8.45,8.47,366000,3105440,-0.03,37
107/09/06,8.51,8.51,8.51,8.51,7000,59570,0.04,2
107/09/07,8.51,8.52,8.50,8.50,22000,187130,-0.01,10
107/09/10,8.57,8.57,8.40,8.46,375000,3172870,-0.04,36
107/09/11,8.50,8.55,8.40,8.46,515000,4346770,0.00,41
107/09/12,8.45,8.55,8.45,8.55,13000,110350,0.09,5
107/09/13,8.55,8.55,8.50,8.50,42000,357970,-0.05,12
107/09/14,8.45,8.68,8.45,8.68,52000,448670,0.18,20
107/09/17,8.60,8.62,8.60,8.62,11000,94780,-0.06,4
107/09/18,8.60,8.60,8.41,8.46,460000,3898380,-0.16,64
107/09/19,8.54,8.54,8.40,8.50,368000,3102510,0.04,48
107/09/20,8.50,8.51,8.50,8.50,23000,195510,0.00,7
107/09/21,8.43,8.52,8.42,8.44,107000,905690,-0.06,20
107/09/25,8.50,8.50,8.47,8.50,10000,84960,0.06,6
107/09/26,8.50,8.54,8.50,8.54,6000,51120,0.04,2
107/09/27,8.54,8.55,8.42,8.50,240000,2033360,-0.04,44
107/09/28,8.49,8.52,8.41,8.52,315000,2659490,0.02,60
107/10/01,8.52,8.52,8.46,8.46,44000,373430,-0.06,14
107/10/02,8.44,8.45,8.41,8.44,164000,1381250,-0.02,25
107/10/03,8.44,8.52,8.41,8.45,352000,2977390,0.01,50
107/10/04,8.42,8.45,8.41,8.44,216000,1818690,-0.01,37
107/10/05,8.40,8.44,8.40,8.44,99000,832130,0.00,21
107/10/08,8.40,8.43,8.40,8.43,206000,1731650,-0.01,31
107/10/09,8.40,8.43,8.40,8.43,431000,3628860,0.00,29
107/10/11,8.40,8.40,8.25,8.35,369000,3075630,-0.08,62
107/10/12,8.31,8.36,8.25,8.35,70000,579850,0.00,20
107/10/15,8.35,8.38,8.35,8.38,58000,484450,0.03,9
107/10/16,8.36,8.39,8.36,8.39,206000,1727070,0.01,62
107/10/17,8.40,8.42,8.39,8.42,321000,2699280,0.03,20
107/10/18,8.40,8.41,8.40,8.40,132000,1109510,-0.02,16
107/10/19,8.40,8.40,8.38,8.40,94000,789480,0.00,10
107/10/22,8.40,8.41,8.40,8.41,101000,848900,0.01,4
107/10/23,8.41,8.42,8.36,8.42,124000,1043340,0.01,6
107/10/24,8.42,8.42,8.42,8.42,54000,454680,0.00,3
107/10/25,8.42,8.42,8.31,8.41,168000,1410180,-0.01,13
107/10/26,8.33,8.33,8.32,8.32,5000,41630,-0.09,3
107/10/29,8.35,8.40,8.35,8.38,126000,1056710,0.06,11
107/10/30,8.38,8.40,8.38,8.38,170000,1426620,0.00,18
107/10/31,8.38,8.39,8.38,8.39,58000,486190,0.01,8
107/11/01,8.39,8.40,8.39,8.40,74000,621590,0.01,5
107/11/02,8.41,8.41,8.40,8.41,204000,1714110,0.01,19
107/11/05,8.41,8.41,8.40,8.41,59000,496120,0.00,8
107/11/06,8.39,8.40,8.37,8.38,170000,1426190,-0.03,12
107/11/07,8.38,8.39,8.38,8.39,3000,25160,0.01,2
107/11/08,8.39,8.40,8.39,8.40,400000,3358650,0.01,19
107/11/09,8.40,8.40,8.39,8.40,92000,772390,0.00,5
107/11/12,8.39,8.40,8.39,8.40,79000,663310,0.00,4
107/11/13,8.40,8.40,8.40,8.40,27000,226800,0.00,1
107/11/14,8.40,8.40,8.39,8.39,233000,1957020,-0.01,21
107/11/15,8.39,8.39,8.38,8.38,2000,16770,-0.01,2
107/11/16,8.45,8.45,8.39,8.39,27000,226830,0.01,6
107/11/19,8.39,8.39,8.39,8.39,1000,8390,0.00,1
107/11/20,8.40,8.40,8.40,8.40,8000,67200,0.01,4
107/11/21,8.40,8.45,8.40,8.45,15000,126050,0.05,5
107/11/22,--,--,--,--,0,0,0.00,0
107/11/23,--,--,--,--,0,0,0.00,0
107/11/26,--,--,--,--,0,0,0.00,0
107/11/27,--,--,--,--,0,0,0.00,0
107/11/28,8.45,8.49,8.45,8.49,16000,135690,0.00,6
107/11/29,8.40,8.59,8.36,8.50,71000,596800,0.01,16
107/11/30,8.47,8.49,8.45,8.45,5000,42360,-0.05,4
107/12/03,8.45,8.45,8.41,8.41,11000,92910,-0.04,4
107/12/04,8.42,8.45,8.42,8.45,40000,337700,0.04,12
107/12/05,8.45,8.50,8.45,8.50,24000,203950,0.05,9
107/12/06,8.46,8.50,8.46,8.50,5000,42340,0.00,2
107/12/07,8.50,8.53,8.50,8.51,11000,93660,0.01,5
107/12/10,8.53,8.55,8.53,8.55,32000,273540,0.04,9
107/12/11,8.51,8.55,8.51,8.55,14000,119540,0.00,3
107/12/12,8.65,8.65,8.55,8.62,34000,292710,0.07,10
107/12/13,8.63,8.63,8.59,8.62,24000,206370,0.00,7
107/12/14,8.60,8.60,8.58,8.59,73000,626420,-0.03,16
107/12/17,8.52,8.52,8.52,8.52,5000,42600,-0.07,1
107/12/18,8.52,8.52,8.50,8.50,22000,187260,-0.02,8
107/12/19,8.50,8.52,8.50,8.52,18000,153250,0.02,8
107/12/20,8.50,8.51,8.49,8.51,13000,110480,-0.01,5
107/12/21,8.51,8.51,8.47,8.47,13000,110480,-0.04,5
107/12/22,8.48,8.50,8.46,8.50,21000,177890,0.03,8
107/12/23,8.50,8.55,8.40,8.46,515000,4346770,0.00,41
107/12/24,8.51,8.51,8.50,8.51,18000,153080,0.01,4
107/12/25,8.50,8.58,8.48,8.58,22000,187100,0.07,10
107/12/26,8.55,8.58,8.50,8.58,19000,162480,0.00,4
107/12/27,8.49,8.56,8.49,8.56,19000,162010,-0.02,6
107/12/28,8.50,8.56,8.49,8.56,46000,391810,0.00,8
108/01/02,8.60,8.60,8.60,8.60,31000,266600,0.04,4
108/01/03,--,--,--,--,0,0,0.00,0
108/01/04,8.55,8.75,8.55,8.75,77000,664710,0.00,22
108/01/07,8.75,8.75,8.75,8.75,2000,17500,0.00,1
108/01/08,8.75,8.80,8.74,8.80,54000,473130,0.05,14
108/01/09,8.80,8.87,8.78,8.87,45000,395750,0.07,6
108/01/10,8.89,8.90,8.85,8.85,18000,159660,-0.02,8
108/01/11,8.85,8.85,8.79,8.85,11000,97290,0.00,7
108/01/14,8.78,8.84,8.78,8.84,11000,96700,-0.01,7
108/01/15,8.84,8.84,8.76,8.76,24000,210540,-0.08,9
108/01/16,8.78,8.78,8.78,8.78,1000,8780,0.02,1
108/01/17,8.78,8.78,8.77,8.77,17000,149200,-0.01,4
108/01/18,8.77,8.77,8.77,8.77,5000,43850,0.00,2
108/01/21,--,--,--,--,0,0,0.00,0
108/01/22,8.77,8.77,8.67,8.76,31000,270520,0.00,12
108/01/23,8.20,8.76,8.20,8.76,96000,812420,0.00,22
108/01/24,8.75,8.76,8.72,8.76,124000,1085720,0.00,13
108/01/25,8.71,8.76,8.71,8.76,4000,34890,0.00,2
108/01/28,8.70,8.75,8.64,8.65,96000,833110,-0.11,17
108/01/29,8.70,8.87,8.69,8.87,46000,401820,0.22,12
108/01/30,8.86,8.86,8.86,8.86,1000,8860,-0.01,1
108/02/11,8.85,8.85,8.85,8.85,9000,79650,-0.01,1
108/02/12,8.80,8.85,8.80,8.85,6000,52850,0.00,3
108/02/13,8.80,8.85,8.78,8.85,20000,175850,0.00,9
108/02/14,8.86,8.86,8.86,8.86,1000,8860,0.01,1
108/02/15,8.86,8.86,8.85,8.85,16000,141750,-0.01,6
108/02/18,8.86,8.88,8.85,8.88,86000,763100,0.03,23
108/02/19,8.86,8.88,8.86,8.87,29000,257180,-0.01,10
108/02/20,8.88,8.89,8.88,8.89,66000,586440,0.02,15
108/02/21,8.90,9.00,8.89,8.90,51000,454280,0.01,8
108/02/22,8.88,9.00,8.88,8.98,17000,151810,0.08,8
108/02/25,8.92,9.00,8.92,9.00,4000,35760,0.02,2
108/02/26,9.01,9.01,9.00,9.01,34000,306040,0.01,3
108/02/27,9.03,9.03,9.00,9.00,64000,576090,-0.01,15
108/03/04,9.02,9.02,9.00,9.00,9000,81140,0.00,3
108/03/05,9.00,9.01,8.98,9.01,9000,80990,0.01,5
108/03/06,9.02,9.40,9.02,9.27,73000,668710,0.26,14
108/03/07,9.20,9.20,9.01,9.01,48000,432940,-0.26,8
108/03/08,9.02,9.02,9.02,9.02,98000,883960,0.01,14
108/03/11,9.04,9.04,9.04,9.04,4000,36160,0.02,3
108/03/12,9.05,9.10,9.05,9.05,15000,135950,0.01,6
108/03/13,9.05,9.11,9.05,9.10,93000,847030,0.05,10
108/03/14,9.12,9.12,9.08,9.10,66000,600870,0.00,13
108/03/15,9.29,9.29,9.15,9.18,16000,146960,0.08,11
108/03/18,9.20,9.20,9.16,9.18,134000,1229060,0.00,22
108/03/19,9.17,9.18,9.15,9.15,201000,1840790,-0.03,23
108/03/20,9.18,9.20,9.14,9.16,12000,110060,0.01,8
108/03/21,9.15,9.22,9.15,9.16,36000,329680,0.00,13
108/03/22,9.20,9.20,9.16,9.19,53000,486450,0.03,8
108/03/25,9.16,9.16,9.15,9.15,21000,192200,-0.04,10
108/03/26,9.10,9.10,9.02,9.05,53000,479230,0.00,11
108/03/27,9.06,9.06,9.04,9.06,45000,407480,0.01,9
108/03/28,9.07,9.33,9.07,9.20,64000,586070,0.14,55
108/03/29,9.12,9.12,9.11,9.12,73000,665430,-0.08,8
108/04/01,9.00,9.03,9.00,9.03,31000,279070,-0.09,7
108/04/02,9.03,9.11,9.03,9.11,40000,361870,0.08,13
108/04/03,9.01,9.07,9.00,9.07,313013,2824068,-0.04,39
108/04/08,9.07,9.07,9.05,9.05,47013,425507,-0.02,11
108/04/09,9.06,9.06,9.01,9.05,102000,921710,0.00,14
108/04/10,9.05,9.06,8.98,9.06,197000,1774790,0.01,20
108/04/11,9.01,9.01,9.01,9.01,12000,108120,-0.05,3
108/04/12,9.01,9.01,9.01,9.01,32000,288320,0.00,8
108/04/15,9.01,9.01,9.00,9.00,15000,135130,-0.01,3
108/04/16,9.02,9.02,9.01,9.01,91000,820160,0.01,23
108/04/17,9.01,9.01,9.01,9.01,9000,81090,0.00,4
108/04/18,9.01,9.02,9.00,9.01,174000,1568600,0.00,22
108/04/19,9.02,9.02,9.02,9.02,1000,9020,0.01,1
108/04/22,9.05,9.05,9.02,9.02,44000,397120,0.00,14
108/04/23,9.02,9.03,9.01,9.02,184000,1658770,0.00,17
108/04/24,9.02,9.03,9.00,9.03,87000,783920,0.01,16
108/04/25,9.01,9.02,9.01,9.02,66000,594920,-0.01,10
108/04/26,9.01,9.02,9.00,9.02,111000,1000440,0.00,15
108/04/29,9.02,9.03,9.00,9.00,117000,1054100,-0.02,15
108/04/30,9.01,9.01,9.01,9.01,38000,342380,0.01,6
108/05/02,9.02,9.03,9.02,9.02,22000,198450,0.01,8
108/05/03,9.03,9.03,9.03,9.03,1000,9030,0.01,1
108/05/06,9.06,9.06,9.06,9.06,3000,27180,0.03,1
108/05/07,9.10,9.10,9.10,9.10,24000,218400,0.04,8
108/05/08,9.14,9.15,9.14,9.15,25000,228650,0.05,4
108/05/09,9.12,9.12,9.10,9.10,24000,218590,-0.05,8
108/05/10,--,--,--,--,0,0,0.00,0
108/05/13,9.02,9.14,9.02,9.14,8000,72330,0.00,4
108/05/14,9.02,9.10,9.02,9.09,33000,299870,-0.05,5
108/05/15,9.09,9.09,9.09,9.09,10000,90900,0.00,4
108/05/16,9.09,9.09,9.08,9.08,32000,290780,-0.01,8
108/05/17,9.08,9.09,9.07,9.07,127000,1153360,-0.01,9
108/05/20,9.07,9.08,9.07,9.07,68000,616770,0.00,7
108/05/21,9.07,9.08,9.07,9.07,57000,517440,0.00,8
108/05/22,9.13,9.25,9.13,9.25,89000,816680,0.18,30
108/05/23,9.25,9.25,9.12,9.12,27000,247250,-0.13,4
108/05/24,9.12,9.12,9.12,9.12,4000,36480,0.00,1
108/05/27,9.10,9.10,9.10,9.10,21000,191100,-0.02,2
108/05/28,9.10,9.22,9.10,9.22,6000,55200,0.12,2
108/05/29,9.12,9.20,9.12,9.20,8000,73520,-0.02,3
108/05/30,--,--,--,--,0,0,0.00,0
108/05/31,9.16,9.16,9.11,9.14,28000,255450,0.00,17
108/06/03,9.13,9.20,9.06,9.20,11000,100010,0.06,6
108/06/04,9.22,9.22,9.20,9.21,12000,110430,0.01,9
108/06/05,9.21,9.21,9.21,9.21,9000,82890,0.00,4
108/06/06,--,--,--,--,0,0,0.00,0
108/06/10,9.06,9.12,9.06,9.12,28000,254600,0.00,12
108/06/11,9.12,9.12,9.12,9.12,7000,63840,0.00,1
108/06/12,--,--,--,--,0,0,0.00,0
108/06/13,9.12,9.19,9.12,9.19,27000,247020,0.00,13
108/06/14,--,--,--,--,0,0,0.00,0
108/06/17,9.12,9.18,9.12,9.18,4000,36570,0.00,3
108/06/18,9.12,9.20,9.12,9.20,17000,155960,0.02,7
108/06/19,9.20,9.21,9.20,9.20,13000,119660,0.00,4
108/06/20,9.16,9.20,9.16,9.20,6000,55040,0.00,4
108/06/21,9.02,9.02,9.02,9.02,52000,469040,-0.18,4
108/06/24,9.10,9.10,9.09,9.10,28000,254790,0.08,9
108/06/25,9.11,9.11,9.11,9.11,13000,118430,0.01,8
108/06/26,9.10,9.11,9.10,9.11,68400,622740,0.00,11
108/06/27,9.12,9.20,9.12,9.20,6000,55120,0.09,2
108/06/28,9.20,9.24,9.11,9.22,35000,321980,0.02,6
108/07/01,--,--,--,--,0,0,0.00,0
108/07/02,9.19,9.19,9.19,9.19,5000,45950,0.00,1
108/07/03,9.18,9.18,9.18,9.18,10000,91800,-0.01,2
108/07/04,9.20,9.20,9.20,9.20,6000,55200,0.02,2
108/07/05,9.19,9.19,9.19,9.19,7000,64330,-0.01,3
108/07/08,9.17,9.17,9.17,9.17,4000,36680,-0.02,3
108/07/09,--,--,--,--,0,0,0.00,0
108/07/10,9.16,9.16,9.16,9.16,4000,36640,0.00,3
108/07/11,--,--,--,--,0,0,0.00,0
108/07/12,--,--,--,--,0,0,0.00,0
108/07/15,9.15,9.15,9.15,9.15,1000,9150,0.00,1
108/07/16,9.15,9.15,9.14,9.14,54230,495893,-0.01,10
108/07/17,9.15,9.15,9.15,9.15,8000,73200,0.01,3
108/07/18,9.14,9.16,9.14,9.16,5000,45780,0.01,3
108/07/19,9.15,9.24,9.15,9.24,92190,848627,0.08,25
108/07/22,9.16,9.17,9.16,9.16,58000,531680,-0.08,7
108/07/23,9.16,9.18,9.15,9.18,57000,522490,0.02,10
108/07/24,9.16,9.16,9.15,9.16,30000,274600,-0.02,3
108/07/25,9.16,9.16,9.16,9.16,9000,82440,0.00,4
108/07/26,9.15,9.17,9.15,9.17,411000,3764800,0.01,30
108/07/29,9.15,9.19,9.15,9.19,34040,311635,0.02,9
108/07/30,9.17,9.17,9.17,9.17,6000,55020,-0.02,2
108/07/31,9.16,9.16,9.16,9.16,50000,458000,-0.01,10
108/08/01,9.13,9.16,9.13,9.16,13000,119050,0.00,5
108/08/02,9.13,9.15,9.13,9.15,17000,155330,-0.01,5
108/08/05,9.14,9.14,9.14,9.14,13000,118820,-0.01,3
108/08/06,9.14,9.14,9.00,9.01,621000,5596560,-0.13,68
108/08/07,9.02,9.02,8.98,8.99,570000,5126860,-0.02,54
108/08/08,8.99,8.99,8.98,8.98,147000,1320740,-0.01,26
108/08/12,8.99,9.00,8.98,8.98,111000,997180,0.00,13
108/08/13,8.98,8.98,8.98,8.98,51000,457980,0.00,5
108/08/14,8.98,9.30,8.98,9.27,21000,191920,0.29,9
108/08/15,9.23,9.23,9.23,9.23,14000,129220,-0.04,3
108/08/16,9.22,9.22,9.22,9.22,12000,110640,-0.01,5
108/08/19,9.21,9.21,9.20,9.20,3000,27620,-0.02,2
108/08/20,9.15,9.20,9.01,9.20,7000,64160,0.00,4
108/08/21,9.05,9.05,9.05,9.05,1000,9050,-0.15,1
108/08/22,9.08,9.08,9.08,9.08,1013,9197,0.03,2
108/08/23,--,--,--,--,0,0,0.00,0
108/08/26,8.96,9.18,8.96,9.18,18000,161500,0.00,5
108/08/27,--,--,--,--,0,0,0.00,0
108/08/28,9.10,9.10,9.08,9.08,20000,181620,0.00,2
108/08/29,9.05,9.13,9.05,9.09,44000,398940,0.01,9
108/08/30,9.05,9.15,9.05,9.15,13000,117770,0.06,5
108/09/02,9.15,9.15,9.13,9.14,20000,182850,-0.01,8
108/09/03,9.10,9.15,9.10,9.15,2000,18250,0.01,2
108/09/04,9.14,9.14,9.10,9.14,9000,82030,-0.01,5
108/09/05,9.10,9.11,9.10,9.11,24000,218630,-0.03,5
108/09/06,9.12,9.14,9.11,9.11,56000,510960,0.00,13
108/09/09,9.11,9.12,9.11,9.12,23000,209750,0.01,7
108/09/10,9.14,9.20,9.14,9.16,31000,285000,0.04,10
108/09/11,9.16,9.16,9.13,9.16,41000,375290,0.00,6
108/09/12,9.16,9.17,9.16,9.17,3000,27490,0.01,2
108/09/16,9.15,9.18,9.15,9.17,27000,247560,0.00,12
108/09/17,9.17,9.17,9.17,9.17,10000,91700,0.00,6
108/09/18,9.17,9.17,9.15,9.15,24000,219680,-0.02,8
108/09/19,9.20,9.20,9.18,9.18,10000,91980,0.03,2
108/09/20,9.16,9.17,9.16,9.17,2000,18330,-0.01,2
108/09/23,9.20,9.35,9.00,9.00,2018100,18377609,-0.17,120
108/09/24,9.14,9.14,9.00,9.00,1623000,14618990,0.00,130
108/09/25,8.98,8.98,8.88,8.95,104000,931240,0.00,23
108/09/26,8.96,8.96,8.50,8.50,3328000,28801960,-0.45,250
108/09/27,8.58,8.75,8.55,8.75,190000,1652240,0.25,50
108/10/01,8.79,8.84,8.78,8.84,32000,281380,0.09,10
108/10/02,8.83,8.83,8.46,8.50,1464000,12528260,-0.34,197
108/10/03,8.55,8.70,8.55,8.70,83000,719400,0.20,24
108/10/04,8.70,8.76,8.65,8.75,206000,1797720,0.05,35
108/10/07,8.80,8.85,8.79,8.85,390000,3443690,0.10,26
108/10/08,8.88,8.95,8.88,8.95,360000,3215060,0.10,29
108/10/09,8.95,9.04,8.95,9.00,253000,2276650,0.05,32
108/10/14,9.00,9.02,9.00,9.01,335000,3015760,0.01,17
108/10/15,9.02,9.05,9.00,9.02,68000,612830,0.01,18
108/10/16,9.02,9.02,9.01,9.02,126000,1136060,0.00,16
108/10/17,9.00,9.02,9.00,9.00,254000,2286170,-0.02,21
108/10/18,9.00,9.02,9.00,9.00,331000,2980080,0.00,14
108/10/21,9.03,9.04,9.00,9.03,77000,695630,0.03,18
108/10/22,9.05,9.09,9.05,9.09,146000,1324490,0.06,32
108/10/23,9.09,9.09,9.09,9.09,113000,1027170,0.00,11
108/10/24,9.10,9.11,9.08,9.08,195000,1773760,-0.01,25
108/10/25,9.10,9.10,9.07,9.07,65000,590910,-0.01,15
108/10/28,9.07,9.07,9.07,9.07,15000,136050,0.00,3
108/10/29,9.06,9.07,9.05,9.05,28000,253750,-0.02,11
108/10/30,9.09,9.09,9.07,9.09,84000,763240,0.04,15
108/10/31,9.09,9.10,9.09,9.09,163000,1482740,0.00,32
108/11/01,9.10,9.15,9.10,9.15,358000,3270240,0.06,41
108/11/04,9.15,9.27,9.15,9.25,737000,6808530,0.10,64
108/11/05,9.25,9.26,9.25,9.26,411000,3804850,0.01,22
108/11/06,9.25,9.27,9.25,9.26,1565000,14490230,0.00,41
108/11/07,9.26,9.29,9.26,9.27,39000,361840,0.01,11
108/11/08,9.30,9.31,9.30,9.31,217000,2018120,0.04,20
108/11/11,9.32,9.33,9.30,9.31,581000,5411230,0.00,20
108/11/12,9.31,9.33,9.31,9.33,429000,3994210,0.02,18
108/11/13,9.32,9.33,9.31,9.31,819000,7633210,-0.02,14
108/11/14,9.34,9.34,9.31,9.32,43000,400730,0.01,12
108/11/15,9.32,9.32,9.32,9.32,600000,5592000,0.00,6
108/11/18,9.32,9.33,9.25,9.30,611000,5690820,-0.02,10
108/11/19,9.30,9.32,9.30,9.32,58000,539560,0.02,12
108/11/20,9.31,9.34,9.31,9.32,23000,214330,0.00,11
108/11/21,9.33,9.40,9.33,9.36,576000,5405340,0.04,26
108/11/22,9.39,9.39,9.37,9.39,26000,243990,0.03,11
108/11/25,9.37,9.46,9.35,9.45,249000,2346520,0.06,18
108/11/26,9.45,9.45,9.44,9.44,12318000,115546460,-0.01,15
108/11/27,9.42,9.45,9.37,9.45,307200,2899716,0.01,23
108/11/28,9.45,9.49,9.40,9.47,697000,6586680,0.02,24
108/11/29,9.47,9.51,9.47,9.51,128000,1216690,0.04,19
108/12/02,9.51,9.54,9.51,9.54,644000,6132080,0.03,18
108/12/03,9.55,9.56,9.54,9.56,1033000,9865180,0.02,22
108/12/04,9.59,9.59,9.56,9.56,814000,7783870,0.00,14
108/12/05,9.56,9.57,9.55,9.55,88000,841720,-0.01,10
108/12/06,9.55,9.57,9.53,9.57,13000,124070,0.02,7
108/12/09,9.57,9.57,9.53,9.53,420000,4005870,-0.04,21
108/12/10,9.51,9.52,9.50,9.50,52000,494270,-0.03,15
108/12/11,9.50,9.55,9.50,9.50,133000,1264420,0.00,11
108/12/12,9.52,9.52,9.44,9.44,71000,672060,-0.06,11
108/12/13,9.46,9.50,9.46,9.50,29000,275020,0.06,8
108/12/16,9.54,9.54,9.53,9.53,108000,1029310,0.03,9
108/12/17,9.50,9.50,9.50,9.50,82000,779000,-0.03,8
108/12/18,9.50,9.51,9.50,9.51,28000,266100,0.01,9
108/12/19,9.50,9.55,9.50,9.53,402000,3834500,0.02,15
108/12/20,9.52,9.56,9.52,9.56,610000,5827320,0.03,23
108/12/23,9.56,9.58,9.56,9.57,402000,3848130,0.01,10
108/12/24,9.57,9.58,9.57,9.57,467000,4472190,0.00,17
108/12/25,9.55,9.55,9.54,9.54,13000,124060,-0.03,6
108/12/26,9.55,9.55,9.53,9.54,401000,3826530,0.00,7
108/12/27,9.52,9.54,9.52,9.54,178000,1697980,0.00,15
108/12/30,9.53,9.54,9.53,9.54,615000,5866240,0.00,16
108/12/31,9.54,9.80,9.54,9.80,751000,7192250,0.26,21
109/01/02,9.74,9.75,9.70,9.70,148000,1440100,-0.10,11
109/01/03,9.63,9.71,9.63,9.70,103000,999050,0.00,15
109/01/06,9.70,9.70,9.63,9.70,89000,861200,0.00,11
109/01/07,9.70,9.70,9.69,9.69,226000,2191500,-0.01,19
109/01/08,9.70,9.72,9.70,9.70,65000,630700,0.01,14
109/01/09,9.60,9.69,9.60,9.69,49000,473830,-0.01,9
109/01/10,9.65,9.69,9.65,9.69,19000,183790,0.00,7
109/01/13,9.70,9.70,9.60,9.70,48000,463600,0.01,4
109/01/14,9.70,9.70,9.65,9.68,12000,116200,-0.02,7
109/01/15,9.78,9.78,9.66,9.73,23000,224010,0.05,10
109/01/16,9.65,9.74,9.65,9.73,25000,243200,0.00,5
109/01/17,9.70,9.70,9.70,9.70,1000,9700,-0.03,1
109/01/20,9.70,9.70,9.70,9.70,103000,999100,0.00,9
109/01/30,9.58,9.60,9.58,9.59,159000,1525380,-0.11,17
109/01/31,9.61,9.75,9.59,9.74,148000,1426620,0.15,17
109/02/03,9.72,9.72,9.62,9.65,27000,260630,-0.09,11
109/02/04,9.66,9.67,9.65,9.65,105000,1013960,0.00,13
109/02/05,9.66,9.67,9.64,9.65,117000,1129240,0.00,11
109/02/06,9.65,9.65,9.65,9.65,11000,106150,0.00,4
109/02/07,9.64,9.65,9.64,9.65,3000,28940,0.00,3
109/02/10,9.65,9.65,9.65,9.65,36000,347400,0.00,6
109/02/11,9.65,9.68,9.65,9.68,54000,521160,0.03,5
109/02/12,9.68,9.68,9.68,9.68,54000,522720,0.00,14
109/02/13,9.69,9.70,9.69,9.70,27000,261820,0.02,9
109/02/14,9.74,9.74,9.72,9.72,27000,262840,0.02,4
109/02/17,9.72,9.73,9.72,9.73,15000,145900,0.01,6
109/02/18,9.73,9.76,9.73,9.76,58000,564690,0.03,6
109/02/19,9.76,9.81,9.76,9.80,75000,734230,0.04,20
109/02/20,9.77,9.77,9.77,9.77,1000,9770,-0.03,1
109/02/21,9.77,9.80,9.76,9.80,89000,870410,0.03,14
109/02/24,9.79,9.79,9.77,9.77,285000,2787100,-0.03,15
109/02/25,9.76,9.77,9.75,9.77,61000,595200,0.00,8
109/02/26,9.77,9.79,9.77,9.79,451000,4413770,0.02,17
109/02/27,9.79,9.79,9.76,9.79,255000,2493620,0.00,9
109/03/02,9.79,9.79,9.75,9.75,272000,2655690,-0.04,28
109/03/03,9.75,9.80,9.75,9.79,437000,4271460,0.04,41
109/03/04,9.79,9.79,9.78,9.79,924000,9045150,0.00,35
109/03/05,9.80,9.81,9.79,9.81,900000,8821030,0.02,41
109/03/06,9.80,9.81,9.80,9.81,447000,4382740,0.00,24
109/03/09,9.86,9.86,9.80,9.86,40000,392840,0.05,12
109/03/10,9.85,9.87,9.80,9.87,146000,1437070,0.01,16
109/03/11,9.90,9.90,9.86,9.87,39000,385150,0.00,9
109/03/12,9.87,9.87,9.70,9.77,105000,1023240,-0.10,29
109/03/13,9.60,9.61,9.48,9.54,473000,4519500,-0.23,68
109/03/16,9.64,9.64,9.53,9.54,176000,1679550,0.00,19
109/03/17,9.50,9.50,9.45,9.50,105000,997050,-0.04,20
109/03/18,9.47,9.47,9.31,9.47,49000,457630,-0.03,4
109/03/19,9.00,9.00,8.55,8.70,242000,2080560,0.00,45
109/03/20,8.75,9.05,8.75,9.05,146000,1308770,0.35,16
109/03/23,8.57,8.94,8.57,8.94,40000,357230,-0.11,14
109/03/24,9.16,9.16,9.00,9.00,12000,108160,0.06,5
109/03/25,9.06,9.19,9.05,9.15,26000,236800,0.15,7
109/03/26,9.06,9.06,9.04,9.04,12000,108690,-0.11,6
109/03/27,9.05,9.06,9.05,9.06,8000,72460,0.02,3
109/03/30,9.06,9.07,9.06,9.07,10012000,90708790,0.01,8
109/03/31,9.36,9.36,9.11,9.11,7000,64140,0.04,5
109/04/01,9.06,9.15,9.06,9.15,2000,18210,0.04,2
109/04/06,9.17,9.19,9.15,9.15,20000,183060,0.00,7
109/04/07,9.15,9.24,9.14,9.16,13000,119050,0.01,9
109/04/08,9.16,9.17,9.16,9.17,6000,54980,0.01,4
109/04/09,9.16,9.16,9.15,9.15,8000,73220,-0.02,3
109/04/10,9.15,9.29,9.15,9.29,27000,248510,0.14,9
109/04/13,9.29,9.29,9.29,9.29,1000,9290,0.00,1
109/04/14,9.28,9.30,9.28,9.30,22000,204400,0.01,6
109/04/15,9.30,9.35,9.30,9.35,51000,474970,0.05,11
109/04/16,9.33,9.36,9.33,9.36,26000,243030,0.01,6
109/04/17,9.36,9.40,9.36,9.40,21000,197010,0.04,6
109/04/20,9.37,9.37,9.37,9.37,1000,9370,-0.03,1
109/04/21,9.36,9.36,9.35,9.35,7000,65500,-0.02,3
109/04/22,9.30,9.30,9.11,9.24,3000,27650,-0.11,3
109/04/23,9.32,9.32,9.32,9.32,5000,46600,0.08,1
109/04/24,9.32,9.32,9.32,9.32,1000,9320,0.00,1
109/04/27,9.35,9.39,9.31,9.39,25000,233530,0.07,8
109/04/28,9.39,9.40,9.37,9.37,26000,244170,-0.02,7
109/04/29,9.39,9.39,9.35,9.37,122000,1144060,0.00,24
109/04/30,9.39,9.39,9.39,9.39,61000,572790,0.02,12
109/05/04,9.39,9.39,9.39,9.39,51000,478890,0.00,11
109/05/05,9.39,9.39,9.39,9.39,50000,469500,0.00,4
109/05/06,9.26,9.29,9.26,9.29,7000,64950,-0.10,4
109/05/07,9.31,9.31,9.30,9.30,33000,306950,0.01,11
109/05/08,9.31,9.38,9.31,9.38,23000,215110,0.08,7
109/05/11,9.38,9.38,9.36,9.36,15000,140660,-0.02,5
109/05/12,9.39,9.39,9.35,9.35,5000,46790,-0.01,3
109/05/13,9.37,9.37,9.37,9.37,10000,93700,0.02,1
109/05/14,--,--,--,--,0,0,0.00,0
109/05/15,--,--,--,--,0,0,0.00,0
109/05/14,--,--,--,--,0,0,0.00,0
109/05/13,9.37,9.37,9.37,9.37,10000,93700,0.02,1
109/05/12,9.39,9.39,9.35,9.35,5000,46790,-0.01,3
109/05/11,9.38,9.38,9.36,9.36,15000,140660,-0.02,5
109/05/08,9.31,9.38,9.31,9.38,23000,215110,0.08,7
109/05/07,9.31,9.31,9.30,9.30,33000,306950,0.01,11
109/05/06,9.26,9.29,9.26,9.29,7000,64950,-0.10,4
109/05/05,9.39,9.39,9.39,9.39,50000,469500,0.00,4
109/05/04,9.39,9.39,9.39,9.39,51000,478890,0.00,11
109/04/30,9.39,9.39,9.39,9.39,61000,572790,0.02,12
109/04/29,9.39,9.39,9.35,9.37,122000,1144060,0.00,24
109/04/28,9.39,9.40,9.37,9.37,26000,244170,-0.02,7
109/04/27,9.35,9.39,9.31,9.39,25000,233530,0.07,8
