103/12/05,--,--,--,--,0,0,,0
103/12/08,--,--,--,--,0,0,,0
103/12/09,8.05,8.10,8.05,8.10,30000,242000,X,3
103/12/10,7.95,7.95,7.60,7.70,135000,1040750,-0.40,13
103/12/11,7.75,7.75,7.70,7.70,105000,812750,,9
103/12/12,--,--,--,--,0,0,,0
103/12/15,8.25,8.35,8.20,8.30,407000,3371250,X,12
103/12/16,8.25,8.25,8.00,8.00,554000,4529900,-0.30,20
103/12/17,7.90,8.00,7.90,7.90,204000,1625600,-0.10,10
103/12/18,7.85,7.85,7.75,7.75,142000,1107950,-0.15,7
103/12/19,7.80,7.80,7.60,7.60,192000,1483200,-0.15,12
103/12/22,7.55,8.00,7.55,7.95,505000,3961000,0.35,34
103/12/23,7.90,7.95,7.70,7.90,475000,3719750,-0.05,17
103/12/24,7.90,8.00,7.75,7.90,180000,1410500,,16
103/12/25,7.85,7.95,7.75,7.85,166000,1303350,-0.05,15
103/12/26,7.80,7.90,7.80,7.90,234000,1829800,0.05,18
103/12/27,7.95,7.95,7.90,7.90,20000,158500,,2
103/12/29,8.05,8.10,8.05,8.10,77000,620350,0.20,9
103/12/30,8.15,8.15,8.15,8.15,30000,244500,0.05,5
103/12/31,8.10,8.10,8.05,8.05,100000,807500,-0.10,6
104/01/05,8.20,8.30,8.20,8.30,31000,254300,0.25,4
104/01/06,8.20,8.20,7.90,8.10,232000,1877000,-0.20,18
104/01/07,7.95,7.95,7.85,7.95,105000,830050,-0.15,11
104/01/08,8.15,8.55,8.15,8.55,540000,4518450,0.60,30
104/01/09,8.85,8.90,8.65,8.70,607000,5334900,0.15,34
104/01/12,8.60,8.70,8.50,8.60,338000,2905800,-0.10,14
104/01/13,8.45,8.75,8.45,8.65,150000,1297300,0.05,6
104/01/14,8.50,8.50,8.40,8.40,292000,2466200,-0.25,20
104/01/15,--,--,--,--,0,0,,0
104/01/16,8.55,8.90,8.55,8.70,211000,1843700,X,16
104/01/19,9.00,9.00,8.90,8.90,165000,1474250,0.20,20
104/01/20,9.10,9.70,9.10,9.70,321000,3001350,0.80,29
104/01/21,9.60,9.60,9.35,9.35,324000,3054950,-0.35,10
104/01/22,--,--,--,--,0,0,,0
104/01/23,9.30,9.30,9.20,9.30,61000,564300,X,5
104/01/26,9.45,9.50,9.20,9.30,138000,1291400,,8
104/01/27,9.60,9.70,9.45,9.45,231000,2204600,0.15,13
104/01/28,9.50,10.40,9.45,10.40,468000,4681100,0.95,28
104/01/29,10.40,10.70,10.10,10.30,952000,9861800,-0.10,37
104/01/30,10.20,10.60,10.20,10.60,355000,3675100,0.30,16
104/02/02,10.20,10.50,10.20,10.50,180000,1870000,-0.10,10
104/02/03,10.60,10.60,10.50,10.50,140000,1475000,,7
104/02/04,10.40,10.40,10.40,10.40,70000,728000,-0.10,6
104/02/05,10.20,10.20,10.10,10.10,150000,1525000,-0.30,13
104/02/06,9.60,9.60,9.30,9.45,352000,3312650,-0.65,14
104/02/09,9.65,10.00,9.60,9.90,490000,4790750,0.45,24
104/02/10,9.90,10.00,9.75,9.75,392000,3880000,-0.15,26
104/02/11,9.85,9.90,9.80,9.80,177000,1742000,0.05,12
104/02/12,9.95,10.40,9.95,10.40,96000,983950,0.60,7
104/02/13,10.40,10.40,10.40,10.40,102000,1060800,,6
104/02/24,10.90,10.90,10.80,10.90,62000,672100,0.50,8
104/02/25,10.70,10.90,10.70,10.90,83000,902700,,7
104/02/26,--,--,--,--,0,0,,0
104/03/02,10.60,10.60,10.30,10.30,11000,114700,X,3
104/03/03,--,--,--,--,0,0,,0
104/03/04,10.60,10.60,10.60,10.60,1000,10600,X,1
104/03/05,11.00,11.10,11.00,11.10,19000,209500,0.50,4
104/03/06,11.30,11.30,11.20,11.20,2000,22500,0.10,2
104/03/09,11.50,11.60,11.20,11.20,4000,45500,,4
104/03/10,--,--,--,--,0,0,,0
104/03/11,--,--,--,--,0,0,,0
104/03/12,--,--,--,--,0,0,,0
104/03/13,11.10,11.10,11.10,11.10,5000,55500,X,1
104/03/16,--,--,--,--,0,0,,0
104/03/17,--,--,--,--,0,0,,0
104/03/18,11.20,11.20,11.20,11.20,5000,56000,X,1
104/03/19,--,--,--,--,0,0,,0
104/03/20,11.40,11.40,11.30,11.30,3000,34000,X,2
104/03/23,11.90,11.90,11.70,11.70,3000,35500,0.40,3
104/03/24,11.20,11.20,11.20,11.20,3000,33600,-0.50,2
104/03/25,10.90,10.90,10.50,10.50,13000,138400,-0.70,4
104/03/26,--,--,--,--,0,0,,0
104/03/27,10.50,10.50,10.50,10.50,1000,10500,X,1
104/03/30,--,--,--,--,0,0,,0
104/03/31,10.60,10.60,10.60,10.60,4000,42400,X,2
104/04/01,10.20,10.20,10.20,10.20,4000,40800,-0.40,2
104/04/02,10.50,10.50,10.50,10.50,3000,31500,0.30,1
104/04/07,--,--,--,--,0,0,,0
104/04/08,10.80,10.80,10.80,10.80,3000,32400,X,1
104/04/09,10.90,10.90,10.90,10.90,1000,10900,0.10,1
104/04/10,10.90,10.90,10.90,10.90,5000,54500,,1
104/04/13,--,--,--,--,0,0,,0
104/04/14,--,--,--,--,0,0,,0
104/04/15,--,--,--,--,0,0,,0
104/04/16,11.10,11.10,11.10,11.10,2000,22200,X,1
104/04/17,--,--,--,--,0,0,,0
104/04/20,11.00,11.00,11.00,11.00,5000,55000,X,1
104/04/21,--,--,--,--,0,0,,0
104/04/22,--,--,--,--,0,0,,0
104/04/23,--,--,--,--,0,0,,0
104/04/24,12.20,12.20,12.20,12.20,9000,109800,X,3
104/04/27,12.30,12.30,12.30,12.30,2000,24600,0.10,1
104/04/28,12.00,12.00,12.00,12.00,2000,24000,-0.30,1
104/04/29,11.90,11.90,11.90,11.90,2000,23800,-0.10,1
104/04/30,--,--,--,--,0,0,,0
104/05/04,--,--,--,--,0,0,,0
104/05/05,--,--,--,--,0,0,,0
104/05/06,--,--,--,--,0,0,,0
104/05/07,--,--,--,--,0,0,,0
104/05/08,--,--,--,--,0,0,,0
104/05/11,--,--,--,--,0,0,,0
104/05/12,--,--,--,--,0,0,,0
104/05/13,11.80,11.80,11.70,11.70,5000,58900,X,2
104/05/14,11.50,11.50,11.40,11.40,2000,22900,-0.30,2
104/05/15,--,--,--,--,0,0,,0
104/05/18,11.40,11.50,11.40,11.50,2000,22900,X,2
104/05/19,11.80,11.80,11.50,11.50,11000,127100,,4
104/05/20,--,--,--,--,0,0,,0
104/05/21,11.10,11.20,11.10,11.20,3000,33500,X,2
104/05/22,--,--,--,--,0,0,,0
104/05/25,11.60,11.60,11.60,11.60,10000,116000,X,1
104/05/26,--,--,--,--,0,0,,0
104/05/27,--,--,--,--,0,0,,0
104/05/28,12.20,12.20,12.10,12.10,6000,72700,X,2
104/05/29,12.00,12.00,12.00,12.00,5000,60000,-0.10,1
104/06/01,--,--,--,--,0,0,,0
104/06/02,--,--,--,--,0,0,,0
104/06/03,--,--,--,--,0,0,,0
104/06/04,--,--,--,--,0,0,,0
104/06/05,--,--,--,--,0,0,,0
104/06/08,--,--,--,--,0,0,,0
104/06/09,--,--,--,--,0,0,,0
104/06/10,--,--,--,--,0,0,,0
104/06/11,--,--,--,--,0,0,,0
104/06/12,--,--,--,--,0,0,,0
104/06/15,--,--,--,--,0,0,,0
104/06/16,--,--,--,--,0,0,,0
104/06/17,--,--,--,--,0,0,,0
104/06/18,--,--,--,--,0,0,,0
104/06/22,--,--,--,--,0,0,,0
104/06/23,--,--,--,--,0,0,,0
104/06/24,--,--,--,--,0,0,,0
104/06/25,--,--,--,--,0,0,,0
104/06/26,--,--,--,--,0,0,,0
104/06/29,--,--,--,--,0,0,,0
104/06/30,--,--,--,--,0,0,,0
104/07/01,--,--,--,--,0,0,,0
104/07/02,--,--,--,--,0,0,,0
104/07/03,--,--,--,--,0,0,,0
104/07/06,--,--,--,--,0,0,,0
104/07/07,--,--,--,--,0,0,,0
104/07/08,--,--,--,--,0,0,,0
104/07/09,--,--,--,--,0,0,,0
104/07/13,--,--,--,--,0,0,,0
104/07/14,--,--,--,--,0,0,,0
104/07/15,--,--,--,--,0,0,,0
104/07/16,12.30,12.30,12.30,12.30,1000,12300,X,1
104/07/17,12.20,12.20,12.20,12.20,10000,122000,-0.10,1
104/07/20,12.90,12.90,12.90,12.90,15000,193500,0.70,1
104/07/21,--,--,--,--,0,0,,0
104/07/22,11.90,11.90,11.90,11.90,1000,11900,X,1
104/07/23,11.60,11.60,11.60,11.60,1000,11600,-0.30,1
104/07/24,--,--,--,--,0,0,,0
104/07/27,--,--,--,--,0,0,,0
104/07/28,--,--,--,--,0,0,,0
104/07/29,--,--,--,--,0,0,,0
104/07/30,--,--,--,--,0,0,,0
104/07/31,--,--,--,--,0,0,,0
104/08/03,--,--,--,--,0,0,,0
104/08/04,--,--,--,--,0,0,,0
104/08/05,--,--,--,--,0,0,,0
104/08/06,--,--,--,--,0,0,,0
104/08/07,--,--,--,--,0,0,,0
104/08/10,--,--,--,--,0,0,,0
104/08/11,11.70,11.70,11.70,11.70,1000,11700,X,1
104/08/12,--,--,--,--,0,0,,0
104/08/13,--,--,--,--,0,0,,0
104/08/14,--,--,--,--,0,0,,0
104/08/17,12.50,12.50,12.50,12.50,1000,12500,X,1
104/08/18,--,--,--,--,0,0,,0
104/08/19,--,--,--,--,0,0,,0
104/08/20,--,--,--,--,0,0,,0
104/08/21,--,--,--,--,0,0,,0
104/08/24,8.45,8.45,8.45,8.45,1000,8450,X,1
104/08/25,9.10,9.75,9.10,9.75,16000,150800,1.30,2
104/08/26,9.80,10.40,9.80,10.40,17000,168400,0.65,3
104/08/27,10.80,10.80,10.70,10.70,6000,64700,0.30,2
104/08/28,--,--,--,--,0,0,,0
104/08/31,11.50,11.50,11.50,11.50,1000,11500,X,1
104/09/01,--,--,--,--,0,0,,0
104/09/02,--,--,--,--,0,0,,0
104/09/03,--,--,--,--,0,0,,0
104/09/04,--,--,--,--,0,0,,0
104/09/07,--,--,--,--,0,0,,0
104/09/08,--,--,--,--,0,0,,0
104/09/09,--,--,--,--,0,0,,0
104/09/10,--,--,--,--,0,0,,0
104/09/11,--,--,--,--,0,0,,0
104/09/14,11.60,11.60,11.60,11.60,3000,34800,X,1
104/09/15,--,--,--,--,0,0,,0
104/09/16,--,--,--,--,0,0,,0
104/09/17,11.70,11.70,11.70,11.70,5000,58500,X,1
104/09/18,11.60,11.60,11.60,11.60,5000,58000,-0.10,1
104/09/21,11.10,11.10,11.10,11.10,3000,33300,-0.50,2
104/09/22,--,--,--,--,0,0,,0
104/09/23,--,--,--,--,0,0,,0
104/09/24,10.80,10.80,10.80,10.80,1000,10800,X,1
104/09/25,10.60,10.60,10.50,10.50,2000,21100,-0.30,2
104/09/30,10.00,10.30,10.00,10.20,4000,40800,-0.30,3
104/10/01,--,--,--,--,0,0,,0
104/10/02,--,--,--,--,0,0,,0
104/10/05,--,--,--,--,0,0,,0
104/10/06,11.10,11.10,11.10,11.10,3000,33300,X,1
104/10/07,10.20,10.20,10.00,10.20,50000,509200,-0.90,7
104/10/08,10.00,10.00,10.00,10.00,10000,100000,-0.20,1
104/10/12,11.00,11.40,10.90,11.40,50000,555000,1.40,4
104/10/13,10.90,10.90,10.90,10.90,10000,109000,-0.50,1
104/10/14,--,--,--,--,0,0,,0
104/10/15,11.10,11.10,11.10,11.10,1000,11100,X,1
104/10/16,10.90,10.90,10.60,10.60,20000,215500,-0.50,3
104/10/19,10.40,10.40,10.30,10.30,10000,103500,-0.30,2
104/10/20,10.30,10.30,10.20,10.20,35000,358000,-0.10,4
104/10/21,10.40,10.40,10.40,10.40,5000,52000,0.20,1
104/10/22,--,--,--,--,0,0,,0
104/10/23,--,--,--,--,0,0,,0
104/10/26,10.60,10.60,10.60,10.60,25000,265000,X,4
104/10/27,10.40,10.40,10.30,10.30,10000,103500,-0.30,2
104/10/28,10.30,10.30,10.20,10.20,15000,154000,-0.10,2
104/10/29,--,--,--,--,0,0,,0
104/10/30,10.10,10.10,10.10,10.10,15000,151500,X,2
104/11/02,9.85,9.85,9.85,9.85,10000,98500,-0.25,1
104/11/03,10.20,10.20,10.20,10.20,5000,51000,0.35,1
104/11/04,--,--,--,--,0,0,,0
104/11/05,10.60,10.60,10.60,10.60,20000,212000,X,1
104/11/06,--,--,--,--,0,0,,0
104/11/09,--,--,--,--,0,0,,0
104/11/10,10.60,10.60,10.60,10.60,30000,318000,X,2
104/11/11,10.80,10.80,10.80,10.80,2000,21600,0.20,1
104/11/12,10.60,10.60,10.60,10.60,30000,318000,-0.20,1
104/11/13,10.80,10.80,10.80,10.80,1000,10800,0.20,1
104/11/16,10.80,10.80,10.80,10.80,1000,10800,,1
104/11/17,--,--,--,--,0,0,,0
104/11/18,10.80,10.80,10.80,10.80,2000,21600,X,1
104/11/19,--,--,--,--,0,0,,0
104/11/20,--,--,--,--,0,0,,0
104/11/23,--,--,--,--,0,0,,0
104/11/24,--,--,--,--,0,0,,0
104/11/25,--,--,--,--,0,0,,0
104/11/26,--,--,--,--,0,0,,0
104/11/27,--,--,--,--,0,0,,0
104/11/30,--,--,--,--,0,0,,0
104/12/01,--,--,--,--,0,0,,0
104/12/02,--,--,--,--,0,0,,0
104/12/03,--,--,--,--,0,0,,0
104/12/04,--,--,--,--,0,0,,0
104/12/07,--,--,--,--,0,0,,0
104/12/08,11.40,11.40,11.40,11.40,1000,11400,X,1
104/12/09,--,--,--,--,0,0,,0
104/12/10,--,--,--,--,0,0,,0
104/12/11,10.20,10.20,10.10,10.10,20000,203000,X,2
104/12/14,--,--,--,--,0,0,,0
104/12/15,--,--,--,--,0,0,,0
104/12/16,--,--,--,--,0,0,,0
104/12/17,--,--,--,--,0,0,,0
104/12/18,--,--,--,--,0,0,,0
104/12/21,--,--,--,--,0,0,,0
104/12/22,9.65,9.65,9.60,9.60,30000,289000,X,2
104/12/23,9.90,9.90,9.90,9.90,12000,118800,0.30,1
104/12/24,9.80,9.80,9.75,9.75,12000,117500,-0.15,2
104/12/25,--,--,--,--,0,0,,0
104/12/28,--,--,--,--,0,0,,0
104/12/29,9.35,9.35,9.35,9.35,10000,93500,X,1
104/12/30,8.75,8.75,8.45,8.50,18000,154200,-0.85,14
104/12/31,--,--,--,--,0,0,,0
105/01/04,8.10,8.10,8.10,8.10,1000,8100,X,1
105/01/05,8.50,8.50,8.50,8.50,3000,25500,0.40,1
105/01/06,7.70,7.75,7.55,7.60,15000,114700,-0.90,7
105/01/07,7.05,7.05,7.05,7.05,10000,70500,-0.55,1
105/01/08,6.95,7.15,6.95,7.15,29000,202350,0.10,4
105/01/11,7.00,7.05,6.95,6.95,20000,140000,-0.20,5
105/01/12,7.40,7.40,7.10,7.20,65000,472000,0.25,6
105/01/13,7.50,7.55,7.45,7.45,24000,179700,0.25,3
105/01/14,7.00,7.00,6.90,6.90,22000,153100,-0.55,4
105/01/15,7.25,7.25,6.75,6.85,123000,883500,-0.05,12
105/01/18,7.05,7.05,7.05,7.05,10000,70500,0.20,1
105/01/19,7.40,7.95,7.40,7.95,24000,185300,0.90,2
105/01/20,7.75,7.75,7.40,7.40,19000,145300,-0.55,3
105/01/21,7.40,7.40,7.40,7.40,1000,7400,,1
105/01/22,--,--,--,--,0,0,,0
105/01/25,8.90,8.90,8.90,8.90,1000,8900,X,1
105/01/26,8.60,8.60,8.60,8.60,1000,8600,-0.30,1
105/01/27,8.50,8.70,8.50,8.70,10000,86000,0.10,2
105/01/28,8.65,8.65,8.65,8.65,10000,86500,-0.05,1
105/01/29,8.95,8.95,8.95,8.95,50000,447500,0.30,4
105/01/30,--,--,--,--,0,0,,0
105/02/01,--,--,--,--,0,0,,0
105/02/02,9.60,9.60,9.60,9.60,10000,96000,X,1
105/02/03,9.30,9.30,9.30,9.30,51000,474300,-0.30,2
105/02/15,--,--,--,--,0,0,,0
105/02/16,--,--,--,--,0,0,,0
105/02/17,--,--,--,--,0,0,,0
105/02/18,--,--,--,--,0,0,,0
105/02/19,--,--,--,--,0,0,,0
105/02/22,--,--,--,--,0,0,,0
105/02/23,--,--,--,--,0,0,,0
105/02/24,--,--,--,--,0,0,,0
105/02/25,--,--,--,--,0,0,,0
105/02/26,--,--,--,--,0,0,,0
105/03/01,10.00,10.00,10.00,10.00,15000,150000,X,1
105/03/02,10.20,10.20,10.20,10.20,15000,153000,0.20,2
105/03/03,--,--,--,--,0,0,,0
105/03/04,9.90,9.90,9.90,9.90,1000,9900,X,1
105/03/07,--,--,--,--,0,0,,0
105/03/08,--,--,--,--,0,0,,0
105/03/09,9.65,9.65,9.65,9.65,20000,193000,X,1
105/03/10,--,--,--,--,0,0,,0
105/03/11,--,--,--,--,0,0,,0
105/03/14,--,--,--,--,0,0,,0
105/03/15,--,--,--,--,0,0,,0
105/03/16,--,--,--,--,0,0,,0
105/03/17,--,--,--,--,0,0,,0
105/03/18,10.10,10.10,10.10,10.10,1000,10100,X,1
105/03/21,9.95,9.95,9.95,9.95,1000,9950,-0.15,1
105/03/22,--,--,--,--,0,0,,0
105/03/23,9.20,9.20,9.10,9.10,20000,183000,X,2
105/03/24,9.05,9.30,9.00,9.15,28000,254500,0.05,5
105/03/25,9.20,9.20,9.20,9.20,6000,55200,0.05,1
105/03/28,--,--,--,--,0,0,,0
105/03/29,8.75,8.75,8.75,8.75,1000,8750,X,1
105/03/30,9.25,9.25,9.25,9.25,10000,92500,0.50,1
105/03/31,9.05,9.05,9.05,9.05,10000,90500,-0.20,1
105/04/01,--,--,--,--,0,0,,0
105/04/06,--,--,--,--,0,0,,0
105/04/07,8.40,8.55,8.40,8.55,19000,160950,X,2
105/04/08,8.55,8.55,8.50,8.50,19000,161850,-0.05,3
105/04/11,8.20,8.20,8.20,8.20,10000,82000,-0.30,1
105/04/12,8.25,8.25,7.95,7.95,17000,138200,-0.25,3
105/04/13,8.10,8.35,8.05,8.35,52000,429850,0.40,6
105/04/14,8.75,8.75,8.55,8.65,36000,311400,0.30,7
105/04/15,8.40,8.40,8.40,8.40,10000,84000,-0.25,1
105/04/18,8.60,8.60,8.55,8.55,10000,85800,0.15,2
105/04/19,8.40,8.40,8.00,8.00,30000,244600,-0.55,5
105/04/20,7.95,7.95,7.80,7.80,24000,189500,-0.20,5
105/04/21,7.90,7.90,7.90,7.90,9000,71100,0.10,3
105/04/22,7.50,7.50,7.45,7.45,22000,164400,-0.45,5
105/04/25,7.55,7.55,7.55,7.55,1000,7550,0.10,1
105/04/26,7.75,7.75,7.75,7.75,1000,7750,0.20,1
105/04/27,--,--,--,--,0,0,,0
105/04/28,7.45,7.45,7.45,7.45,1000,7450,X,1
105/04/29,7.50,7.50,7.50,7.50,11000,82500,0.05,1
105/05/03,7.45,7.45,7.45,7.45,11000,81950,-0.05,2
105/05/04,7.50,7.50,7.50,7.50,2000,15000,0.05,1
105/05/05,7.20,7.20,7.20,7.20,3000,21600,-0.30,2
105/05/06,7.10,7.10,7.10,7.10,1000,7100,-0.10,1
105/05/09,6.90,6.90,6.90,6.90,2000,13800,-0.20,1
105/05/10,--,--,--,--,0,0,,0
105/05/11,6.85,6.85,6.80,6.80,22000,149700,X,2
105/05/12,6.45,6.45,6.30,6.30,21000,133850,-0.50,3
105/05/13,6.05,6.05,5.95,5.95,14000,84300,-0.35,3
105/05/16,6.15,6.45,6.15,6.45,52000,328550,0.50,7
105/05/17,--,--,--,--,0,0,,0
105/05/18,5.95,6.10,5.90,6.00,31000,186150,X,5
105/05/19,6.10,6.10,6.10,6.10,10000,61000,0.10,2
105/05/20,5.90,6.00,5.90,5.90,25000,148500,-0.20,5
105/05/23,6.00,6.90,6.00,6.90,22000,137050,1.00,6
105/05/24,--,--,--,--,0,0,,0
105/05/25,7.35,7.35,7.35,7.35,1000,7350,X,1
105/05/26,--,--,--,--,0,0,,0
105/05/27,7.00,7.00,7.00,7.00,10000,70000,X,1
105/05/30,7.20,7.40,7.20,7.40,18000,132050,0.40,5
105/05/31,7.30,7.30,7.30,7.30,12000,87600,-0.10,3
105/06/01,7.40,7.65,7.40,7.60,26000,194050,0.30,5
105/06/02,7.50,7.50,7.40,7.40,7000,52000,-0.20,2
105/06/03,7.55,7.55,7.55,7.55,3000,22650,0.15,1
105/06/04,7.55,7.55,7.55,7.55,5000,37750,,1
105/06/06,7.80,7.80,7.70,7.70,7000,54100,0.15,4
105/06/07,7.85,7.85,7.80,7.85,13000,101850,0.15,7
105/06/08,8.10,8.10,8.05,8.10,7000,56600,0.25,4
105/06/13,--,--,--,--,0,0,,0
105/06/14,7.65,7.65,7.65,7.65,6000,45900,X,1
105/06/15,--,--,--,--,0,0,,0
105/06/16,--,--,--,--,0,0,,0
105/06/17,--,--,--,--,0,0,,0
105/06/20,7.55,7.55,7.55,7.55,1000,7550,X,1
105/06/21,7.80,7.80,7.80,7.80,35000,273000,0.25,2
105/06/22,--,--,--,--,0,0,,0
105/06/23,--,--,--,--,0,0,,0
105/06/24,7.10,7.10,7.10,7.10,6000,42600,X,2
105/06/27,7.15,7.15,7.15,7.15,5000,35750,0.05,1
105/06/28,7.25,7.25,7.25,7.25,2000,14500,0.10,2
105/06/29,--,--,--,--,0,0,,0
105/06/30,--,--,--,--,0,0,,0
105/07/01,7.65,7.90,7.65,7.90,25000,194800,X,6
105/07/04,--,--,--,--,0,0,,0
105/07/05,--,--,--,--,0,0,,0
105/07/06,7.35,7.35,7.35,7.35,1000,7350,X,1
105/07/07,--,--,--,--,0,0,,0
105/07/11,--,--,--,--,0,0,,0
105/07/12,8.05,8.30,8.05,8.20,74000,604450,X,10
105/07/13,8.50,8.50,8.40,8.45,104000,881100,0.25,7
105/07/14,8.45,8.45,8.45,8.45,2000,16900,,2
105/07/15,8.80,8.80,8.75,8.75,53000,465150,0.30,3
105/07/18,9.05,9.15,9.00,9.00,140000,1264800,0.25,8
105/07/19,--,--,--,--,0,0,,0
105/07/20,9.10,9.10,9.10,9.10,1000,9100,X,1
105/07/21,9.50,9.60,9.45,9.45,44000,420250,0.35,15
105/07/22,9.35,9.35,9.35,9.35,1000,9350,-0.10,1
105/07/25,9.20,9.20,9.20,9.20,1000,9200,-0.15,1
105/07/26,--,--,--,--,0,0,,0
105/07/27,--,--,--,--,0,0,,0
105/07/28,--,--,--,--,0,0,,0
105/07/29,9.55,9.55,9.55,9.55,1000,9550,X,1
105/08/01,--,--,--,--,0,0,,0
105/08/02,10.00,10.10,10.00,10.10,15000,151000,X,3
105/08/03,9.80,9.80,9.80,9.80,5000,49000,-0.30,1
105/08/04,--,--,--,--,0,0,,0
105/08/05,9.50,9.50,9.45,9.45,10000,94750,X,2
105/08/08,9.60,9.60,9.60,9.60,5000,48000,0.15,1
105/08/09,--,--,--,--,0,0,,0
105/08/10,--,--,--,--,0,0,,0
105/08/11,--,--,--,--,0,0,,0
105/08/12,9.85,10.40,9.80,10.40,56000,555350,X,12
105/08/15,10.60,10.60,10.60,10.60,40000,424000,0.20,1
105/08/16,10.80,10.80,10.60,10.60,61000,646800,,3
105/08/17,--,--,--,--,0,0,,0
105/08/18,11.20,11.50,11.10,11.40,9000,102600,X,4
105/08/19,--,--,--,--,0,0,,0
105/08/22,--,--,--,--,0,0,,0
105/08/23,--,--,--,--,0,0,,0
105/08/24,--,--,--,--,0,0,,0
105/08/25,--,--,--,--,0,0,,0
105/08/26,--,--,--,--,0,0,,0
105/08/29,--,--,--,--,0,0,,0
105/08/30,--,--,--,--,0,0,,0
105/08/31,--,--,--,--,0,0,,0
105/09/01,--,--,--,--,0,0,,0
105/09/02,--,--,--,--,0,0,,0
105/09/05,10.00,10.00,10.00,10.00,1000,10000,X,1
105/09/06,--,--,--,--,0,0,,0
105/09/07,--,--,--,--,0,0,,0
105/09/08,--,--,--,--,0,0,,0
105/09/09,--,--,--,--,0,0,,0
105/09/10,--,--,--,--,0,0,,0
105/09/12,--,--,--,--,0,0,,0
105/09/13,10.00,10.00,10.00,10.00,5000,50000,X,1
105/09/14,--,--,--,--,0,0,,0
105/09/19,--,--,--,--,0,0,,0
105/09/20,--,--,--,--,0,0,,0
105/09/21,--,--,--,--,0,0,,0
105/09/22,11.70,11.70,11.70,11.70,1000,11700,X,1
105/09/23,--,--,--,--,0,0,,0
105/09/26,11.00,11.00,11.00,11.00,1000,11000,X,1
105/09/29,--,--,--,--,0,0,,0
105/09/30,--,--,--,--,0,0,,0
105/10/03,--,--,--,--,0,0,,0
105/10/04,--,--,--,--,0,0,,0
105/10/05,--,--,--,--,0,0,,0
105/10/06,--,--,--,--,0,0,,0
105/10/07,--,--,--,--,0,0,,0
105/10/11,--,--,--,--,0,0,,0
105/10/12,11.60,11.60,11.50,11.50,14000,161900,X,2
105/10/13,--,--,--,--,0,0,,0
105/10/14,--,--,--,--,0,0,,0
105/10/17,--,--,--,--,0,0,,0
105/10/18,--,--,--,--,0,0,,0
105/10/19,--,--,--,--,0,0,,0
105/10/20,--,--,--,--,0,0,,0
105/10/21,11.70,11.70,11.70,11.70,2000,23400,X,1
105/10/24,12.00,12.00,11.90,11.90,20000,239000,0.20,2
105/10/25,12.10,12.10,12.10,12.10,3000,36300,0.20,1
105/10/26,12.00,12.00,12.00,12.00,10000,120000,-0.10,1
105/10/27,--,--,--,--,0,0,,0
105/10/28,--,--,--,--,0,0,,0
105/10/31,--,--,--,--,0,0,,0
105/11/01,--,--,--,--,0,0,,0
105/11/02,--,--,--,--,0,0,,0
105/11/03,--,--,--,--,0,0,,0
105/11/04,--,--,--,--,0,0,,0
105/11/07,11.80,11.80,11.70,11.70,4000,47100,X,3
105/11/08,11.80,11.80,11.80,11.80,1000,11800,0.10,1
105/11/09,11.50,11.50,11.50,11.50,18000,207000,-0.30,1
105/11/10,11.80,11.80,11.80,11.80,50000,590000,0.30,3
105/11/11,10.00,10.00,10.00,10.00,50000,500000,-1.80,2
105/11/14,--,--,--,--,0,0,,0
105/11/15,9.10,9.10,8.75,8.95,27000,241350,X,5
105/11/16,--,--,--,--,0,0,,0
105/11/17,9.25,9.25,9.25,9.25,1000,9250,X,1
105/11/18,9.15,9.55,9.15,9.55,16000,150650,0.30,3
105/11/21,--,--,--,--,0,0,,0
105/11/22,9.60,9.60,9.60,9.60,3000,28800,X,1
105/11/23,--,--,--,--,0,0,,0
105/11/24,10.10,10.10,10.10,10.10,50000,505000,X,2
105/11/25,--,--,--,--,0,0,,0
105/11/28,10.10,10.10,10.10,10.10,10000,101000,X,1
105/11/29,--,--,--,--,0,0,,0
105/11/30,--,--,--,--,0,0,,0
105/12/01,10.20,10.20,10.20,10.20,50000,510000,X,2
105/12/02,--,--,--,--,0,0,,0
105/12/05,--,--,--,--,0,0,,0
105/12/06,--,--,--,--,0,0,,0
105/12/07,--,--,--,--,0,0,,0
105/12/08,10.10,10.10,10.10,10.10,2000,20200,X,1
105/12/09,--,--,--,--,0,0,,0
105/12/12,--,--,--,--,0,0,,0
105/12/13,--,--,--,--,0,0,,0
105/12/14,10.10,10.10,10.10,10.10,1000,10100,X,1
105/12/15,--,--,--,--,0,0,,0
105/12/16,--,--,--,--,0,0,,0
105/12/19,10.00,10.00,10.00,10.00,3000,30000,X,1
105/12/20,--,--,--,--,0,0,,0
105/12/21,10.50,10.50,10.50,10.50,11000,115500,X,1
105/12/22,--,--,--,--,0,0,,0
105/12/23,--,--,--,--,0,0,,0
105/12/26,--,--,--,--,0,0,,0
105/12/27,--,--,--,--,0,0,,0
105/12/28,--,--,--,--,0,0,,0
105/12/29,10.40,10.40,10.40,10.40,1000,10400,X,1
105/12/30,10.40,10.40,10.40,10.40,1000,10400,,1
106/01/03,10.50,10.50,10.50,10.50,11000,115500,0.10,1
106/01/04,--,--,--,--,0,0,,0
106/01/05,--,--,--,--,0,0,,0
106/01/06,--,--,--,--,0,0,,0
106/01/09,--,--,--,--,0,0,,0
106/01/10,--,--,--,--,0,0,,0
106/01/11,9.60,9.70,9.60,9.70,14000,134700,X,4
106/01/12,9.45,9.45,9.25,9.25,45000,420700,-0.45,6
106/01/13,9.45,9.45,9.45,9.45,5000,47250,0.20,1
106/01/16,--,--,--,--,0,0,,0
106/01/17,--,--,--,--,0,0,,0
106/01/18,--,--,--,--,0,0,,0
106/01/19,--,--,--,--,0,0,,0
106/01/20,9.65,9.65,9.65,9.65,10000,96500,X,1
106/01/23,--,--,--,--,0,0,,0
106/01/24,--,--,--,--,0,0,,0
106/02/02,9.90,9.90,9.90,9.90,1000,9900,X,1
106/02/03,--,--,--,--,0,0,,0
106/02/06,--,--,--,--,0,0,,0
106/02/07,10.50,10.50,10.50,10.50,19000,199500,X,4
106/02/08,10.40,10.40,10.40,10.40,3000,31200,-0.10,1
106/02/09,10.50,10.50,10.50,10.50,1000,10500,0.10,1
106/02/10,11.40,11.50,11.40,11.50,15000,171500,1.00,2
106/02/13,--,--,--,--,0,0,,0
106/02/14,11.50,11.50,11.50,11.50,12000,138000,X,1
106/02/15,--,--,--,--,0,0,,0
106/02/16,--,--,--,--,0,0,,0
106/02/17,--,--,--,--,0,0,,0
106/02/18,--,--,--,--,0,0,,0
106/02/20,--,--,--,--,0,0,,0
106/02/21,--,--,--,--,0,0,,0
106/02/22,--,--,--,--,0,0,,0
106/02/23,--,--,--,--,0,0,,0
106/02/24,--,--,--,--,0,0,,0
106/03/01,--,--,--,--,0,0,,0
106/03/02,--,--,--,--,0,0,,0
106/03/03,--,--,--,--,0,0,,0
106/03/06,--,--,--,--,0,0,,0
106/03/07,--,--,--,--,0,0,,0
106/03/08,--,--,--,--,0,0,,0
106/03/09,--,--,--,--,0,0,,0
106/03/10,--,--,--,--,0,0,,0
106/03/13,11.30,11.30,11.30,11.30,50000,565000,X,1
106/03/14,--,--,--,--,0,0,,0
106/03/15,--,--,--,--,0,0,,0
106/03/16,--,--,--,--,0,0,,0
106/03/17,11.90,11.90,11.90,11.90,15000,178500,X,1
106/03/20,12.30,12.30,12.30,12.30,1000,12300,0.40,1
106/03/21,12.70,12.80,12.70,12.80,5000,63700,0.50,2
106/03/22,--,--,--,--,0,0,,0
106/03/23,12.60,12.60,12.60,12.60,2000,25200,X,1
106/03/24,--,--,--,--,0,0,,0
106/03/27,--,--,--,--,0,0,,0
106/03/28,12.80,12.80,12.80,12.80,5000,64000,X,1
106/03/29,--,--,--,--,0,0,,0
106/03/30,--,--,--,--,0,0,,0
106/03/31,--,--,--,--,0,0,,0
106/04/05,--,--,--,--,0,0,,0
106/04/06,--,--,--,--,0,0,,0
106/04/07,--,--,--,--,0,0,,0
106/04/10,--,--,--,--,0,0,,0
106/04/11,--,--,--,--,0,0,,0
106/04/12,--,--,--,--,0,0,,0
106/04/13,--,--,--,--,0,0,,0
106/04/14,12.70,12.70,12.70,12.70,10000,127000,X,1
106/04/17,--,--,--,--,0,0,,0
106/04/18,--,--,--,--,0,0,,0
106/04/19,--,--,--,--,0,0,,0
106/04/20,--,--,--,--,0,0,,0
106/04/21,--,--,--,--,0,0,,0
106/04/24,--,--,--,--,0,0,,0
106/04/25,--,--,--,--,0,0,,0
106/04/26,--,--,--,--,0,0,,0
106/04/27,--,--,--,--,0,0,,0
106/04/28,--,--,--,--,0,0,,0
106/05/02,--,--,--,--,0,0,0.00,0
106/05/03,--,--,--,--,0,0,0.00,0
106/05/04,--,--,--,--,0,0,0.00,0
106/05/05,--,--,--,--,0,0,0.00,0
106/05/08,--,--,--,--,0,0,0.00,0
106/05/09,--,--,--,--,0,0,0.00,0
106/05/10,--,--,--,--,0,0,0.00,0
106/05/11,--,--,--,--,0,0,0.00,0
106/05/12,--,--,--,--,0,0,0.00,0
106/05/15,--,--,--,--,0,0,0.00,0
106/05/16,--,--,--,--,0,0,0.00,0
106/05/17,--,--,--,--,0,0,0.00,0
106/05/18,--,--,--,--,0,0,0.00,0
106/05/19,--,--,--,--,0,0,0.00,0
106/05/22,--,--,--,--,0,0,0.00,0
106/05/23,--,--,--,--,0,0,0.00,0
106/05/24,--,--,--,--,0,0,0.00,0
106/05/25,--,--,--,--,0,0,0.00,0
106/05/26,--,--,--,--,0,0,0.00,0
106/05/31,--,--,--,--,0,0,0.00,0
106/06/01,--,--,--,--,0,0,0.00,0
106/06/02,--,--,--,--,0,0,0.00,0
106/06/03,--,--,--,--,0,0,0.00,0
106/06/05,--,--,--,--,0,0,0.00,0
106/06/06,--,--,--,--,0,0,0.00,0
106/06/07,--,--,--,--,0,0,0.00,0
106/06/08,--,--,--,--,0,0,0.00,0
106/06/09,--,--,--,--,0,0,0.00,0
106/06/12,--,--,--,--,0,0,0.00,0
106/06/13,--,--,--,--,0,0,0.00,0
106/06/14,--,--,--,--,0,0,0.00,0
106/06/15,--,--,--,--,0,0,0.00,0
106/06/16,--,--,--,--,0,0,0.00,0
106/06/19,14.20,14.20,14.20,14.20,4000,56800,0.00,1
106/06/20,14.90,14.90,14.90,14.90,4000,59600,0.70,1
106/06/21,--,--,--,--,0,0,0.00,0
106/06/22,--,--,--,--,0,0,0.00,0
106/06/23,--,--,--,--,0,0,0.00,0
106/06/26,--,--,--,--,0,0,0.00,0
106/06/27,--,--,--,--,0,0,0.00,0
106/06/28,--,--,--,--,0,0,0.00,0
106/06/29,--,--,--,--,0,0,0.00,0
106/06/30,14.20,14.20,14.20,14.20,4000,56800,0.00,1
106/07/03,--,--,--,--,0,0,0.00,0
106/07/04,--,--,--,--,0,0,0.00,0
106/07/05,--,--,--,--,0,0,0.00,0
106/07/06,--,--,--,--,0,0,0.00,0
106/07/07,--,--,--,--,0,0,0.00,0
106/07/10,--,--,--,--,0,0,0.00,0
106/07/11,--,--,--,--,0,0,0.00,0
106/07/12,--,--,--,--,0,0,0.00,0
106/07/13,--,--,--,--,0,0,0.00,0
106/07/14,--,--,--,--,0,0,0.00,0
106/07/17,--,--,--,--,0,0,0.00,0
106/07/18,--,--,--,--,0,0,0.00,0
106/07/19,--,--,--,--,0,0,0.00,0
106/07/20,--,--,--,--,0,0,0.00,0
106/07/21,--,--,--,--,0,0,0.00,0
106/07/24,--,--,--,--,0,0,0.00,0
106/07/25,--,--,--,--,0,0,0.00,0
106/07/26,--,--,--,--,0,0,0.00,0
106/07/27,--,--,--,--,0,0,0.00,0
106/07/28,--,--,--,--,0,0,0.00,0
106/07/31,14.60,14.60,14.60,14.60,30000,438000,0.00,3
106/08/01,--,--,--,--,0,0,0.00,0
106/08/02,--,--,--,--,0,0,0.00,0
106/08/03,--,--,--,--,0,0,0.00,0
106/08/04,15.40,15.40,15.40,15.40,30000,462000,0.00,3
106/08/07,--,--,--,--,0,0,0.00,0
106/08/08,--,--,--,--,0,0,0.00,0
106/08/09,--,--,--,--,0,0,0.00,0
106/08/10,--,--,--,--,0,0,0.00,0
106/08/11,--,--,--,--,0,0,0.00,0
106/08/14,--,--,--,--,0,0,0.00,0
106/08/15,--,--,--,--,0,0,0.00,0
106/08/16,--,--,--,--,0,0,0.00,0
106/08/17,--,--,--,--,0,0,0.00,0
106/08/18,--,--,--,--,0,0,0.00,0
106/08/21,--,--,--,--,0,0,0.00,0
106/08/22,--,--,--,--,0,0,0.00,0
106/08/23,--,--,--,--,0,0,0.00,0
106/08/24,--,--,--,--,0,0,0.00,0
106/08/25,--,--,--,--,0,0,0.00,0
106/08/28,--,--,--,--,0,0,0.00,0
106/08/29,--,--,--,--,0,0,0.00,0
106/08/30,--,--,--,--,0,0,0.00,0
106/08/31,--,--,--,--,0,0,0.00,0
106/09/01,--,--,--,--,0,0,0.00,0
106/09/04,--,--,--,--,0,0,0.00,0
106/09/05,--,--,--,--,0,0,0.00,0
106/09/06,--,--,--,--,0,0,0.00,0
106/09/07,--,--,--,--,0,0,0.00,0
106/09/08,--,--,--,--,0,0,0.00,0
106/09/11,14.80,14.80,14.80,14.80,2000,29600,0.00,1
106/09/12,--,--,--,--,0,0,0.00,0
106/09/13,--,--,--,--,0,0,0.00,0
106/09/14,--,--,--,--,0,0,0.00,0
106/09/15,13.70,13.80,13.70,13.80,4000,55000,0.00,2
106/09/18,--,--,--,--,0,0,0.00,0
106/09/19,--,--,--,--,0,0,0.00,0
106/09/20,--,--,--,--,0,0,0.00,0
106/09/21,--,--,--,--,0,0,0.00,0
106/09/22,--,--,--,--,0,0,0.00,0
106/09/25,11.90,11.90,11.30,11.30,31000,355000,0.00,7
106/09/26,11.10,11.40,11.10,11.10,8000,89400,-0.20,3
106/09/27,--,--,--,--,0,0,0.00,0
106/09/28,--,--,--,--,0,0,0.00,0
106/09/29,11.50,11.50,11.50,11.50,2000,23000,0.00,1
106/09/30,--,--,--,--,0,0,0.00,0
106/10/02,12.10,12.10,12.10,12.10,15000,181500,0.00,1
106/10/03,--,--,--,--,0,0,0.00,0
106/10/05,12.00,12.00,12.00,12.00,10000,120000,0.00,1
106/10/06,12.30,12.30,12.10,12.10,5000,60900,0.10,4
106/10/11,12.10,12.10,12.10,12.10,3000,36300,0.00,3
106/10/12,12.50,12.50,12.30,12.30,11000,135500,0.20,2
106/10/13,--,--,--,--,0,0,0.00,0
106/10/16,--,--,--,--,0,0,0.00,0
106/10/17,--,--,--,--,0,0,0.00,0
106/10/18,--,--,--,--,0,0,0.00,0
106/10/19,11.60,11.60,11.60,11.60,5000,58000,0.00,2
106/10/20,--,--,--,--,0,0,0.00,0
106/10/23,--,--,--,--,0,0,0.00,0
106/10/24,--,--,--,--,0,0,0.00,0
106/10/25,--,--,--,--,0,0,0.00,0
106/10/26,--,--,--,--,0,0,0.00,0
106/10/27,--,--,--,--,0,0,0.00,0
106/10/30,--,--,--,--,0,0,0.00,0
106/10/31,11.30,11.30,11.30,11.30,1000,11300,0.00,1
106/11/01,--,--,--,--,0,0,0.00,0
106/11/02,11.20,11.20,11.20,11.20,1000,11200,0.00,1
106/11/03,--,--,--,--,0,0,0.00,0
106/11/06,--,--,--,--,0,0,0.00,0
106/11/07,--,--,--,--,0,0,0.00,0
106/11/08,--,--,--,--,0,0,0.00,0
106/11/09,11.30,11.30,11.30,11.30,2000,22600,0.00,1
106/11/10,10.20,10.30,10.20,10.30,9000,92500,-1.00,3
106/11/13,9.75,9.75,9.75,9.75,5000,48750,-0.55,1
106/11/14,9.50,10.00,9.50,10.00,5000,49500,0.25,2
106/11/15,9.50,9.50,9.50,9.50,1000,9500,-0.50,1
106/11/16,9.50,9.50,9.50,9.50,1000,9500,0.00,1
106/11/17,9.40,9.40,9.40,9.40,4000,37600,-0.10,1
106/11/20,9.00,9.00,9.00,9.00,2000,18000,-0.40,1
106/11/21,9.00,9.00,9.00,9.00,25000,225000,0.00,4
106/11/22,9.15,9.15,9.15,9.15,10000,91500,0.15,1
106/11/23,9.75,9.75,9.65,9.65,36000,350400,0.50,3
106/11/24,9.60,9.60,9.60,9.60,4000,38400,-0.05,1
106/11/27,9.25,9.25,9.25,9.25,20000,185000,-0.35,2
106/11/28,--,--,--,--,0,0,0.00,0
106/11/29,--,--,--,--,0,0,0.00,0
106/11/30,8.80,8.80,8.80,8.80,3000,26400,0.00,2
106/12/01,9.00,9.00,9.00,9.00,2000,18000,0.20,2
106/12/04,8.90,8.90,8.90,8.90,1000,8900,-0.10,1
106/12/05,--,--,--,--,0,0,0.00,0
106/12/06,9.25,9.30,9.25,9.30,2000,18550,0.00,2
106/12/07,--,--,--,--,0,0,0.00,0
106/12/08,8.95,8.95,8.95,8.95,1000,8950,0.00,1
106/12/11,9.55,9.55,9.50,9.50,20000,190500,0.55,2
106/12/12,9.00,9.00,9.00,9.00,9000,81000,-0.50,4
106/12/13,9.00,9.00,9.00,9.00,20000,180000,0.00,4
106/12/14,9.05,9.05,9.00,9.00,6000,54150,0.00,2
106/12/15,--,--,--,--,0,0,0.00,0
106/12/18,--,--,--,--,0,0,0.00,0
106/12/19,9.70,9.70,9.65,9.70,16000,154900,0.00,5
106/12/20,9.80,9.85,9.80,9.85,2000,19650,0.15,2
106/12/21,--,--,--,--,0,0,0.00,0
106/12/22,--,--,--,--,0,0,0.00,0
106/12/25,--,--,--,--,0,0,0.00,0
106/12/26,9.30,9.30,9.30,9.30,20000,186000,0.00,1
106/12/27,--,--,--,--,0,0,0.00,0
106/12/28,--,--,--,--,0,0,0.00,0
106/12/29,--,--,--,--,0,0,0.00,0
107/01/02,--,--,--,--,0,0,0.00,0
107/01/03,--,--,--,--,0,0,0.00,0
107/01/04,--,--,--,--,0,0,0.00,0
107/01/05,--,--,--,--,0,0,0.00,0
107/01/08,--,--,--,--,0,0,0.00,0
107/01/09,9.80,9.80,9.80,9.80,10000,98000,0.00,1
107/01/10,9.70,9.70,9.70,9.70,6000,58200,-0.10,1
107/01/11,--,--,--,--,0,0,0.00,0
107/01/12,10.30,10.50,10.30,10.50,4000,41400,0.00,2
107/01/15,10.50,10.50,10.50,10.50,21000,220500,0.00,4
107/01/16,10.40,10.40,10.40,10.40,10000,104000,-0.10,1
107/01/17,10.70,11.00,10.70,11.00,14000,151900,0.60,7
107/01/18,11.00,11.00,10.80,10.80,12000,131000,-0.20,5
107/01/19,--,--,--,--,0,0,0.00,0
107/01/22,10.80,10.90,10.80,10.90,10000,108500,0.00,3
107/01/23,11.20,11.20,11.10,11.10,9000,100200,0.20,3
107/01/24,11.10,11.10,11.10,11.10,2000,22200,0.00,1
107/01/25,11.30,11.30,11.30,11.30,26000,293800,0.20,2
107/01/26,--,--,--,--,0,0,0.00,0
107/01/29,11.10,11.10,11.10,11.10,1000,11100,0.00,1
107/01/30,11.70,12.10,11.70,11.80,69000,821600,0.70,11
107/01/31,11.30,11.40,11.30,11.40,12000,136600,-0.40,3
107/02/01,11.10,11.10,11.00,11.00,59000,652000,-0.40,2
107/02/02,11.00,11.00,11.00,11.00,1000,11000,0.00,1
107/02/05,10.70,10.70,10.70,10.70,1000,10700,-0.30,1
107/02/06,9.70,9.70,9.65,9.65,7000,67600,-1.05,2
107/02/07,10.00,10.00,10.00,10.00,2000,20000,0.35,1
107/02/08,--,--,--,--,0,0,0.00,0
107/02/09,--,--,--,--,0,0,0.00,0
107/02/12,--,--,--,--,0,0,0.00,0
107/02/21,--,--,--,--,0,0,0.00,0
107/02/22,--,--,--,--,0,0,0.00,0
107/02/23,10.50,10.50,10.50,10.50,2000,21000,0.00,1
107/02/26,--,--,--,--,0,0,0.00,0
107/02/27,10.50,10.50,10.50,10.50,3000,31500,0.00,1
107/03/01,--,--,--,--,0,0,0.00,0
107/03/02,--,--,--,--,0,0,0.00,0
107/03/05,--,--,--,--,0,0,0.00,0
107/03/06,--,--,--,--,0,0,0.00,0
107/03/07,--,--,--,--,0,0,0.00,0
107/03/08,--,--,--,--,0,0,0.00,0
107/03/09,--,--,--,--,0,0,0.00,0
107/03/12,11.00,11.00,11.00,11.00,1000,11000,0.00,1
107/03/13,--,--,--,--,0,0,0.00,0
107/03/14,--,--,--,--,0,0,0.00,0
107/03/15,--,--,--,--,0,0,0.00,0
107/03/16,--,--,--,--,0,0,0.00,0
107/03/19,--,--,--,--,0,0,0.00,0
107/03/20,--,--,--,--,0,0,0.00,0
107/03/21,--,--,--,--,0,0,0.00,0
107/03/22,--,--,--,--,0,0,0.00,0
107/03/23,--,--,--,--,0,0,0.00,0
107/03/26,--,--,--,--,0,0,0.00,0
107/03/27,--,--,--,--,0,0,0.00,0
107/03/28,--,--,--,--,0,0,0.00,0
107/03/29,--,--,--,--,0,0,0.00,0
107/03/30,--,--,--,--,0,0,0.00,0
107/03/31,--,--,--,--,0,0,0.00,0
107/04/02,--,--,--,--,0,0,0.00,0
107/04/03,--,--,--,--,0,0,0.00,0
107/04/09,--,--,--,--,0,0,0.00,0
107/04/10,--,--,--,--,0,0,0.00,0
107/04/11,--,--,--,--,0,0,0.00,0
107/04/12,--,--,--,--,0,0,0.00,0
107/04/13,--,--,--,--,0,0,0.00,0
107/04/16,--,--,--,--,0,0,0.00,0
107/04/17,--,--,--,--,0,0,0.00,0
107/04/18,--,--,--,--,0,0,0.00,0
107/04/19,9.05,9.05,9.00,9.00,3000,27100,0.00,2
107/04/20,9.35,9.35,9.35,9.35,1000,9350,0.35,1
107/04/23,9.30,9.30,9.30,9.30,3000,27900,-0.05,1
107/04/24,--,--,--,--,0,0,0.00,0
107/04/25,--,--,--,--,0,0,0.00,0
107/04/26,--,--,--,--,0,0,0.00,0
107/04/27,--,--,--,--,0,0,0.00,0
107/04/30,--,--,--,--,0,0,0.00,0
107/05/02,--,--,--,--,0,0,0.00,0
107/05/03,--,--,--,--,0,0,0.00,0
107/05/04,--,--,--,--,0,0,0.00,0
107/05/07,--,--,--,--,0,0,0.00,0
107/05/08,--,--,--,--,0,0,0.00,0
107/05/09,8.90,9.00,8.85,9.00,14000,124250,0.00,3
107/05/10,8.90,8.90,8.90,8.90,2000,17800,-0.10,2
107/05/11,8.60,8.60,8.60,8.60,3000,25800,-0.30,2
107/05/14,--,--,--,--,0,0,0.00,0
107/05/15,8.50,8.50,8.50,8.50,3000,25500,0.00,2
107/05/16,8.35,8.35,8.35,8.35,1000,8350,-0.15,1
107/05/17,--,--,--,--,0,0,0.00,0
107/05/18,8.20,8.20,8.05,8.05,27000,219300,0.00,7
107/05/21,8.05,8.05,7.95,7.95,14000,112500,-0.10,4
107/05/22,8.10,8.10,8.05,8.05,3000,24200,0.10,2
107/05/23,--,--,--,--,0,0,0.00,0
107/05/24,7.90,7.90,7.90,7.90,10000,79000,0.00,1
107/05/25,--,--,--,--,0,0,0.00,0
107/05/28,--,--,--,--,0,0,0.00,0
107/05/29,--,--,--,--,0,0,0.00,0
107/05/30,--,--,--,--,0,0,0.00,0
107/05/31,7.90,7.90,7.85,7.85,24000,189500,0.00,4
107/06/01,7.80,7.80,7.80,7.80,5000,39000,-0.05,1
107/06/04,8.20,8.20,8.20,8.20,1000,8200,0.40,1
107/06/05,--,--,--,--,0,0,0.00,0
107/06/06,8.70,8.70,8.70,8.70,10000,87000,0.00,2
107/06/07,8.70,8.70,8.65,8.65,6000,52150,-0.05,2
107/06/08,--,--,--,--,0,0,0.00,0
107/06/11,--,--,--,--,0,0,0.00,0
107/06/12,--,--,--,--,0,0,0.00,0
107/06/13,8.55,8.55,8.40,8.40,8000,68050,0.00,4
107/06/14,--,--,--,--,0,0,0.00,0
107/06/15,8.25,8.25,8.25,8.25,4000,33000,0.00,1
107/06/19,8.00,8.15,8.00,8.15,2000,16150,-0.10,2
107/06/20,8.35,8.35,8.35,8.35,5000,41750,0.20,1
107/06/21,8.30,8.30,8.30,8.30,1000,8300,-0.05,1
107/06/22,7.90,7.90,7.90,7.90,1000,7900,-0.40,1
107/06/25,7.75,7.75,7.75,7.75,4000,31000,-0.15,2
107/06/26,7.60,7.60,7.50,7.50,2000,15100,-0.25,2
107/06/27,7.35,7.35,7.35,7.35,2000,14700,-0.15,1
107/06/28,7.05,7.10,6.95,6.95,11000,76900,-0.40,4
107/06/29,7.35,7.35,7.35,7.35,1000,7350,0.40,1
107/07/02,--,--,--,--,0,0,0.00,0
107/07/03,7.50,7.50,7.50,7.50,2000,15000,0.00,1
107/07/04,--,--,--,--,0,0,0.00,0
107/07/05,--,--,--,--,0,0,0.00,0
107/07/06,7.35,7.35,7.35,7.35,1000,7350,0.00,1
107/07/09,--,--,--,--,0,0,0.00,0
107/07/10,7.60,7.60,7.60,7.60,1000,7600,0.00,1
107/07/11,--,--,--,--,0,0,0.00,0
107/07/12,7.50,7.50,7.50,7.50,1000,7500,0.00,1
107/07/13,7.70,7.70,7.70,7.70,1000,7700,0.20,1
107/07/16,7.85,8.00,7.85,8.00,2000,15850,0.30,2
107/07/17,8.05,8.25,8.05,8.25,8000,64650,0.25,3
107/07/18,8.50,8.55,8.50,8.50,4000,34050,0.25,3
107/07/19,8.60,8.70,8.55,8.55,8000,68950,0.05,5
107/07/20,8.60,8.85,8.55,8.80,10000,86650,0.25,4
107/07/23,8.85,8.90,8.85,8.90,4000,35550,0.10,2
107/07/24,8.95,8.95,8.85,8.85,3000,26650,-0.05,2
107/07/25,--,--,--,--,0,0,0.00,0
107/07/26,8.65,8.65,8.65,8.65,1000,8650,0.00,1
107/07/27,8.80,8.80,8.80,8.80,3000,26400,0.15,1
107/07/30,9.10,9.30,9.10,9.20,9000,82600,0.40,5
107/07/31,9.55,9.55,9.50,9.50,2000,19050,0.30,2
107/08/01,9.60,9.75,9.50,9.50,3000,28850,0.00,3
107/08/02,9.40,9.40,9.25,9.25,2000,18650,-0.25,2
107/08/03,9.15,9.20,9.15,9.20,2000,18350,-0.05,2
107/08/06,9.05,9.10,9.05,9.10,2000,18150,-0.10,2
107/08/07,9.30,9.30,9.30,9.30,2000,18600,0.20,2
107/08/08,--,--,--,--,0,0,0.00,0
107/08/09,--,--,--,--,0,0,0.00,0
107/08/10,9.50,9.80,9.50,9.80,6000,58500,0.00,4
107/08/13,9.80,9.80,9.60,9.65,6000,58150,-0.15,4
107/08/14,9.70,9.70,9.70,9.70,1000,9700,0.05,1
107/08/15,9.45,9.50,9.45,9.50,3000,28400,-0.20,2
107/08/16,--,--,--,--,0,0,0.00,0
107/08/17,--,--,--,--,0,0,0.00,0
107/08/20,--,--,--,--,0,0,0.00,0
107/08/21,8.80,8.80,8.65,8.65,4000,34900,0.00,2
107/08/22,8.60,8.60,8.60,8.60,1000,8600,-0.05,1
107/08/23,8.60,8.60,8.60,8.60,1000,8600,0.00,1
107/08/24,8.45,8.45,8.45,8.45,2000,16900,-0.15,1
107/08/27,8.70,8.70,8.65,8.65,2000,17350,0.20,2
107/08/28,8.90,8.95,8.90,8.95,3000,26800,0.30,2
107/08/29,9.10,9.10,9.10,9.10,3000,27300,0.15,2
107/08/30,9.05,9.05,8.85,8.85,3000,26750,-0.25,3
107/08/31,8.85,8.85,8.85,8.85,2000,17700,0.00,1
107/09/03,--,--,--,--,0,0,0.00,0
107/09/04,8.85,8.85,8.85,8.85,2000,17700,0.00,1
107/09/05,8.65,8.65,8.65,8.65,1000,8650,-0.20,1
107/09/06,8.30,8.30,8.30,8.30,3000,24900,-0.35,1
107/09/07,8.00,8.00,7.90,7.95,5000,39750,-0.35,3
107/09/10,7.40,7.45,7.35,7.35,5000,36900,-0.60,3
107/09/11,--,--,--,--,0,0,0.00,0
107/09/12,--,--,--,--,0,0,0.00,0
107/09/13,7.80,7.85,7.80,7.85,3000,23500,0.00,2
107/09/14,8.95,8.95,8.95,8.95,6000,53700,1.10,2
107/09/17,9.15,9.15,9.05,9.05,2000,18200,0.10,2
107/09/18,8.85,8.85,8.85,8.85,1000,8850,-0.20,1
107/09/19,8.90,8.90,8.90,8.90,1000,8900,0.05,1
107/09/20,8.70,8.70,8.55,8.55,2000,17250,-0.35,2
107/09/21,8.25,8.55,8.25,8.55,2000,16800,0.00,2
107/09/25,8.70,8.75,8.70,8.75,4000,34950,0.20,2
107/09/26,8.25,8.25,8.15,8.15,17000,139450,-0.60,6
107/09/27,7.80,7.85,7.70,7.70,25000,194900,-0.45,8
107/09/28,7.70,7.80,7.65,7.80,4000,30850,0.10,4
107/10/01,8.00,8.05,8.00,8.05,5000,40200,0.25,3
107/10/02,7.85,7.85,7.85,7.85,2000,15700,-0.20,2
107/10/03,--,--,--,--,0,0,0.00,0
107/10/04,7.65,7.75,7.55,7.75,4000,30500,0.00,3
107/10/05,7.65,7.80,7.65,7.75,4000,30850,0.00,3
107/10/08,7.85,7.95,7.85,7.95,4000,31600,0.20,2
107/10/09,7.70,7.70,7.50,7.50,7000,53050,-0.45,4
107/10/11,6.35,6.35,6.15,6.15,12000,74500,-1.35,4
107/10/12,6.15,6.15,6.15,6.15,6000,36900,0.00,2
107/10/15,6.00,6.00,6.00,6.00,1000,6000,-0.15,1
107/10/16,6.35,7.00,6.35,6.75,7000,47300,0.75,5
107/10/17,7.05,7.05,6.85,6.85,2000,13900,0.10,2
107/10/18,6.90,6.90,6.90,6.90,1000,6900,0.05,1
107/10/19,6.70,6.95,6.70,6.95,2000,13650,0.05,2
107/10/22,6.85,6.85,6.85,6.85,1000,6850,-0.10,1
107/10/23,6.15,6.30,6.15,6.30,3000,18600,-0.55,2
107/10/24,6.35,6.45,6.35,6.45,4000,25600,0.15,4
107/10/25,5.85,6.30,5.85,6.30,3000,18300,-0.15,3
107/10/26,6.30,6.30,6.30,6.30,1000,6300,0.00,1
107/10/29,6.70,6.70,6.30,6.30,26000,166200,0.00,3
107/10/30,--,--,--,--,0,0,0.00,0
107/10/31,6.45,6.50,6.45,6.50,7000,45450,0.00,2
107/11/01,--,--,--,--,0,0,0.00,0
107/11/02,6.35,6.45,6.35,6.45,3000,19150,0.00,2
107/11/05,6.20,6.20,6.20,6.20,3000,18600,-0.25,1
107/11/06,5.95,5.95,5.60,5.65,7000,40000,-0.55,5
107/11/07,5.40,5.60,5.40,5.60,3000,16400,-0.05,2
107/11/08,5.60,5.60,5.45,5.45,11000,60800,-0.15,3
107/11/09,5.40,5.50,5.40,5.50,10000,54500,0.05,2
107/11/12,--,--,--,--,0,0,0.00,0
107/11/13,5.15,5.35,5.15,5.35,2000,10500,0.00,2
107/11/14,--,--,--,--,0,0,0.00,0
107/11/15,5.15,5.15,5.15,5.15,12000,61800,0.00,1
107/11/16,--,--,--,--,0,0,0.00,0
107/11/19,5.60,5.60,5.60,5.60,1000,5600,0.00,1
107/11/20,--,--,--,--,0,0,0.00,0
107/11/21,--,--,--,--,0,0,0.00,0
107/11/22,--,--,--,--,0,0,0.00,0
107/11/23,--,--,--,--,0,0,0.00,0
107/11/26,--,--,--,--,0,0,0.00,0
107/11/27,5.25,5.25,5.25,5.25,1000,5250,0.00,1
107/11/28,5.80,5.80,5.80,5.80,3000,17400,0.55,2
107/11/29,5.90,5.90,5.90,5.90,5000,29500,0.10,1
107/11/30,5.90,5.90,5.75,5.75,6000,34650,-0.15,2
107/12/03,6.10,6.10,6.10,6.10,1000,6100,0.35,1
107/12/04,6.05,6.05,6.05,6.05,5000,30250,-0.05,1
107/12/05,--,--,--,--,0,0,0.00,0
107/12/06,--,--,--,--,0,0,0.00,0
107/12/07,--,--,--,--,0,0,0.00,0
107/12/10,5.05,5.05,5.05,5.05,3000,15150,0.00,1
107/12/11,--,--,--,--,0,0,0.00,0
107/12/12,--,--,--,--,0,0,0.00,0
107/12/13,--,--,--,--,0,0,0.00,0
107/12/14,--,--,--,--,0,0,0.00,0
107/12/17,--,--,--,--,0,0,0.00,0
107/12/18,--,--,--,--,0,0,0.00,0
107/12/19,--,--,--,--,0,0,0.00,0
107/12/20,4.98,4.98,4.98,4.98,13000,64740,0.00,1
107/12/21,--,--,--,--,0,0,0.00,0
107/12/22,--,--,--,--,0,0,0.00,0
107/12/23,--,--,--,--,0,0,0.00,0
107/12/24,--,--,--,--,0,0,0.00,0
107/12/25,--,--,--,--,0,0,0.00,0
107/12/26,--,--,--,--,0,0,0.00,0
107/12/27,--,--,--,--,0,0,0.00,0
107/12/28,--,--,--,--,0,0,0.00,0
108/01/02,--,--,--,--,0,0,0.00,0
108/01/03,--,--,--,--,0,0,0.00,0
108/01/04,--,--,--,--,0,0,0.00,0
108/01/07,4.69,4.69,4.69,4.69,1000,4690,0.00,1
108/01/08,4.42,4.42,4.42,4.42,1000,4420,-0.27,1
108/01/09,4.52,4.52,4.52,4.52,5000,22600,0.10,1
108/01/10,4.57,4.57,4.57,4.57,5000,22850,0.05,1
108/01/11,4.57,4.57,4.57,4.57,1000,4570,0.00,1
108/01/14,4.56,4.56,4.55,4.55,11000,50060,-0.02,3
108/01/15,4.71,4.71,4.71,4.71,1000,4710,0.16,1
108/01/16,4.67,4.67,4.67,4.67,1000,4670,-0.04,1
108/01/17,4.68,4.68,4.68,4.68,1000,4680,0.01,1
108/01/18,4.77,4.77,4.77,4.77,1000,4770,0.09,1
108/01/21,4.89,4.89,4.79,4.79,5000,24190,0.02,5
108/01/22,--,--,--,--,0,0,0.00,0
108/01/23,4.71,4.71,4.67,4.67,2000,9380,0.00,2
108/01/24,4.83,4.83,4.79,4.79,2000,9620,0.12,2
108/01/25,4.86,5.20,4.86,5.20,6000,30270,0.41,5
108/01/28,5.50,5.50,5.30,5.30,4000,21400,0.10,3
108/01/29,5.30,5.30,5.25,5.25,105000,556150,-0.05,5
108/01/30,5.50,5.50,5.40,5.40,104000,561700,0.15,4
108/02/11,5.25,5.25,5.25,5.25,1000,5250,-0.15,1
108/02/12,5.25,5.25,5.15,5.25,3000,15650,0.00,3
108/02/13,5.35,5.35,5.25,5.25,2000,10600,0.00,2
108/02/14,5.35,5.35,5.25,5.25,2000,10600,0.00,2
108/02/15,5.25,5.25,5.25,5.25,31000,162750,0.00,2
108/02/18,5.35,5.40,5.30,5.30,31000,166800,0.05,4
108/02/19,5.40,5.40,5.35,5.35,11000,58900,0.05,5
108/02/20,5.55,5.65,5.50,5.65,60000,337600,0.30,7
108/02/21,5.75,5.75,5.60,5.60,12000,67350,-0.05,3
108/02/22,5.65,5.65,5.60,5.65,5000,28150,0.05,3
108/02/25,5.85,5.85,5.80,5.85,64000,371400,0.20,4
108/02/26,5.80,5.85,5.75,5.75,3000,17400,-0.10,3
108/02/27,5.65,5.65,5.60,5.60,2000,11250,-0.15,2
108/03/04,5.45,5.45,5.40,5.40,2000,10850,-0.20,2
108/03/05,5.40,5.55,5.40,5.55,38000,205500,0.15,8
108/03/06,5.65,5.65,5.65,5.65,1000,5650,0.10,1
108/03/07,5.60,5.60,5.55,5.55,4000,22250,-0.10,2
108/03/08,5.65,5.65,5.60,5.60,3000,16850,0.05,2
108/03/11,5.85,5.95,5.85,5.95,32000,187300,0.35,3
108/03/12,6.15,6.15,6.15,6.15,1000,6150,0.20,1
108/03/13,6.30,6.30,6.25,6.25,2000,12550,0.10,2
108/03/14,6.15,6.15,6.05,6.05,32000,193750,-0.20,5
108/03/15,5.50,5.65,5.40,5.40,70000,386800,-0.65,15
108/03/18,5.40,5.40,5.35,5.40,53000,283750,0.00,3
108/03/19,5.50,5.50,5.50,5.50,4000,22000,0.10,2
108/03/20,5.45,5.45,5.45,5.45,25000,136250,-0.05,2
108/03/21,--,--,--,--,0,0,0.00,0
108/03/22,5.60,5.60,5.60,5.60,1000,5600,0.00,1
108/03/25,5.35,5.35,5.30,5.35,25000,132750,-0.25,4
108/03/26,5.50,5.50,5.50,5.50,1000,5500,0.15,1
108/03/27,5.65,5.65,5.60,5.60,2000,11250,0.10,2
108/03/28,5.60,5.75,5.60,5.65,102000,573950,0.05,7
108/03/29,5.75,5.75,5.70,5.70,86000,494200,0.05,10
108/04/01,6.50,6.50,5.70,5.75,91000,527200,0.05,7
108/04/02,5.85,5.85,5.75,5.75,7000,40500,0.00,5
108/04/03,5.70,5.70,5.65,5.65,112000,632850,-0.10,11
108/04/08,5.80,5.80,5.75,5.80,12000,69550,0.15,3
108/04/09,5.80,5.95,5.80,5.95,83000,493550,0.15,7
108/04/10,5.95,5.95,5.90,5.90,99000,586550,-0.05,3
108/04/11,6.00,6.05,5.85,5.85,220000,1318800,-0.05,21
108/04/12,5.95,5.95,5.85,5.85,14000,82400,0.00,7
108/04/15,6.05,6.30,6.00,6.30,25000,154400,0.45,13
108/04/16,6.70,7.60,6.70,7.60,53000,380400,1.30,18
108/04/17,7.85,8.25,7.65,7.65,47000,370950,0.05,10
108/04/18,8.15,8.15,7.60,7.60,14000,112050,-0.05,10
108/04/19,7.65,7.65,7.40,7.40,5000,37650,-0.20,5
108/04/22,7.30,7.30,7.15,7.15,2000,14450,-0.25,2
108/04/23,7.05,7.20,6.95,7.20,103000,721200,0.05,8
108/04/24,7.40,7.45,7.40,7.40,108000,800900,0.20,13
108/04/25,7.25,7.25,7.20,7.20,201000,1448200,-0.20,11
108/04/26,--,--,--,--,0,0,0.00,0
108/04/29,7.05,7.05,7.05,7.05,1000,7050,0.00,1
108/04/30,7.00,7.00,7.00,7.00,3000,21000,-0.05,2
108/05/02,7.10,7.10,7.10,7.10,1000,7100,0.10,1
108/05/03,7.25,7.25,7.25,7.25,1000,7250,0.15,1
108/05/06,7.05,7.05,6.75,6.75,8000,55000,-0.50,7
108/05/07,6.80,6.80,6.75,6.75,16000,108100,0.00,3
108/05/08,6.10,6.10,5.80,5.80,15000,89150,-0.95,9
108/05/09,5.45,5.55,5.20,5.55,177000,961700,-0.25,22
108/05/10,5.30,5.45,5.30,5.30,14000,75400,-0.25,5
108/05/13,5.45,5.45,5.15,5.20,6000,31700,-0.10,4
108/05/14,5.00,5.05,5.00,5.05,17000,85250,-0.15,4
108/05/15,5.15,5.15,5.15,5.15,2000,10300,0.10,2
108/05/16,4.86,5.00,4.86,5.00,2000,9860,-0.15,2
108/05/17,4.94,4.94,4.94,4.94,1000,4940,-0.06,1
108/05/20,5.05,5.05,5.05,5.05,1000,5050,0.11,1
108/05/21,5.10,5.10,5.10,5.10,1000,5100,0.05,1
108/05/22,5.00,5.00,5.00,5.00,1000,5000,-0.10,1
108/05/23,4.98,4.99,4.98,4.99,3000,14950,-0.01,2
108/05/24,5.05,5.05,5.05,5.05,2000,10100,0.06,1
108/05/27,--,--,--,--,0,0,0.00,0
108/05/28,5.05,5.05,5.05,5.05,1000,5050,0.00,1
108/05/29,4.66,4.75,4.66,4.75,13000,60900,-0.30,3
108/05/30,5.05,5.10,5.05,5.10,10000,50950,0.35,2
108/05/31,5.20,5.40,5.20,5.40,30000,161000,0.30,4
108/06/03,--,--,--,--,0,0,0.00,0
108/06/04,5.10,5.10,5.10,5.10,14000,71400,0.00,1
108/06/05,--,--,--,--,0,0,0.00,0
108/06/06,4.95,4.95,4.92,4.95,30000,148050,0.00,3
108/06/10,--,--,--,--,0,0,0.00,0
108/06/11,--,--,--,--,0,0,0.00,0
108/06/12,5.30,5.35,5.30,5.35,2000,10650,0.00,2
108/06/13,5.30,5.30,5.30,5.30,1000,5300,-0.05,1
108/06/14,5.40,5.40,5.35,5.35,6000,32300,0.05,3
108/06/17,5.40,5.50,5.40,5.40,9000,48900,0.05,4
108/06/18,5.35,5.35,5.35,5.35,4000,21400,-0.05,1
108/06/19,5.60,5.75,5.55,5.75,11000,62350,0.40,6
108/06/20,5.80,5.85,5.80,5.85,5000,29100,0.10,3
108/06/21,5.95,5.95,5.70,5.70,18000,105800,-0.15,6
108/06/24,5.90,5.95,5.90,5.95,105000,619750,0.25,4
108/06/25,5.80,5.80,5.80,5.80,3000,17400,-0.15,2
108/06/26,--,--,--,--,0,0,0.00,0
108/06/27,5.95,5.95,5.95,5.95,10000,59500,0.00,2
108/06/28,5.80,5.80,5.80,5.80,1000,5800,-0.15,1
108/07/01,5.95,6.00,5.90,5.90,18000,106850,0.10,5
108/07/02,6.00,6.00,6.00,6.00,1000,6000,0.10,1
108/07/03,6.00,6.00,6.00,6.00,14000,84000,0.00,1
108/07/04,6.10,6.10,6.00,6.05,103000,620750,0.05,5
108/07/05,6.15,6.15,6.10,6.10,91000,555150,0.05,3
108/07/08,6.10,6.10,6.10,6.10,5000,30500,0.00,1
108/07/09,5.95,6.00,5.95,6.00,2000,11950,-0.10,2
108/07/10,6.00,6.00,6.00,6.00,1000,6000,0.00,1
108/07/11,6.20,6.20,6.15,6.20,52000,319900,0.20,3
108/07/12,6.20,6.20,6.20,6.20,1000,6200,0.00,1
108/07/15,--,--,--,--,0,0,0.00,0
108/07/16,6.25,6.45,6.25,6.45,17000,108650,0.00,7
108/07/17,6.35,6.35,6.20,6.20,17000,106250,-0.25,4
108/07/18,6.20,6.20,6.20,6.20,1000,6200,0.00,1
108/07/19,6.30,6.30,6.30,6.30,1000,6300,0.10,1
108/07/22,6.35,6.35,6.35,6.35,1000,6350,0.05,1
108/07/23,6.40,6.40,6.40,6.40,1000,6400,0.05,1
108/07/24,6.40,6.40,6.40,6.40,1000,6400,0.00,1
108/07/25,6.65,6.75,6.60,6.75,6000,40250,0.35,4
108/07/26,--,--,--,--,0,0,0.00,0
108/07/29,6.75,6.75,6.60,6.60,94000,626400,0.00,12
108/07/30,6.60,6.60,6.35,6.35,214000,1382250,-0.25,22
108/07/31,6.15,6.25,5.95,5.95,101000,617050,-0.40,14
108/08/01,6.05,6.05,5.90,5.90,14000,83650,-0.05,2
108/08/02,5.70,5.70,5.65,5.65,16000,90800,-0.25,4
108/08/05,5.50,5.50,5.35,5.40,10000,54550,-0.25,4
108/08/06,4.99,5.10,4.97,5.05,75000,377860,-0.35,12
108/08/07,5.25,5.30,5.25,5.30,50000,263000,0.25,5
108/08/08,--,--,--,--,0,0,0.00,0
108/08/12,5.55,5.85,5.55,5.80,22000,126800,0.00,9
108/08/13,--,--,--,--,0,0,0.00,0
108/08/14,6.05,6.05,6.05,6.05,7000,42350,0.00,2
108/08/15,5.75,5.75,5.75,5.75,3000,17250,-0.30,1
108/08/16,5.85,6.05,5.85,6.05,6000,35900,0.30,3
108/08/19,6.10,6.10,6.10,6.10,2000,12200,0.05,2
108/08/20,6.00,6.00,6.00,6.00,2000,12000,-0.10,2
108/08/21,--,--,--,--,0,0,0.00,0
108/08/22,6.00,6.00,6.00,6.00,1000,6000,0.00,1
108/08/23,--,--,--,--,0,0,0.00,0
108/08/26,5.65,5.65,5.65,5.65,1000,5650,0.00,1
108/08/27,5.85,5.85,5.85,5.85,4000,23400,0.20,2
108/08/28,5.85,5.85,5.85,5.85,30000,175500,0.00,1
108/08/29,5.70,5.70,5.70,5.70,1000,5700,-0.15,1
108/08/30,6.15,6.35,6.15,6.35,12000,75200,0.65,7
108/09/02,6.40,6.45,6.40,6.45,4000,25700,0.10,2
108/09/03,6.25,6.25,6.20,6.20,9000,56150,-0.25,3
108/09/04,6.25,6.30,6.25,6.30,4000,25100,0.10,2
108/09/05,6.35,6.40,6.35,6.40,4000,25500,0.10,2
108/09/06,6.45,6.45,6.45,6.45,2000,12900,0.05,1
108/09/09,--,--,--,--,0,0,0.00,0
108/09/10,6.35,6.35,6.30,6.30,11000,69450,0.00,5
108/09/11,6.50,6.50,6.45,6.45,4000,25900,0.15,2
108/09/12,6.65,6.65,6.55,6.60,30000,196850,0.15,6
108/09/16,6.60,6.60,6.55,6.55,11000,72100,-0.05,2
108/09/17,6.65,6.70,6.65,6.70,7000,46750,0.15,4
108/09/18,6.75,6.95,6.75,6.95,24000,164350,0.25,13
108/09/19,6.95,6.95,6.95,6.95,8000,55600,0.00,1
108/09/20,6.85,6.85,6.85,6.85,4000,27400,-0.10,1
108/09/23,6.85,6.85,6.85,6.85,16000,109600,0.00,4
108/09/24,6.85,7.10,6.85,7.00,23000,162000,0.15,9
108/09/25,6.80,6.80,6.80,6.80,10000,68000,-0.20,2
108/09/26,6.75,6.80,6.75,6.80,4000,27100,0.00,4
108/09/27,6.85,6.90,6.65,6.70,4000,27100,-0.10,4
108/10/01,6.75,6.90,6.75,6.90,3000,20500,0.20,3
108/10/02,--,--,--,--,0,0,0.00,0
108/10/03,--,--,--,--,0,0,0.00,0
108/10/04,--,--,--,--,0,0,0.00,0
108/10/07,6.95,7.10,6.95,7.05,9000,63350,0.00,5
108/10/08,7.15,7.20,7.00,7.00,32000,227150,-0.05,9
108/10/09,6.90,6.90,6.75,6.75,6000,40950,-0.25,4
108/10/14,7.10,7.10,7.05,7.05,6000,42500,0.30,4
108/10/15,7.05,7.05,7.00,7.05,8000,56350,0.00,5
108/10/16,6.95,7.05,6.95,7.05,3000,21000,0.00,3
108/10/17,7.15,7.60,7.15,7.60,131000,964600,0.55,35
108/10/18,7.70,8.25,7.70,7.85,179000,1424650,0.25,35
108/10/21,--,--,--,--,0,0,0.00,0
108/10/22,8.00,8.10,7.95,8.00,9000,72100,0.00,5
108/10/23,8.00,8.15,8.00,8.05,12000,96800,0.05,8
108/10/24,8.15,8.15,8.05,8.05,7000,56650,0.00,4
108/10/25,8.20,8.20,8.15,8.15,6000,49050,0.10,2
108/10/28,8.30,8.30,8.20,8.20,10000,82500,0.05,6
108/10/29,8.35,8.60,8.35,8.45,48000,407050,0.25,13
108/10/30,8.40,8.45,8.40,8.45,2000,16850,0.00,2
108/10/31,8.25,8.25,8.10,8.10,69000,564300,-0.35,9
108/11/01,8.20,8.40,8.15,8.35,62000,515250,0.25,20
108/11/04,--,--,--,--,0,0,0.00,0
108/11/05,--,--,--,--,0,0,0.00,0
108/11/06,8.45,8.45,8.45,8.45,3000,25350,0.00,1
108/11/07,8.55,8.55,8.50,8.50,2000,17050,0.05,2
108/11/08,9.55,10.10,9.55,10.10,5000,49250,1.60,3
108/11/11,10.10,10.10,10.10,10.10,1000,10100,0.00,1
108/11/12,10.60,10.60,10.50,10.50,4000,42100,0.40,3
108/11/13,10.90,10.90,10.90,10.90,2000,21800,0.40,1
108/11/14,11.20,11.20,11.20,11.20,2000,22400,0.30,1
108/11/15,--,--,--,--,0,0,0.00,0
108/11/18,--,--,--,--,0,0,0.00,0
108/11/19,--,--,--,--,0,0,0.00,0
108/11/20,--,--,--,--,0,0,0.00,0
108/11/21,11.10,11.10,11.10,11.10,20000,222000,0.00,2
108/11/22,11.20,11.20,11.20,11.20,1000,11200,0.10,1
108/11/25,11.00,11.00,10.90,10.90,15000,163600,-0.30,3
108/11/26,--,--,--,--,0,0,0.00,0
108/11/27,11.00,11.00,11.00,11.00,1000,11000,0.00,1
108/11/28,10.80,10.80,10.80,10.80,1000,10800,-0.20,1
108/11/29,--,--,--,--,0,0,0.00,0
108/12/02,10.20,10.20,10.20,10.20,1000,10200,0.00,1
108/12/03,--,--,--,--,0,0,0.00,0
108/12/04,--,--,--,--,0,0,0.00,0
108/12/05,--,--,--,--,0,0,0.00,0
108/12/06,--,--,--,--,0,0,0.00,0
108/12/09,--,--,--,--,0,0,0.00,0
108/12/10,--,--,--,--,0,0,0.00,0
108/12/11,--,--,--,--,0,0,0.00,0
108/12/12,--,--,--,--,0,0,0.00,0
108/12/13,--,--,--,--,0,0,0.00,0
108/12/16,--,--,--,--,0,0,0.00,0
108/12/17,--,--,--,--,0,0,0.00,0
108/12/18,11.20,11.20,11.20,11.20,2000,22400,0.00,1
108/12/19,--,--,--,--,0,0,0.00,0
108/12/20,--,--,--,--,0,0,0.00,0
108/12/23,--,--,--,--,0,0,0.00,0
108/12/24,--,--,--,--,0,0,0.00,0
108/12/25,10.60,10.60,10.60,10.60,15000,159000,0.00,1
108/12/26,--,--,--,--,0,0,0.00,0
108/12/27,--,--,--,--,0,0,0.00,0
108/12/30,--,--,--,--,0,0,0.00,0
108/12/31,--,--,--,--,0,0,0.00,0
109/01/02,--,--,--,--,0,0,0.00,0
109/01/03,10.80,10.80,10.50,10.50,10000,105700,0.00,6
109/01/06,--,--,--,--,0,0,0.00,0
109/01/07,--,--,--,--,0,0,0.00,0
109/01/08,10.20,10.20,10.20,10.20,2000,20400,0.00,1
109/01/09,--,--,--,--,0,0,0.00,0
109/01/10,--,--,--,--,0,0,0.00,0
109/01/13,--,--,--,--,0,0,0.00,0
109/01/14,--,--,--,--,0,0,0.00,0
109/01/15,--,--,--,--,0,0,0.00,0
109/01/16,--,--,--,--,0,0,0.00,0
109/01/17,--,--,--,--,0,0,0.00,0
109/01/20,10.40,10.40,10.40,10.40,1000,10400,0.00,1
109/01/30,9.10,9.10,9.10,9.10,5000,45500,-1.30,1
109/01/31,--,--,--,--,0,0,0.00,0
109/02/03,8.75,9.45,8.75,9.45,51000,446950,0.00,4
109/02/04,9.55,9.55,9.55,9.55,2000,19100,0.10,1
109/02/05,9.35,9.35,9.35,9.35,2000,18700,-0.20,1
109/02/06,9.85,9.85,9.85,9.85,1000,9850,0.50,1
109/02/07,--,--,--,--,0,0,0.00,0
109/02/10,--,--,--,--,0,0,0.00,0
109/02/11,--,--,--,--,0,0,0.00,0
109/02/12,--,--,--,--,0,0,0.00,0
109/02/13,--,--,--,--,0,0,0.00,0
109/02/14,--,--,--,--,0,0,0.00,0
109/02/17,--,--,--,--,0,0,0.00,0
109/02/18,9.45,9.45,9.45,9.45,8000,75600,0.00,1
109/02/19,--,--,--,--,0,0,0.00,0
109/02/20,9.90,9.90,9.90,9.90,5000,49500,0.00,1
109/02/21,--,--,--,--,0,0,0.00,0
109/02/24,9.40,9.40,9.40,9.40,7000,65800,0.00,1
109/02/25,--,--,--,--,0,0,0.00,0
109/02/26,--,--,--,--,0,0,0.00,0
109/02/27,--,--,--,--,0,0,0.00,0
109/03/02,8.35,8.60,8.35,8.35,17000,142450,0.00,3
109/03/03,--,--,--,--,0,0,0.00,0
109/03/04,8.75,8.75,8.75,8.75,12000,105000,0.00,8
109/03/05,8.85,8.85,8.85,8.85,10000,88500,0.10,2
109/03/06,--,--,--,--,0,0,0.00,0
109/03/09,8.70,8.70,8.70,8.70,3000,26100,0.00,1
109/03/10,8.60,8.60,8.60,8.60,2000,17200,-0.10,1
109/03/11,--,--,--,--,0,0,0.00,0
109/03/12,--,--,--,--,0,0,0.00,0
109/03/13,--,--,--,--,0,0,0.00,0
109/03/16,6.45,6.45,6.30,6.30,6000,38100,0.00,2
109/03/17,5.80,5.80,5.80,5.80,5000,29000,-0.50,1
109/03/18,--,--,--,--,0,0,0.00,0
109/03/19,--,--,--,--,0,0,0.00,0
109/03/20,--,--,--,--,0,0,0.00,0
109/03/23,5.40,5.40,5.35,5.35,14000,75250,0.00,2
109/03/24,--,--,--,--,0,0,0.00,0
109/03/25,--,--,--,--,0,0,0.00,0
109/03/26,--,--,--,--,0,0,0.00,0
109/03/27,8.30,8.30,8.20,8.20,5000,41100,0.00,2
109/03/30,--,--,--,--,0,0,0.00,0
109/03/31,8.05,8.05,8.05,8.05,10000,80500,0.00,1
109/04/01,--,--,--,--,0,0,0.00,0
109/04/06,8.50,8.50,8.50,8.50,3000,25500,0.00,1
109/04/07,8.85,8.85,8.85,8.85,1000,8850,0.35,1
109/04/08,--,--,--,--,0,0,0.00,0
109/04/09,--,--,--,--,0,0,0.00,0
109/04/10,--,--,--,--,0,0,0.00,0
109/04/13,--,--,--,--,0,0,0.00,0
109/04/14,--,--,--,--,0,0,0.00,0
109/04/15,9.40,9.40,9.40,9.40,1000,9400,0.00,1
109/04/16,--,--,--,--,0,0,0.00,0
109/04/17,9.40,9.40,9.40,9.40,1000,9400,0.00,1
109/04/20,--,--,--,--,0,0,0.00,0
109/04/21,--,--,--,--,0,0,0.00,0
109/04/22,--,--,--,--,0,0,0.00,0
109/04/23,--,--,--,--,0,0,0.00,0
109/04/24,--,--,--,--,0,0,0.00,0
109/04/27,9.55,9.55,9.55,9.55,7000,66850,0.00,1
109/04/28,--,--,--,--,0,0,0.00,0
109/04/29,--,--,--,--,0,0,0.00,0
109/04/30,--,--,--,--,0,0,0.00,0
109/05/04,--,--,--,--,0,0,0.00,0
109/05/05,--,--,--,--,0,0,0.00,0
109/05/06,--,--,--,--,0,0,0.00,0
109/05/07,--,--,--,--,0,0,0.00,0
109/05/08,--,--,--,--,0,0,0.00,0
109/05/11,--,--,--,--,0,0,0.00,0
109/05/12,--,--,--,--,0,0,0.00,0
109/05/13,--,--,--,--,0,0,0.00,0
109/05/14,--,--,--,--,0,0,0.00,0
109/05/15,9.55,9.55,9.45,9.45,4000,38050,0.00,3
109/05/18,8.80,8.80,8.80,8.80,1000,8800,-0.65,1
109/05/19,--,--,--,--,0,0,0.00,0
109/05/20,8.40,8.40,8.40,8.40,1000,8400,0.00,1
109/05/21,--,--,--,--,0,0,0.00,0
109/05/22,--,--,--,--,0,0,0.00,0
109/05/25,--,--,--,--,0,0,0.00,0
109/05/26,--,--,--,--,0,0,0.00,0
109/05/27,8.75,8.75,8.75,8.75,1000,8750,0.00,1
109/05/28,--,--,--,--,0,0,0.00,0
109/05/29,--,--,--,--,0,0,0.00,0
109/06/01,--,--,--,--,0,0,0.00,0
109/06/02,9.45,9.45,9.45,9.45,1000,9450,0.00,1
109/06/03,--,--,--,--,0,0,0.00,0
109/06/04,--,--,--,--,0,0,0.00,0
109/06/05,--,--,--,--,0,0,0.00,0
