105/05/31,60.00,60.00,59.20,59.50,5260052,314133186,X,3119
105/06/01,59.50,59.70,59.00,59.00,1805628,107006788,-0.50,1169
105/06/02,59.00,59.00,58.10,58.20,2171812,126835441,-0.80,1537
105/06/03,58.00,58.00,57.50,57.50,1988889,114645283,-0.70,1246
105/06/04,57.20,58.20,57.20,58.00,716050,41328995,0.50,514
105/06/06,58.00,58.50,58.00,58.50,375674,21932922,0.50,253
105/06/07,58.60,59.20,58.50,59.00,686030,40401770,0.50,399
105/06/08,59.00,59.30,59.00,59.10,406768,24066851,0.10,268
105/06/13,59.00,59.30,58.70,59.10,3256638,196107265,,289
105/06/14,59.10,59.30,59.10,59.30,3718157,224745971,0.20,231
105/06/15,59.30,59.40,59.20,59.30,162805,9651833,,127
105/06/16,59.30,59.30,59.20,59.20,228975,13563217,-0.10,155
105/06/17,59.30,59.40,59.20,59.30,135485,8034953,0.10,101
105/06/20,59.30,59.40,59.30,59.30,224041,13286331,,135
105/06/21,59.30,59.60,59.30,59.50,461616,27451725,0.20,247
105/06/22,59.50,59.50,59.40,59.50,254932,15164251,,133
105/06/23,59.50,59.60,59.40,59.50,175409,10436833,,115
105/06/24,59.50,59.50,59.10,59.20,391214,23223661,-0.30,256
105/06/27,59.10,59.40,59.10,59.40,228411,13530569,0.20,116
105/06/28,59.40,59.40,59.30,59.30,273160,16218881,-0.10,120
105/06/29,59.40,59.50,59.30,59.30,464846,27580379,,150
105/06/30,59.30,59.40,59.30,59.40,128323,7617880,0.10,87
105/07/01,59.40,59.40,59.30,59.30,194038,11517744,-0.10,127
105/07/04,59.30,59.50,59.30,59.40,353969,21026458,0.10,185
105/07/05,59.40,59.40,59.30,59.30,171212,10161265,-0.10,109
105/07/06,59.30,59.30,59.20,59.20,277295,16427956,-0.10,192
105/07/07,59.20,59.40,59.20,59.20,311744,18494039,,178
105/07/11,59.30,59.30,59.20,59.20,189499,11227536,,124
105/07/12,59.30,59.40,59.20,59.30,258191,15328225,0.10,137
105/07/13,59.30,59.40,59.30,59.30,115150,6829974,,84
105/07/14,59.30,59.30,59.20,59.20,115260,6828807,-0.10,98
105/07/15,59.20,59.30,59.20,59.30,92305,5469480,0.10,83
105/07/18,59.30,59.50,59.20,59.50,398064,23630003,0.20,245
105/07/19,59.40,59.50,59.30,59.30,114204,6783493,-0.20,76
105/07/20,59.30,59.40,59.30,59.40,127508,7569617,0.10,99
105/07/21,59.40,59.50,59.40,59.50,159619,9483002,0.10,96
105/07/22,59.40,59.50,59.40,59.50,290376,17271570,,160
105/07/25,59.50,59.90,59.40,59.70,560611,33449790,0.20,319
105/07/26,59.60,59.80,59.60,59.80,225078,13445655,0.10,141
105/07/27,59.80,60.10,59.80,60.00,950293,57024180,0.20,419
105/07/28,60.00,60.10,60.00,60.00,317760,19077119,,179
105/07/29,60.00,60.20,60.00,60.20,970962,58411820,0.20,292
105/08/01,60.20,60.20,60.00,60.00,315185,18945700,-0.20,122
105/08/02,60.10,60.20,60.00,60.10,302197,18181220,0.10,172
105/08/03,60.10,60.20,60.10,60.10,188713,11347980,,102
105/08/04,60.10,60.40,60.10,60.30,1188728,71716350,0.20,394
105/08/05,60.30,60.50,60.30,60.50,1140316,68897086,0.20,557
105/08/08,60.50,60.50,60.40,60.50,476764,28820191,,307
105/08/09,60.40,60.50,60.40,60.50,272381,16458331,,192
105/08/10,60.40,60.50,60.40,60.50,187766,11347081,,154
105/08/11,60.50,60.50,60.30,60.40,474019,28628440,-0.10,194
105/08/12,60.40,60.40,60.30,60.30,191588,11565888,-0.10,122
105/08/15,60.30,60.30,60.30,60.30,138366,8343128,,100
105/08/16,60.30,60.50,60.30,60.40,302605,18275215,0.10,208
105/08/17,60.40,60.50,60.40,60.50,990809,59934276,0.10,367
105/08/18,60.50,60.50,60.40,60.50,278900,16870076,,150
105/08/19,60.50,60.60,60.40,60.50,560545,33953960,,234
105/08/22,60.50,60.60,60.50,60.60,482096,29204794,0.10,192
105/08/23,60.60,60.70,60.50,60.60,389145,23581454,,133
105/08/24,60.60,60.80,60.60,60.70,542701,32935508,0.10,179
105/08/25,60.70,60.80,60.70,60.70,192078,11673915,,118
105/08/26,60.80,60.80,60.70,60.80,116151,7057739,0.10,102
105/08/29,60.80,60.90,60.80,60.80,160281,9753140,,140
105/08/30,60.80,61.10,60.80,61.00,770207,46965795,0.20,257
105/08/31,61.00,61.10,61.00,61.00,292389,17835677,,130
105/09/01,61.00,61.10,61.00,61.00,234753,14331753,,146
105/09/02,61.00,61.00,61.00,61.00,111016,6771976,,85
105/09/05,61.00,61.10,61.00,61.00,3410151,208679511,,95
105/09/06,61.00,61.10,61.00,61.00,292224,17847764,,193
105/09/07,61.10,61.10,61.00,61.00,17170115,1050782915,,157
105/09/08,61.00,61.00,60.90,60.90,239016,14575667,-0.10,162
105/09/09,60.90,61.10,60.80,61.00,391741,23885920,0.10,174
105/09/10,60.90,61.00,60.90,60.90,68330,4164559,-0.10,58
105/09/12,60.90,61.00,60.90,60.90,112438,6849227,,75
105/09/13,60.90,61.00,60.90,60.90,189039,11520464,,132
105/09/14,60.90,61.00,60.90,60.90,56923,3467305,,53
105/09/19,60.90,61.00,60.90,61.00,78302,4774688,0.10,68
105/09/20,61.00,61.00,60.90,61.00,203577,12414136,,127
105/09/21,61.00,61.10,61.00,61.00,115777,7062497,,81
105/09/22,61.00,61.10,61.00,61.00,165720,10109420,,108
105/09/23,61.00,61.20,61.00,61.10,211346,12909606,0.10,155
105/09/26,61.10,61.20,61.00,61.00,118099,7216139,-0.10,80
105/09/29,61.10,61.10,61.00,61.10,104370,6374870,0.10,87
105/09/30,61.10,61.10,61.00,61.00,376875,22992075,-0.10,115
105/10/03,61.00,61.20,61.00,61.10,292351,17860511,0.10,103
105/10/04,61.10,61.30,61.10,61.10,365750,22379091,,158
105/10/05,61.10,61.30,61.10,61.20,299056,18300414,0.10,108
105/10/06,61.20,61.30,61.20,61.20,137535,8420382,,79
105/10/07,61.20,61.30,61.20,61.20,64886,3973828,,58
105/10/11,61.30,61.30,61.20,61.20,10718343,658083755,,60
105/10/12,61.20,61.40,61.20,61.30,251426,15411710,0.10,107
105/10/13,61.30,61.40,61.30,61.30,164839,10105027,,78
105/10/14,61.30,61.40,61.20,61.40,153548,9413131,0.10,93
105/10/17,61.30,61.40,61.30,61.30,297247,18224711,-0.10,77
105/10/18,61.30,61.50,61.30,61.50,293508,18025484,0.20,105
105/10/19,61.50,61.80,61.40,61.70,377191,23255143,0.20,172
105/10/20,61.70,61.80,61.70,61.80,240886,14877555,0.10,119
105/10/21,61.90,61.90,61.80,61.80,166881,10315951,,96
105/10/24,61.80,62.00,61.80,62.00,244983,15171342,0.20,127
105/10/25,62.00,62.20,61.90,61.90,333352,20676084,-0.10,122
105/10/26,61.90,62.00,61.90,62.00,217622,13490149,0.10,93
105/10/27,62.00,62.10,61.90,62.00,128435,7963024,,66
105/10/28,62.00,62.00,61.90,61.90,8113704,499044973,-0.10,54
105/10/31,61.90,61.90,61.80,61.90,50668,3135679,,48
105/11/01,61.90,61.90,61.80,61.80,64152,3968692,-0.10,45
105/11/02,61.80,61.80,61.60,61.60,198469,12254987,-0.20,104
105/11/03,61.60,61.70,61.50,61.60,140868,8673879,,104
105/11/04,61.50,61.60,61.40,61.50,173035,10644550,-0.10,91
105/11/07,61.50,61.70,61.50,61.60,92751,5712854,0.10,58
105/11/08,61.70,61.70,61.50,61.60,68922,4245591,,49
105/11/09,61.70,61.70,61.40,61.40,236850,14569587,-0.20,126
105/11/10,61.50,61.70,61.50,61.70,153760,9469614,0.30,72
105/11/11,61.70,61.70,61.50,61.50,135500,8342496,-0.20,71
105/11/14,61.60,61.70,61.50,61.60,115540,7126258,0.10,76
105/11/15,61.60,61.70,61.50,61.60,286946,17669777,,83
105/11/16,61.60,61.60,61.40,61.40,308023,18943312,-0.20,88
105/11/17,61.40,61.50,61.40,61.50,125881,7732580,0.10,65
105/11/18,61.50,61.50,61.40,61.50,80354,4937999,,45
105/11/21,61.50,61.50,61.40,61.40,4130625,254821870,-0.10,73
105/11/22,61.40,61.50,61.30,61.40,209949,12890562,,106
105/11/23,61.30,61.50,61.30,61.30,89755,5510630,-0.10,74
105/11/24,61.40,61.40,61.30,61.30,102626,6296165,,66
105/11/25,61.30,61.40,61.30,61.30,73780,4525608,,60
105/11/28,61.30,61.40,61.30,61.40,501026,30761488,0.10,114
105/11/29,61.40,61.50,61.40,61.50,172231,10576378,0.10,78
105/11/30,61.40,61.50,61.40,61.40,247000,15166696,-0.10,112
105/12/01,61.40,61.50,61.40,61.40,283414,17403612,,90
105/12/02,61.40,61.50,61.40,61.40,173063,10626363,,72
105/12/05,61.40,61.50,61.40,61.50,193735,11897253,0.10,80
105/12/06,61.40,61.40,61.40,61.40,206116,12655206,-0.10,68
105/12/07,61.40,61.50,61.40,61.50,85269,5238714,0.10,58
105/12/08,61.50,61.60,61.40,61.60,454774,27967718,0.10,103
105/12/09,61.60,61.60,61.50,61.60,304068,18707569,,110
105/12/12,61.50,61.60,61.50,61.60,471506,29002460,,152
105/12/13,61.60,61.60,61.50,61.60,274112,16877671,,87
105/12/14,61.60,61.60,61.50,61.60,202146,12450776,,77
105/12/15,61.60,61.60,61.50,61.60,264665,16302594,,95
105/12/16,61.60,61.70,61.60,61.60,366653,22586918,,75
105/12/19,61.60,61.60,61.60,61.60,186549,11491411,,72
105/12/20,61.60,61.70,61.60,61.60,238325,14684383,,117
105/12/21,61.60,61.70,61.60,61.60,266281,16417579,,114
105/12/22,61.70,61.70,61.60,61.60,483287,29771248,,161
105/12/23,61.60,61.70,61.50,61.50,358767,22094868,-0.10,107
105/12/26,61.60,61.90,61.60,61.90,618499,38154334,0.40,146
105/12/27,61.80,61.80,61.70,61.80,189928,11719956,-0.10,50
105/12/28,61.80,61.80,61.70,61.70,171130,10569315,-0.10,87
105/12/29,61.70,61.90,61.70,61.90,212772,13148552,0.20,73
105/12/30,61.90,61.90,61.80,61.90,230095,14242568,,87
106/01/03,61.90,61.90,61.80,61.80,132231,8173047,-0.10,56
106/01/04,61.90,62.00,61.80,62.00,152189,9419975,0.20,82
106/01/05,61.90,61.90,61.90,61.90,115246,7133350,-0.10,51
106/01/06,62.00,62.00,61.90,62.00,165848,10267901,0.10,76
106/01/09,62.00,62.00,61.90,62.00,112521,6971343,,58
106/01/10,62.00,62.10,61.90,62.10,386745,23976308,0.10,154
106/01/11,62.00,62.10,61.90,62.10,188359,11678116,,87
106/01/12,62.10,62.10,62.00,62.10,69605,4318110,,60
106/01/13,62.10,62.10,62.00,62.10,125576,7788451,,73
106/01/16,62.00,62.10,62.00,62.10,102157,6336634,,39
106/01/17,62.00,62.20,62.00,62.20,251958,15646096,0.10,123
106/01/18,62.20,62.30,62.10,62.30,378947,23567703,0.10,142
106/01/19,62.20,62.30,62.20,62.30,456365,28427736,,126
106/01/20,62.30,62.40,62.30,62.40,281833,17559803,0.10,103
106/01/23,62.30,62.50,62.30,62.40,349314,21796257,,97
106/01/24,62.40,62.50,62.40,62.50,110044,6867435,0.10,63
106/02/02,62.50,62.60,62.40,62.60,440513,27534659,0.10,110
106/02/03,62.60,62.60,62.50,62.60,281689,17615858,,83
106/02/06,62.60,62.60,62.50,62.60,97138,6078023,,47
106/02/07,62.60,62.60,62.50,62.60,150365,9405310,,86
106/02/08,62.60,62.70,62.50,62.60,371521,23257759,,112
106/02/09,62.60,62.80,62.60,62.70,270044,16943455,0.10,107
106/02/10,62.80,62.90,62.70,62.90,460815,28955093,0.20,164
106/02/13,62.90,62.90,62.80,62.90,173161,10885814,,83
106/02/14,62.90,63.00,62.80,63.00,376079,23670562,0.10,135
106/02/15,63.00,63.00,62.90,63.00,527569,33217975,,230
106/02/16,63.00,63.10,62.90,63.10,360654,22707323,0.10,132
106/02/17,63.10,63.10,63.00,63.10,114232,7200516,,72
106/02/18,63.10,63.10,63.00,63.10,108031,6813853,,54
106/02/20,63.10,63.10,62.90,63.10,314671,19831373,,88
106/02/21,63.10,63.10,62.90,63.10,203065,12798995,,76
106/02/22,63.00,63.20,63.00,63.20,210513,13283819,0.10,56
106/02/23,63.10,63.20,63.10,63.20,174127,11001701,,78
106/02/24,63.30,63.40,63.20,63.40,193956,12283120,0.20,76
106/03/01,63.40,63.60,63.40,63.60,520097,33034044,0.20,261
106/03/02,63.60,63.80,63.60,63.70,503325,32037633,0.10,225
106/03/03,63.70,64.00,63.70,64.00,495499,31649731,0.30,248
106/03/06,64.00,64.00,63.80,63.90,251865,16089890,-0.10,127
106/03/07,63.80,63.90,63.80,63.80,112722,7191860,-0.10,76
106/03/08,63.80,63.90,63.70,63.80,322725,20578677,,177
106/03/09,63.70,63.80,63.60,63.70,167914,10696228,-0.10,66
106/03/10,63.60,63.70,63.40,63.70,359243,22803429,,128
106/03/13,63.60,63.60,63.50,63.60,197894,12581175,-0.10,160
106/03/14,63.50,63.60,63.50,63.60,171357,10895964,,139
106/03/15,63.60,63.60,63.50,63.60,180481,11474584,,149
106/03/16,63.50,63.60,63.40,63.50,201903,12816846,-0.10,132
106/03/17,63.40,63.60,63.40,63.60,332200,21094673,0.10,277
106/03/20,63.50,63.60,63.40,63.40,5275660,335249873,-0.20,88
106/03/21,63.40,63.50,63.40,63.50,129346,8212633,0.10,125
106/03/22,63.50,63.50,63.40,63.50,175041,11112798,,123
106/03/23,63.50,63.60,63.50,63.50,205830,13070417,,74
106/03/24,63.50,63.60,63.40,63.50,244269,15519650,,148
106/03/27,63.50,63.60,63.40,63.60,228822,14530396,0.10,135
106/03/28,63.60,63.60,63.40,63.60,442178,28073783,,124
106/03/29,63.60,63.60,63.40,63.40,141863,8996424,-0.20,57
106/03/30,63.40,63.40,63.40,63.40,58483,3707468,,38
106/03/31,63.40,63.50,63.30,63.50,220217,13964032,0.10,86
106/04/05,63.30,63.50,63.30,63.40,102286,6484699,-0.10,46
106/04/06,63.40,63.50,63.40,63.50,61452,3896364,0.10,61
106/04/07,63.50,63.50,63.40,63.50,217892,13816560,,147
106/04/10,63.50,63.50,63.30,63.40,221108,14017404,-0.10,67
106/04/11,63.40,63.40,63.30,63.40,222593,14107215,,85
106/04/12,63.40,63.40,63.30,63.40,199620,12637044,,67
106/04/13,63.30,63.30,63.20,63.20,96243,6088654,-0.20,37
106/04/14,63.20,63.20,62.90,63.10,246690,15553401,-0.10,134
106/04/17,63.10,63.10,63.00,63.00,127165,8017776,-0.10,42
106/04/18,63.00,63.10,62.90,63.00,122127,7690086,,59
106/04/19,62.90,62.90,62.90,62.90,87434,5499309,-0.10,49
106/04/20,62.90,63.00,62.90,63.00,76420,4807415,0.10,46
106/04/21,62.90,63.10,62.90,63.10,195000,12287400,0.10,73
106/04/24,62.90,63.00,62.90,63.00,69700,4389928,-0.10,22
106/04/25,63.00,63.00,62.90,63.00,55468,3492131,,38
106/04/26,62.90,63.00,62.90,63.00,124181,7812366,,49
106/04/27,62.90,63.10,62.80,63.10,169565,10674695,0.10,74
106/04/28,63.00,63.20,62.90,63.20,456214,28773638,0.10,124
106/05/02,62.90,63.00,62.90,63.00,155380,9781423,-0.20,75
106/05/03,62.90,63.00,62.90,63.00,98802,6218562,0.00,38
106/05/04,63.00,63.00,62.90,62.90,79039,4978345,-0.10,39
106/05/05,62.90,63.00,62.90,63.00,30617,1927884,0.10,24
106/05/08,63.00,63.00,62.90,62.90,98401,6189981,-0.10,33
106/05/09,62.90,63.00,62.80,62.80,115989,7294708,-0.10,58
106/05/10,62.90,62.90,62.80,62.90,109397,6878429,0.10,49
106/05/11,62.90,62.90,62.80,62.90,112495,7067681,0.00,64
106/05/12,62.80,62.80,62.70,62.80,93595,5876204,-0.10,55
106/05/15,62.80,62.80,62.70,62.80,57307,3596543,0.00,45
106/05/16,62.80,62.80,62.70,62.80,99936,6266891,0.00,63
106/05/17,62.80,62.80,62.60,62.80,89513,5613912,0.00,57
106/05/18,62.70,62.80,62.70,62.80,74119,4647748,0.00,38
106/05/19,62.70,62.70,62.70,62.70,106184,6657141,-0.10,52
106/05/22,62.70,62.70,62.60,62.70,101243,6345157,0.00,79
106/05/23,62.70,62.80,62.60,62.70,235999,14788035,0.00,88
106/05/24,62.70,62.80,62.60,62.80,140612,8816406,0.10,73
106/05/25,62.70,62.80,62.70,62.80,270622,16970595,0.00,61
106/05/26,62.70,62.80,62.70,62.80,245107,15381596,0.00,55
106/05/31,62.80,62.80,62.70,62.80,118256,7422900,0.00,41
106/06/01,62.80,62.80,62.70,62.80,116073,7285870,0.00,55
106/06/02,62.70,62.90,62.70,62.90,43902,2755948,0.10,40
106/06/03,62.80,63.00,62.80,63.00,70621,4442735,0.10,33
106/06/05,63.00,63.00,62.80,63.00,40675,2558451,0.00,26
106/06/06,62.90,63.00,62.80,63.00,145756,9167198,0.00,47
106/06/07,62.90,63.00,62.80,63.00,44868,2822293,0.00,34
106/06/08,62.90,63.00,62.90,63.00,20401,1283281,0.00,19
106/06/09,62.90,63.00,62.90,63.00,50081,3151789,0.00,40
106/06/12,63.00,63.00,62.90,63.00,69515,4373191,0.00,34
106/06/13,63.00,63.00,62.90,63.00,57280,3603109,0.00,33
106/06/14,63.00,63.00,62.90,62.90,60458,3803461,-0.10,49
106/06/15,62.90,63.00,62.90,63.00,25495332,1603656947,0.10,54
106/06/16,62.90,63.00,62.80,63.00,6444979,405391577,0.00,53
106/06/19,62.90,63.00,62.90,63.00,175070,11012991,0.00,118
106/06/20,62.90,63.10,62.90,63.00,218041,13730770,0.00,137
106/06/21,63.00,63.10,63.00,63.00,147486,9291417,0.00,45
106/06/22,63.00,63.10,62.90,63.10,198697,12516837,0.10,69
106/06/23,63.00,63.10,62.90,63.10,270249,17026058,0.00,57
106/06/26,63.00,63.10,63.00,63.10,184237,11623104,0.00,101
106/06/27,63.10,63.10,63.00,63.10,196896,12419348,0.00,82
106/06/28,63.10,63.20,63.00,63.10,342979,21625673,0.00,116
106/06/29,63.10,63.20,63.10,63.10,180155,11370844,0.00,87
106/06/30,63.10,63.80,63.10,63.80,469399,29685165,0.70,178
106/07/03,61.70,61.80,61.60,61.80,678785,41889505,0.00,205
106/07/04,61.80,61.90,61.70,61.80,374426,23137982,0.00,98
106/07/05,61.80,61.90,61.80,61.90,38920,2406344,0.10,40
106/07/06,61.90,61.90,61.90,61.90,252020,15600032,0.00,71
106/07/07,61.90,62.00,61.80,62.00,59417,3679508,0.10,47
106/07/10,62.00,62.00,61.80,61.90,97274,6020630,-0.10,42
106/07/11,61.90,62.00,61.90,61.90,177228,10980586,0.00,91
106/07/12,61.90,62.00,61.90,62.00,101267,6277098,0.10,63
106/07/13,62.00,62.10,61.90,62.00,102472,6353810,0.00,44
106/07/14,62.00,62.10,61.90,62.10,72294,4484528,0.10,43
106/07/17,62.00,62.10,62.00,62.10,57441,3565642,0.00,33
106/07/18,62.10,62.20,62.10,62.20,234548,14573314,0.10,81
106/07/19,62.20,62.30,62.10,62.20,133916,8330670,0.00,60
106/07/20,62.20,62.20,62.10,62.20,30311,1885012,0.00,21
106/07/21,62.20,62.20,62.10,62.20,56296,3500676,0.00,33
106/07/24,62.10,62.10,62.10,62.10,28480,1768560,-0.10,22
106/07/25,62.20,62.20,62.00,62.10,128698,7992276,0.00,46
106/07/26,62.10,62.10,62.00,62.00,61879,3840998,-0.10,29
106/07/27,62.10,62.10,62.00,62.00,41700,2585700,0.00,41
106/07/28,62.00,62.10,62.00,62.10,134362,8332144,0.10,67
106/07/31,61.90,62.10,61.90,62.00,54092,3355593,-0.10,40
106/08/01,61.90,62.00,61.90,61.90,81917,5074253,-0.10,83
106/08/02,61.90,62.00,61.90,61.90,144066,8923574,0.00,111
106/08/03,61.90,62.10,61.90,62.00,30647825,1906271361,0.10,89
106/08/04,62.00,62.00,61.90,62.00,60870,3773342,0.00,67
106/08/07,62.10,62.10,61.90,61.90,75977,4704374,-0.10,65
106/08/08,62.00,62.00,61.90,61.90,74384,4607129,0.00,57
106/08/09,61.90,61.90,61.80,61.90,170238,10534902,0.00,84
106/08/10,61.90,61.90,61.80,61.90,179455,11101313,0.00,86
106/08/11,61.90,61.90,61.80,61.90,122663,7587965,0.00,73
106/08/14,61.90,61.90,61.80,61.80,145644,9007387,-0.10,82
106/08/15,61.80,61.90,61.80,61.80,60693,3752126,0.00,38
106/08/16,61.80,61.90,61.80,61.90,47636,2946201,0.10,29
106/08/17,61.80,61.90,61.80,61.90,102982,6365683,0.00,56
106/08/18,61.80,61.90,61.80,61.90,213500,13214297,0.00,36
106/08/21,61.90,62.10,61.90,62.10,174000,10785798,0.20,68
106/08/22,62.00,62.00,61.90,62.00,39967,2476170,-0.10,26
106/08/23,62.00,62.00,62.00,62.00,105544,6543728,0.00,34
106/08/24,62.00,62.10,62.00,62.10,78962,4899143,0.10,55
106/08/25,62.10,62.20,62.00,62.20,54849,3405438,0.10,33
106/08/28,62.10,62.10,62.00,62.10,65812,4085944,-0.10,33
106/08/29,62.10,62.20,62.10,62.20,30508,1894596,0.10,23
106/08/30,62.10,62.20,62.10,62.20,45016,2795592,0.00,27
106/08/31,62.20,62.30,62.10,62.30,61819,3844378,0.10,51
106/09/01,62.20,62.30,62.20,62.30,57469,3577178,0.00,48
106/09/04,62.20,62.40,62.20,62.40,49305,3071237,0.10,38
106/09/05,62.30,62.40,62.20,62.40,22736,1416803,0.00,26
106/09/06,62.40,62.50,62.20,62.50,43771,2728406,0.10,43
106/09/07,62.40,62.50,62.30,62.50,128460,8013098,0.00,64
106/09/08,62.40,62.60,62.40,62.60,179797,11237129,0.10,66
106/09/11,62.40,62.60,62.40,62.60,21752,1359698,0.00,27
106/09/12,62.40,62.50,62.40,62.50,29209,1823915,-0.10,28
106/09/13,62.60,62.60,62.40,62.50,20610,1286998,0.00,18
106/09/14,62.40,62.60,62.40,62.60,67380,4211508,0.10,34
106/09/15,62.50,62.60,62.30,62.60,200539,12532687,0.00,63
106/09/18,62.60,62.60,62.40,62.50,76105,4755437,-0.10,41
106/09/19,62.50,62.50,62.30,62.50,178081,11116752,0.00,79
106/09/20,62.60,62.60,62.50,62.50,66691,4168778,0.00,47
106/09/21,62.40,62.50,62.40,62.50,192657,12027995,0.00,38
106/09/22,62.50,62.50,62.40,62.50,183464,11466252,0.00,43
106/09/25,62.50,62.50,62.40,62.50,900200,54511700,0.00,38
106/09/26,62.40,62.70,62.40,62.60,116397,7285272,0.10,56
106/09/27,62.60,62.60,62.40,62.50,30763,1922809,-0.10,18
106/09/28,62.60,62.60,62.40,62.60,47252,2953349,0.10,32
106/09/29,62.50,62.60,62.50,62.60,769874,46367324,0.00,34
106/09/30,62.60,62.80,62.50,62.80,80425,5040544,0.20,44
106/10/02,62.60,62.70,62.60,62.70,647033,38948164,-0.10,32
106/10/03,62.70,62.80,62.70,62.80,73662,4623274,0.10,32
106/10/05,62.70,62.80,62.70,62.80,25827,1619646,0.00,26
106/10/06,62.70,62.80,62.60,62.80,2093065,125838866,0.00,40
106/10/11,62.70,62.90,62.70,62.90,1186084,71689765,0.10,48
106/10/12,62.80,62.90,62.80,62.90,93914,5903094,0.00,39
106/10/13,62.90,63.00,62.80,62.90,414088,26039956,0.00,63
106/10/16,62.90,63.00,62.90,63.00,255187,16062154,0.10,102
106/10/17,63.00,63.10,63.00,63.10,139452,8787226,0.10,55
106/10/18,63.10,63.10,63.00,63.10,67012,4222956,0.00,37
106/10/19,63.10,63.10,63.00,63.10,19126,1205538,0.00,20
106/10/20,63.10,63.10,63.00,63.10,217071,13680873,0.00,60
106/10/23,63.10,63.20,63.00,63.20,107959,6814817,0.10,58
106/10/24,63.10,63.20,63.00,63.10,163119,10292047,-0.10,31
106/10/25,63.00,63.20,63.00,63.20,173532,10950361,0.10,32
106/10/26,63.10,63.20,63.10,63.20,49929,3150838,0.00,19
106/10/27,63.10,63.20,63.10,63.20,154998,9785972,0.00,44
106/10/30,63.00,63.20,63.00,63.20,18689,1179307,0.00,23
106/10/31,63.20,63.30,63.10,63.30,54657,3453748,0.10,48
106/11/01,63.20,63.20,63.20,63.20,23463,1482711,-0.10,19
106/11/02,63.30,63.40,63.20,63.30,81647,5168085,0.10,41
106/11/03,63.30,63.40,63.30,63.40,40530,2567893,0.10,23
106/11/06,63.40,63.40,63.20,63.30,29972,1897429,-0.10,26
106/11/07,63.20,63.30,63.20,63.30,53193,3361759,0.00,19
106/11/08,63.20,63.30,63.10,63.30,120708,7627273,0.00,41
106/11/09,63.10,63.40,63.10,63.40,135758,8587926,0.10,111
106/11/10,63.30,63.40,63.30,63.40,93891,5945307,0.00,35
106/11/13,63.30,63.30,63.20,63.30,39460,2495068,-0.10,28
106/11/14,63.30,63.30,63.20,63.30,77421,4893323,0.00,24
106/11/15,63.20,63.20,63.20,63.20,2037533,129972029,-0.10,23
106/11/16,63.20,63.30,63.20,63.30,60788,3842199,0.10,30
106/11/17,63.20,63.30,63.20,63.30,71919,4547187,0.00,27
106/11/20,63.20,63.50,63.20,63.40,224141,14198394,0.10,139
106/11/21,63.40,63.40,63.30,63.40,24211,1532909,0.00,23
106/11/22,63.40,63.40,63.20,63.40,33542,2123596,0.00,34
106/11/23,63.20,63.40,63.20,63.40,7461,472528,0.00,21
106/11/24,63.40,63.50,63.40,63.50,61998,3933572,0.10,50
106/11/27,63.40,63.50,63.30,63.50,17000,1077700,0.00,15
106/11/28,63.50,63.50,63.30,63.50,28249,1790236,0.00,21
106/11/29,63.50,63.50,63.20,63.40,19534,1236948,-0.10,19
106/11/30,63.30,63.40,63.20,63.40,49516,3132308,0.00,30
106/12/01,63.30,63.40,63.20,63.30,1586316,101312608,-0.10,38
106/12/04,63.20,63.40,63.20,63.40,21939,1388735,0.10,25
106/12/05,63.40,63.50,63.40,63.50,73628,4669087,0.10,32
106/12/06,63.20,63.50,63.20,63.50,29057,1842200,0.00,25
106/12/07,63.30,63.30,63.20,63.30,97534,6172147,-0.20,42
106/12/08,63.30,63.40,63.20,63.40,129681,8211668,0.10,36
106/12/11,63.40,63.40,63.20,63.30,31951,2021806,-0.10,14
106/12/12,63.30,63.30,63.10,63.30,87963,5564062,0.00,39
106/12/13,63.20,63.30,63.20,63.30,48030,3038289,0.00,25
106/12/14,63.20,63.40,63.20,63.40,340729,21566468,0.10,53
106/12/15,63.20,63.40,63.10,63.40,217219,13746918,0.00,49
106/12/18,63.30,63.30,63.20,63.30,130784,8278345,-0.10,24
106/12/19,63.20,63.50,63.20,63.40,254166,16112619,0.10,214
106/12/20,63.40,63.50,63.20,63.50,213642,13552472,0.10,60
106/12/21,63.40,63.40,63.20,63.30,15543,984262,-0.20,17
106/12/22,63.40,63.40,63.30,63.40,15371,973106,0.10,18
106/12/25,63.30,63.50,63.30,63.50,128752,8162024,0.10,45
106/12/26,63.40,63.60,63.40,63.60,84099,5339973,0.10,73
106/12/27,63.50,63.60,63.40,63.60,139691,8879038,0.00,53
106/12/28,63.50,63.50,63.50,63.50,44353,2816142,-0.10,18
106/12/29,63.50,63.70,63.50,63.70,156339,9939555,0.20,60
107/01/02,63.50,63.70,63.50,63.70,60465,3847431,0.00,41
107/01/03,63.60,63.70,63.50,63.70,113793,7231095,0.00,38
107/01/04,63.60,63.80,63.50,63.80,70737,4503970,0.10,43
107/01/05,63.70,63.80,63.60,63.80,18499,1177886,0.00,20
107/01/08,63.80,63.80,63.50,63.80,63510,4042883,0.00,34
107/01/09,63.80,63.90,63.80,63.80,287989,18382300,0.00,66
107/01/10,63.90,63.90,63.80,63.90,138815,8863451,0.10,53
107/01/11,63.90,63.90,63.80,63.90,158780,10135706,0.00,35
107/01/12,63.90,64.00,63.80,63.90,252305,16120755,0.00,58
107/01/15,63.90,63.90,63.80,63.90,59874,3823239,0.00,50
107/01/16,63.90,64.00,63.90,64.00,200815,12850089,0.10,95
107/01/17,64.00,64.10,63.90,64.00,176908,11324618,0.00,60
107/01/18,64.00,64.10,64.00,64.10,86491,5538724,0.10,47
107/01/19,64.10,64.10,64.00,64.10,97656,6258215,0.00,47
107/01/22,64.10,64.20,64.00,64.20,84263,5402305,0.10,38
107/01/23,64.20,64.30,64.20,64.30,121908,7830712,0.10,44
107/01/24,64.30,64.30,64.20,64.20,83646,5370444,-0.10,40
107/01/25,64.00,64.20,64.00,64.20,38995,2502580,0.00,36
107/01/26,64.10,64.20,64.10,64.20,52611,3374579,0.00,31
107/01/29,62.30,64.20,62.30,64.20,60063,3852032,0.00,28
107/01/30,64.00,64.20,64.00,64.20,93012,5962968,0.00,28
107/01/31,64.10,64.20,64.10,64.20,66248,4249272,0.00,33
107/02/01,64.20,64.20,64.00,64.20,148444,9524416,0.00,23
107/02/02,64.20,64.30,64.00,64.20,97444,6253370,0.00,38
107/02/05,64.00,64.20,63.80,64.20,102154,6543556,0.00,47
107/02/06,63.90,64.20,63.90,64.20,291706,18682441,0.00,134
107/02/07,64.10,64.40,64.10,64.30,107878,6932001,0.10,46
107/02/08,64.10,64.50,64.10,64.50,263497,16967054,0.20,97
107/02/09,64.40,64.50,64.30,64.50,291576,18785934,0.00,72
107/02/12,64.30,64.40,64.20,64.30,169577,10912728,-0.20,61
107/02/21,64.30,64.50,64.20,64.50,125298,8070027,0.20,52
107/02/22,64.30,64.60,64.30,64.60,199340,12855726,0.10,36
107/02/23,64.50,64.50,64.50,64.50,66499,4288732,-0.10,18
107/02/26,64.50,64.70,64.50,64.70,96869,6252559,0.20,54
107/02/27,64.50,64.70,64.50,64.70,165303,10668404,0.00,83
107/03/01,64.40,64.70,64.40,64.60,145118,9372180,-0.10,69
107/03/02,64.40,64.80,64.40,64.70,152690,9872830,0.10,66
107/03/05,64.60,64.80,64.60,64.60,176045,11390197,-0.10,88
107/03/06,64.70,64.90,64.70,64.90,214563,13894921,0.30,103
107/03/07,64.80,64.90,64.70,64.90,253750,16456873,0.00,62
107/03/08,64.80,65.20,64.80,65.10,408801,26578621,0.20,142
107/03/09,65.00,65.20,65.00,65.20,134363,8746721,0.10,69
107/03/12,65.20,65.40,65.20,65.40,171156,11175640,0.20,78
107/03/13,65.30,65.40,65.20,65.30,318998,20832570,-0.10,96
107/03/14,65.30,65.40,65.30,65.40,195919,12804435,0.10,86
107/03/15,65.40,65.50,65.30,65.50,90996,5953433,0.10,60
107/03/16,65.40,65.50,65.40,65.50,139749,9145332,0.00,34
107/03/19,65.40,65.60,65.40,65.60,228400,14946177,0.10,69
107/03/20,65.50,65.50,65.50,65.50,186234,12197954,-0.10,31
107/03/21,65.50,65.60,65.40,65.50,481059,31512444,0.00,48
107/03/22,65.50,65.50,65.40,65.40,237292,15522280,-0.10,50
107/03/23,64.70,65.50,64.70,65.50,217177,14110238,0.10,61
107/03/26,65.20,65.50,65.20,65.50,79323,5190122,0.00,34
107/03/27,65.50,65.50,65.40,65.50,166091,10869532,0.00,50
107/03/28,65.40,65.50,65.40,65.50,83033,5430752,0.00,36
107/03/29,65.40,65.60,65.40,65.60,115165,7544173,0.10,37
107/03/30,65.60,65.60,65.50,65.60,58504,3832960,0.00,26
107/03/31,65.50,65.50,65.50,65.50,45397,2973222,-0.10,20
107/04/02,65.50,65.60,65.50,65.50,29599,1939673,0.00,20
107/04/03,65.50,65.60,65.50,65.60,88499,5796933,0.10,25
107/04/09,65.50,65.60,65.50,65.60,36220,2372487,0.00,24
107/04/10,65.50,65.50,65.40,65.40,90184,5899360,-0.20,28
107/04/11,65.50,65.60,65.50,65.60,111872,7327753,0.20,19
107/04/12,65.50,65.60,65.40,65.60,116771,7647444,0.00,27
107/04/13,65.60,65.60,65.50,65.60,142913,9374717,0.00,42
107/04/16,65.60,65.60,65.50,65.50,346659,22709297,-0.10,18
107/04/17,65.50,65.50,65.40,65.50,229980,15049093,0.00,45
107/04/18,65.50,65.50,65.30,65.50,627052,41032689,0.00,52
107/04/19,65.40,65.50,65.40,65.50,15505,1015273,0.00,15
107/04/20,65.50,65.60,65.40,65.60,111477,7301305,0.10,27
107/04/23,65.50,65.60,65.50,65.60,240984,15787051,0.00,53
107/04/24,65.50,65.60,65.30,65.50,702161,45946511,-0.10,82
107/04/25,65.30,65.50,65.20,65.50,20004,1308459,0.00,21
107/04/26,65.50,65.60,65.50,65.50,37491,2455707,0.00,32
107/04/27,65.50,65.50,65.40,65.50,84764,5548087,0.00,36
107/04/30,65.50,65.50,65.50,65.50,19506,1277591,0.00,17
107/05/02,65.40,65.60,65.40,65.60,57332,3751179,0.10,15
107/05/03,65.40,65.50,65.40,65.50,81931,5365786,-0.10,16
107/05/04,65.60,65.60,65.50,65.60,14237,933273,0.10,14
107/05/07,65.50,65.70,65.50,65.70,196155,12867436,0.10,46
107/05/08,65.60,65.70,65.60,65.70,144226,9461379,0.00,20
107/05/09,65.60,65.70,65.60,65.70,13475,884063,0.00,13
107/05/10,65.70,65.70,65.60,65.70,73452,4825606,0.00,39
107/05/11,65.60,65.70,65.60,65.70,70300,4617376,0.00,25
107/05/14,65.60,65.70,65.50,65.70,51912,3405061,0.00,21
107/05/15,65.60,65.80,65.60,65.80,77952,5119858,0.10,34
107/05/16,65.70,65.70,65.50,65.70,55361,3635044,-0.10,37
107/05/17,65.70,65.80,65.70,65.70,32999,2169434,0.00,26
107/05/18,65.70,65.80,65.70,65.80,70440,4634374,0.10,22
107/05/21,65.70,65.80,65.70,65.80,65491,4308107,0.00,52
107/05/22,65.80,65.90,65.70,65.90,106068,6977047,0.10,30
107/05/23,65.80,65.90,65.80,65.90,53812,3540786,0.00,12
107/05/24,65.80,65.90,65.80,65.90,142088,9349672,0.00,96
107/05/25,65.80,65.90,65.80,65.90,57434,3779226,0.00,31
107/05/28,65.80,65.90,65.70,65.90,401035,26378796,0.00,59
107/05/29,65.80,65.90,65.70,65.90,151642,9977476,0.00,77
107/05/30,65.80,65.80,65.70,65.80,266499,17534284,-0.10,65
107/05/31,65.80,65.80,65.80,65.80,105253,6925594,0.00,15
107/06/01,65.70,65.80,65.70,65.80,28945,1901995,0.00,32
107/06/04,65.70,65.80,65.50,65.80,186793,12272140,0.00,29
107/06/05,65.60,65.80,65.60,65.80,218551,14351132,0.00,57
107/06/06,65.70,65.70,65.50,65.70,84943,5573965,-0.10,51
107/06/07,65.70,65.70,65.60,65.70,456049,29941393,0.00,27
107/06/08,65.60,65.70,65.50,65.70,234084,15356492,0.00,24
107/06/11,65.50,65.70,65.50,65.70,204500,13412699,0.00,42
107/06/12,65.60,65.60,65.50,65.60,496999,32602834,-0.10,52
107/06/13,65.60,65.70,65.60,65.70,239697,15732041,0.10,30
107/06/14,65.60,65.60,65.50,65.60,484867,31806614,-0.10,171
107/06/15,65.50,65.60,65.50,65.60,161316,10566632,0.00,43
107/06/19,65.60,65.60,65.50,65.60,321580,21091945,0.00,80
107/06/20,65.50,65.60,65.50,65.60,406088,26599754,0.00,86
107/06/21,65.60,65.60,65.30,65.60,274680,17989734,0.00,94
107/06/22,65.60,65.60,65.50,65.60,1055280,69204107,0.00,89
107/06/25,65.50,65.70,65.50,65.60,1249695,81997739,0.00,117
107/06/26,63.20,63.30,63.10,63.20,238404,15064831,0.00,80
107/06/27,63.20,63.50,63.20,63.50,105439,6674844,0.30,49
107/06/28,63.40,63.40,63.40,63.40,116527,7387864,-0.10,28
107/06/29,63.30,63.40,63.30,63.40,57593,3648334,0.00,23
107/07/02,63.30,63.30,63.20,63.30,24634,1558067,-0.10,24
107/07/03,63.30,63.30,62.90,63.20,264499,16663285,-0.10,199
107/07/04,63.20,63.20,63.00,63.10,100035,6307305,-0.10,63
107/07/05,63.10,63.10,63.00,63.10,170529,10750720,0.00,51
107/07/06,63.00,63.10,62.80,63.10,150672,9489463,0.00,53
107/07/09,62.90,63.10,62.80,63.10,150197,9455070,0.00,44
107/07/10,63.00,63.10,62.90,63.10,29479,1857981,0.00,14
107/07/11,63.00,63.00,62.90,63.00,70058,4412141,-0.10,22
107/07/12,62.90,63.10,62.90,63.10,130349,8211787,0.10,29
107/07/13,63.10,63.10,63.00,63.10,147781,9323780,0.00,32
107/07/16,63.10,63.20,62.90,63.20,30008,1893000,0.10,19
107/07/17,63.20,63.30,63.10,63.30,28439,1798357,0.10,15
107/07/18,63.00,63.30,63.00,63.30,114686,7257118,0.00,31
107/07/19,63.30,63.30,63.20,63.30,43160,2731063,0.00,20
107/07/20,63.30,63.40,63.20,63.40,79137,5009943,0.10,29
107/07/23,63.40,63.40,63.30,63.40,88078,5579729,0.00,41
107/07/24,63.40,63.50,63.30,63.50,45192,2866013,0.10,27
107/07/25,63.50,63.50,63.40,63.50,98229,6232141,0.00,33
107/07/26,63.40,63.50,63.30,63.50,44621,2830168,0.00,32
107/07/27,63.30,63.40,63.30,63.40,28020,1775760,-0.10,23
107/07/30,63.20,63.30,63.00,63.30,59509,3755616,-0.10,30
107/07/31,63.20,63.40,63.20,63.40,147262,9320857,0.10,32
107/08/01,63.40,63.40,63.30,63.40,115919,7348597,0.00,21
107/08/02,63.40,63.40,63.30,63.40,27386,1735530,0.00,22
107/08/03,63.30,63.40,63.20,63.40,84152,5325232,0.00,36
107/08/06,63.30,63.30,63.10,63.30,15791,998989,-0.10,17
107/08/07,63.30,63.40,63.10,63.40,126538,8010445,0.10,20
107/08/08,63.30,63.40,63.30,63.40,5499,348436,0.00,7
107/08/09,63.40,63.40,63.30,63.40,12101,766463,0.00,13
107/08/10,63.40,63.40,63.30,63.40,60503,3830788,0.00,19
107/08/13,63.40,63.40,63.10,63.40,57439,3635043,0.00,34
107/08/14,63.30,63.40,63.30,63.40,343054,21736610,0.00,28
107/08/15,63.40,63.40,63.30,63.40,225692,14306862,0.00,26
107/08/16,63.30,63.50,63.30,63.50,292255,18529741,0.10,23
107/08/17,63.40,63.50,63.20,63.50,104403,6614322,0.00,44
107/08/20,63.40,63.50,63.30,63.50,48736,3088468,0.00,23
107/08/21,63.40,63.50,63.40,63.50,16041,1017387,0.00,9
107/08/22,63.40,63.50,63.30,63.50,75132,4763442,0.00,21
107/08/23,63.40,63.40,63.30,63.40,25179,1595926,-0.10,13
107/08/24,63.30,63.40,63.30,63.40,48100,3045039,0.00,23
107/08/27,63.30,63.40,63.30,63.40,240440,15239550,0.00,29
107/08/28,63.30,63.40,63.30,63.40,49379,3126189,0.00,24
107/08/29,63.40,63.50,63.30,63.50,127262,8068109,0.10,24
107/08/30,63.40,63.40,63.30,63.40,36789,2331768,-0.10,16
107/08/31,63.30,63.50,63.30,63.50,39709,2518149,0.10,14
107/09/03,63.40,63.50,63.40,63.50,28102,1784346,0.00,9
107/09/04,63.40,63.50,63.40,63.50,41040,2605130,0.00,15
107/09/05,63.40,63.60,63.40,63.60,237255,15079592,0.10,26
107/09/06,63.60,63.60,63.40,63.60,43249,2745687,0.00,30
107/09/07,63.60,63.60,63.40,63.60,242390,15390412,0.00,49
107/09/10,63.60,63.60,63.40,63.60,129565,8224695,0.00,32
107/09/11,63.50,63.60,63.50,63.60,57546,3656860,0.00,22
107/09/12,63.60,63.60,63.50,63.60,100493,6384904,0.00,25
107/09/13,63.60,63.60,63.50,63.60,60720,3857975,0.00,13
107/09/14,63.50,63.60,63.50,63.60,83218,5284577,0.00,25
107/09/17,63.50,63.60,63.50,63.60,26031,1653465,0.00,14
107/09/18,63.50,63.60,63.50,63.60,192002,12199526,0.00,28
107/09/19,63.60,63.70,63.60,63.70,46238,2941410,0.10,19
107/09/20,63.60,63.70,63.60,63.70,65325,4159037,0.00,19
107/09/21,63.60,63.80,63.60,63.80,67500,4299896,0.10,32
107/09/25,63.80,63.90,63.70,63.90,105204,6711974,0.10,29
107/09/26,63.70,63.90,63.70,63.90,75438,4812856,0.00,23
107/09/27,63.80,63.90,63.80,63.90,75766,4834093,0.00,19
107/09/28,63.80,63.90,63.80,63.90,106620,6808654,0.00,20
107/10/01,63.90,63.90,63.80,63.80,32428,2068877,-0.10,15
107/10/02,63.80,64.00,63.80,64.00,207538,13257468,0.20,38
107/10/03,64.00,64.20,64.00,64.20,208459,13351681,0.20,34
107/10/04,64.10,64.20,64.00,64.20,42789,2742696,0.00,26
107/10/05,64.20,64.20,64.10,64.20,16000,1026800,0.00,12
107/10/08,64.10,64.30,64.10,64.30,43780,2809474,0.10,25
107/10/09,64.30,64.40,64.30,64.40,86476,5561810,0.10,32
107/10/11,64.30,64.40,64.10,64.40,261263,16782783,0.00,79
107/10/12,64.30,64.40,64.20,64.40,169639,10901096,0.00,53
107/10/15,64.40,64.40,64.20,64.20,5089,327112,-0.20,8
107/10/16,64.20,64.20,64.20,64.20,69052,4433128,0.00,22
107/10/17,64.20,64.30,64.20,64.30,126144,8099658,0.10,15
107/10/18,64.30,64.40,64.30,64.40,225583,14507253,0.10,29
107/10/19,64.30,64.40,64.30,64.40,129016,8295624,0.00,21
107/10/22,64.30,64.40,64.30,64.30,169379,10896956,-0.10,35
107/10/23,64.30,64.40,64.30,64.30,162273,10445772,0.00,25
107/10/24,64.30,64.30,64.30,64.30,59181,3805284,0.00,27
107/10/25,64.30,64.40,64.20,64.40,193162,12418182,0.10,50
107/10/26,64.30,64.40,64.10,64.40,164540,10566466,0.00,40
107/10/29,64.10,64.30,64.10,64.30,55360,3552511,-0.10,23
107/10/30,64.20,64.20,63.90,64.20,147349,9443636,-0.10,49
107/10/31,64.20,64.20,64.00,64.10,349475,22399900,-0.10,53
107/11/01,64.10,64.20,63.90,64.20,160528,10270938,0.10,55
107/11/02,64.10,64.20,63.90,64.20,6588578,422945532,0.00,63
107/11/05,64.00,64.10,64.00,64.10,97616,6247561,-0.10,29
107/11/06,64.00,64.10,63.90,64.10,88459,5657928,0.00,28
107/11/07,64.00,64.20,63.90,64.20,124608,7972490,0.10,45
107/11/08,64.00,64.10,64.00,64.10,103380,6616582,-0.10,14
107/11/09,64.00,64.10,64.00,64.10,103210,6605940,0.00,30
107/11/12,64.00,64.00,64.00,64.00,63062,4035942,-0.10,13
107/11/13,64.00,64.00,63.80,63.90,166622,10642282,-0.10,24
107/11/14,63.90,64.00,63.80,64.00,151000,9644900,0.10,23
107/11/15,63.80,63.90,63.70,63.80,505112,32239022,-0.20,32
107/11/16,63.80,63.90,63.80,63.90,220517,14078228,0.10,24
107/11/19,63.80,64.00,63.80,64.00,96873,6190621,0.10,19
107/11/20,63.90,64.00,63.80,64.00,186049,11888321,0.00,18
107/11/21,63.90,64.10,63.80,64.10,371500,23741948,0.10,37
107/11/22,64.10,64.30,63.90,64.30,58230,3731020,0.20,24
107/11/23,64.20,64.30,64.10,64.30,35314,2266296,0.00,17
107/11/26,64.20,64.20,64.20,64.20,6436289,413209637,-0.10,8
107/11/27,64.20,64.30,64.20,64.30,109288,7016715,0.10,19
107/11/28,64.20,64.30,64.20,64.30,16035,1030840,0.00,7
107/11/29,64.30,64.40,64.30,64.40,59473,3823972,0.10,26
107/11/30,64.30,64.70,64.20,64.70,111011,7145403,0.30,40
107/12/03,64.40,64.70,64.30,64.70,70002,4512427,0.00,33
107/12/04,64.40,64.50,64.40,64.50,2248217,145009588,-0.20,25
107/12/05,64.40,64.60,64.40,64.60,54176,3493298,0.10,15
107/12/06,64.40,64.50,64.30,64.40,152397,9812908,-0.20,29
107/12/07,64.40,64.40,64.30,64.40,48600,3127158,0.00,13
107/12/10,64.30,64.40,64.30,64.40,302835,19490255,0.00,40
107/12/11,64.30,64.40,64.20,64.40,204720,13163004,0.00,28
107/12/12,64.30,64.40,64.30,64.40,211094,13573934,0.00,22
107/12/13,64.40,64.40,64.40,64.40,198195,12763697,0.00,13
107/12/14,64.40,64.40,64.40,64.40,173034,11143386,0.00,8
107/12/17,64.40,64.40,64.40,64.40,245600,15816518,0.00,20
107/12/18,64.40,64.50,64.40,64.50,240621,15496129,0.10,16
107/12/19,64.40,64.40,64.30,64.40,10619164,674452327,-0.10,21
107/12/20,64.20,64.40,64.20,64.40,207348,13332076,0.00,24
107/12/21,64.30,64.40,64.30,64.40,242332,15582612,0.00,34
107/12/22,64.30,64.40,64.30,64.40,14100,906829,0.00,11
107/12/23,63.50,63.60,63.50,63.60,57546,3656860,0.00,22
107/12/24,64.40,64.50,64.30,64.50,123846,7967896,0.10,38
107/12/25,64.30,64.50,64.30,64.50,154725,9953616,0.00,30
107/12/26,64.50,64.50,64.40,64.50,138424,8916062,0.00,26
107/12/27,64.50,64.60,64.50,64.60,45728,2949633,0.10,28
107/12/28,64.40,64.90,64.40,64.90,188969,12222306,0.30,51
108/01/02,64.70,64.80,64.60,64.80,94208,6097595,-0.10,29
108/01/03,64.60,64.70,64.50,64.60,336279,21707595,-0.20,122
108/01/04,64.60,64.60,64.40,64.60,290663,18730596,0.00,218
108/01/07,64.50,64.60,64.40,64.60,6743920,434316538,0.00,80
108/01/08,64.40,64.50,64.40,64.50,341243,21979024,-0.10,68
108/01/09,64.40,64.50,64.30,64.50,565620,36426965,0.00,407
108/01/10,64.40,64.40,64.30,64.40,205247,13207404,-0.10,55
108/01/11,64.30,64.30,64.20,64.30,299808,19275869,-0.10,56
108/01/14,64.30,64.40,64.20,64.40,591581,37986198,0.10,332
108/01/15,64.20,64.40,64.10,64.40,492620,31632504,0.00,66
108/01/16,64.30,64.30,64.00,64.10,738000,47335700,-0.30,134
108/01/17,64.00,64.20,64.00,64.20,724003,46408292,0.10,177
108/01/18,64.10,64.40,64.10,64.40,180439,11573639,0.20,25
108/01/21,64.40,64.40,64.20,64.40,258700,16617809,0.00,26
108/01/22,64.20,64.30,64.10,64.20,638084,40963280,-0.20,436
108/01/23,64.10,64.20,64.00,64.10,862903,55312981,-0.10,517
108/01/24,64.10,64.20,64.00,64.10,678950,43519290,0.00,527
108/01/25,64.10,64.10,64.00,64.10,559433,35831412,0.00,87
108/01/28,64.00,64.10,64.00,64.10,623788,39980932,0.00,260
108/01/29,64.10,64.20,64.10,64.20,230350,14787433,0.10,21
108/01/30,64.30,64.30,64.20,64.30,141673,9109404,0.10,23
108/02/11,64.40,64.50,64.30,64.40,104773,6748526,0.10,41
108/02/12,64.50,64.50,64.10,64.30,680527,43732879,-0.10,428
108/02/13,64.30,64.50,64.10,64.20,763767,49018039,-0.10,246
108/02/14,64.30,64.40,64.00,64.40,1015288,65056759,0.20,148
108/02/15,64.30,64.30,64.00,64.30,1019216,65267124,-0.10,359
108/02/18,64.30,64.30,64.10,64.30,810273,51949296,0.00,699
108/02/19,64.20,64.40,64.10,64.40,61446,3948386,0.10,29
108/02/20,64.30,64.40,64.20,64.40,951424,61082877,0.00,948
108/02/21,64.30,64.40,64.20,64.40,55591,3576341,0.00,20
108/02/22,64.40,64.50,64.40,64.50,19350,1247338,0.10,17
108/02/25,64.40,64.70,64.40,64.70,45265,2923963,0.20,29
108/02/26,64.60,64.70,64.60,64.60,35083,2267244,-0.10,26
108/02/27,64.70,64.70,64.60,64.70,25250,1633147,0.10,26
108/03/04,64.70,64.80,64.60,64.70,58853,3807318,0.00,27
108/03/05,64.70,64.80,64.70,64.80,33245,2152301,0.10,28
108/03/06,64.80,64.90,64.80,64.80,25558,1657056,0.00,22
108/03/07,64.80,64.80,64.80,64.80,85228,5522728,0.00,29
108/03/08,64.80,64.80,64.70,64.80,48111,3116589,0.00,23
108/03/11,64.80,65.00,64.70,65.00,82396,5341857,0.20,37
108/03/12,65.00,65.10,64.90,65.00,34159,2220299,0.00,30
108/03/13,65.00,65.20,65.00,65.10,96167,6260238,0.10,33
108/03/14,65.10,65.10,65.10,65.10,78399,5103770,0.00,22
108/03/15,65.10,65.20,65.10,65.20,21971,1430315,0.10,11
108/03/18,65.20,65.30,65.20,65.20,80467,5246544,0.00,23
108/03/19,65.20,65.50,65.20,65.50,76599,5005254,0.30,32
108/03/20,65.50,65.60,65.50,65.60,119527,7830804,0.10,23
108/03/21,65.60,65.60,65.30,65.50,391919,25640509,-0.10,93
108/03/22,65.50,65.50,65.30,65.50,569126,37180738,0.00,505
108/03/25,65.50,65.50,65.20,65.50,273669,17874851,0.00,217
108/03/26,65.40,65.50,65.20,65.40,290806,18981348,-0.10,266
108/03/27,65.20,65.30,65.10,65.30,346170,22559450,-0.10,319
108/03/28,65.00,65.20,64.80,65.20,199387,12960590,-0.10,98
108/03/29,65.10,65.20,65.10,65.20,16870,1099050,0.00,17
108/04/01,65.10,65.20,65.10,65.20,73400,4779500,0.00,22
108/04/02,65.20,65.30,65.20,65.30,34318,2238533,0.10,17
108/04/03,65.30,65.40,65.30,65.40,59527,3887507,0.10,26
108/04/08,65.40,65.40,65.20,65.30,258958,16909659,-0.10,40
108/04/09,65.30,65.40,65.30,65.40,57360,3747400,0.10,30
108/04/10,65.40,65.40,65.30,65.40,42282,2764784,0.00,27
108/04/11,65.30,65.40,65.20,65.40,131091,8560332,0.00,35
108/04/12,65.30,65.40,65.20,65.40,54100,3533239,0.00,20
108/04/15,65.30,65.40,65.30,65.40,110439,7212420,0.00,43
108/04/16,65.40,65.40,65.30,65.40,120135,7856277,0.00,40
108/04/17,65.30,65.40,65.30,65.40,83713,5466914,0.00,35
108/04/18,65.30,65.30,65.20,65.30,312260,20389823,-0.10,27
108/04/19,65.30,65.30,65.30,65.30,161973,10576639,0.00,15
108/04/22,65.30,65.30,65.20,65.30,39751,2595461,0.00,33
108/04/23,65.30,65.50,65.30,65.50,220529,14412890,0.20,43
108/04/24,65.50,65.50,65.50,65.50,19100,1251050,0.00,9
108/04/25,65.50,65.50,65.40,65.50,23452,1534558,0.00,18
108/04/26,65.50,65.50,65.30,65.50,25172,1647094,0.00,24
108/04/29,65.50,65.50,65.40,65.50,268240,17568995,0.00,54
108/04/30,65.50,65.60,65.50,65.60,45204,2960778,0.10,24
108/05/02,65.60,65.60,65.50,65.60,189142,12407470,0.00,36
108/05/03,65.30,65.60,65.30,65.60,503754,32959335,0.00,238
108/05/06,65.30,65.40,65.10,65.30,342948,22372800,-0.30,151
108/05/07,65.20,65.40,65.20,65.40,111619,7285456,0.10,36
108/05/08,65.20,65.40,65.20,65.40,291333,19014976,0.00,42
108/05/09,65.20,65.30,65.10,65.30,119784,7809636,-0.10,41
108/05/10,65.10,65.20,65.10,65.20,115892,7554580,-0.10,42
108/05/13,65.30,65.30,65.10,65.30,165191,10760631,0.10,49
108/05/14,65.30,65.30,65.10,65.20,17096,1113540,-0.10,10
108/05/15,65.20,65.20,65.00,65.20,218584,14233560,0.00,57
108/05/16,65.20,65.30,65.20,65.30,208494,13594258,0.10,76
108/05/17,65.20,65.30,65.00,65.30,63439,4135735,0.00,30
108/05/20,65.20,65.20,65.00,65.20,225855,14721559,-0.10,41
108/05/21,65.10,65.20,65.00,65.10,142132,9259165,-0.10,44
108/05/22,65.00,65.10,65.00,65.10,130035,8453075,0.00,32
108/05/23,64.90,65.10,64.90,65.10,223181,14507065,0.00,30
108/05/24,64.90,65.10,64.90,65.10,73582,4783169,0.00,28
108/05/27,65.10,65.20,65.10,65.20,231000,15040800,0.10,33
108/05/28,65.00,65.20,64.90,65.20,217159,14154418,0.00,43
108/05/29,65.10,65.20,65.00,65.20,283302,18461330,0.00,60
108/05/30,65.20,65.30,65.20,65.30,328285,21405425,0.10,47
108/05/31,65.20,65.30,65.00,65.30,123464,8049660,0.00,35
108/06/03,65.20,65.20,65.00,65.20,52056,3389234,-0.10,24
108/06/04,65.10,65.20,64.90,65.20,125841,8180879,0.00,39
108/06/05,65.20,65.20,65.20,65.20,7708,502347,0.00,9
108/06/06,65.10,65.10,65.10,65.10,37599,2447635,-0.10,15
108/06/10,64.80,65.20,64.80,65.20,35253,2294418,0.10,25
108/06/11,65.10,65.20,65.10,65.20,29039,1891235,0.00,22
108/06/12,65.10,65.20,65.00,65.20,69000,4491497,0.00,25
108/06/13,65.00,65.20,65.00,65.20,119491,7773064,0.00,22
108/06/14,65.20,65.20,65.10,65.20,62006,4037589,0.00,17
108/06/17,65.20,65.20,65.00,65.20,55751,3627538,0.00,23
108/06/18,65.00,65.20,64.90,65.20,67001,4358465,0.00,25
108/06/19,65.00,65.10,65.00,65.10,61734,4014635,-0.10,28
108/06/20,65.10,65.20,65.00,65.20,44659,2906566,0.10,22
108/06/21,65.00,65.20,64.90,65.20,48254,3137059,0.00,34
108/06/24,65.00,65.20,65.00,65.20,38766,2522112,0.00,24
108/06/25,65.00,65.10,64.90,65.10,71088,4622102,-0.10,28
108/06/26,65.10,65.10,65.00,65.00,43044,2797946,-0.10,16
108/06/27,65.00,65.10,65.00,65.10,54513,3544042,0.10,26
108/06/28,65.00,65.00,64.80,64.90,93000,6038400,-0.20,32
108/07/01,64.90,65.00,64.80,65.00,63020,4090495,0.10,35
108/07/02,65.00,65.00,64.90,65.00,29496,1914440,0.00,25
108/07/03,64.90,65.00,64.80,65.00,117494,7626958,0.00,43
108/07/04,64.80,65.00,64.80,65.00,14839,962364,0.00,20
108/07/05,64.80,64.90,64.80,64.90,71135,4616059,-0.10,21
108/07/08,64.90,64.90,64.80,64.90,145266,9418609,0.00,44
108/07/09,64.90,65.00,64.90,65.00,38000,2466500,0.10,18
108/07/10,65.00,65.10,64.90,65.00,60021,3903557,0.00,31
108/07/11,65.00,65.00,65.00,65.00,46264,3007132,0.00,11
108/07/12,65.00,65.10,65.00,65.10,42923,2790095,0.10,19
108/07/15,65.10,65.10,65.00,65.10,71137,4626989,0.00,25
108/07/16,65.10,65.10,65.00,65.10,71924,4677464,0.00,50
108/07/17,65.10,65.20,65.10,65.20,143700,9355000,0.10,30
108/07/18,65.20,65.30,65.20,65.30,226878,14811470,0.10,37
108/07/19,65.30,65.50,65.30,65.50,170011,11118916,0.20,30
108/07/22,65.50,65.50,65.50,65.50,20948,1371712,0.00,15
108/07/23,65.40,65.50,65.40,65.50,27889,1824272,0.00,20
108/07/24,65.40,65.50,65.40,65.50,44202,2890868,0.00,21
108/07/25,65.50,65.50,65.50,65.50,130702,8560838,0.00,27
108/07/26,65.40,65.50,65.40,65.50,20784,1359294,0.00,14
108/07/29,65.40,65.60,65.40,65.60,121401,7951223,0.10,21
108/07/30,65.50,65.60,65.40,65.60,81000,5303600,0.00,23
108/07/31,65.50,65.60,65.40,65.60,158545,10384631,0.00,29
108/08/01,65.50,65.60,65.50,65.60,29121,1907925,0.00,14
108/08/02,65.50,65.60,65.40,65.60,60503,3962744,0.00,31
108/08/05,65.40,65.60,65.40,65.60,46552,3049399,0.00,23
108/08/06,65.50,65.70,65.50,65.60,195175,12814245,0.00,89
108/08/07,65.70,65.70,65.50,65.70,137380,9022264,0.10,75
108/08/08,65.70,65.80,65.60,65.70,281917,18529861,0.00,109
108/08/12,65.70,65.90,65.70,65.80,164174,10803426,0.10,95
108/08/13,65.80,66.00,65.80,65.90,225359,14843546,0.10,97
108/08/14,65.90,66.00,65.90,65.90,262254,17291313,0.00,77
108/08/15,65.90,65.90,65.70,65.90,183891,12110537,0.00,70
108/08/16,65.90,65.90,65.70,65.80,880186,57987217,-0.10,122
108/08/19,65.80,65.90,65.80,65.90,638251,42014162,0.10,170
108/08/20,65.90,65.90,65.70,65.90,881343,58005632,0.00,223
108/08/21,64.00,64.30,63.90,64.10,930417,59597188,0.00,407
108/08/22,64.20,64.50,64.10,64.30,876693,56377755,0.20,247
108/08/23,64.30,64.40,64.20,64.40,564805,36331240,0.10,273
108/08/26,64.30,64.40,64.20,64.30,241200,15510660,-0.10,79
108/08/27,64.30,64.40,64.20,64.40,313693,20170556,0.10,95
108/08/28,64.40,64.50,64.30,64.40,341757,22007598,0.00,126
108/08/29,64.40,64.40,64.30,64.40,210761,13571229,0.00,32
108/08/30,64.40,64.40,64.30,64.40,223544,14396076,0.00,37
108/09/02,64.40,64.50,64.30,64.40,172806,11128524,0.00,58
108/09/03,64.40,64.50,64.40,64.50,288129,18555706,0.10,59
108/09/04,64.50,64.50,64.50,64.50,182369,11762799,0.00,52
108/09/05,64.50,64.50,64.40,64.50,147199,9490513,0.00,32
108/09/06,64.50,64.50,64.40,64.40,330080,21260624,-0.10,82
108/09/09,64.40,64.50,64.40,64.50,201618,12984174,0.10,65
108/09/10,64.50,64.60,64.40,64.50,164762,10629048,0.00,39
108/09/11,64.50,64.50,64.40,64.40,193546,12480952,-0.10,40
108/09/12,64.40,64.50,64.40,64.50,184800,11913216,0.10,49
108/09/16,64.40,64.50,64.40,64.50,79660,5136968,0.00,31
108/09/17,64.50,64.60,64.40,64.50,208259,13433579,0.00,45
108/09/18,64.50,64.50,64.40,64.50,212857,13728229,0.00,97
108/09/19,64.50,64.50,64.40,64.50,294299,18981422,0.00,101
108/09/20,64.50,64.50,64.50,64.50,236865,15277702,0.00,92
108/09/23,64.50,64.50,64.40,64.50,192544,12418129,0.00,43
108/09/24,64.50,64.50,64.40,64.50,49308,3179103,0.00,25
108/09/25,64.40,64.50,64.30,64.30,245702,15835696,-0.20,59
108/09/26,64.40,64.50,64.40,64.50,10607,683328,0.20,13
108/09/27,64.50,64.50,64.40,64.50,107377,6922815,0.00,55
108/10/01,64.40,64.50,64.40,64.50,45126,2908101,0.00,42
108/10/02,64.50,64.60,64.40,64.60,65490,4223606,0.10,42
108/10/03,64.60,64.60,64.50,64.60,106781,6897850,0.00,61
108/10/04,64.50,64.70,64.50,64.70,23396,1511441,0.10,23
108/10/07,64.70,64.90,64.70,64.90,82564,5343887,0.20,48
108/10/08,64.90,65.00,64.90,65.00,16079,1044026,0.10,12
108/10/09,65.00,65.10,64.80,65.10,51198,3327709,0.10,52
108/10/14,65.10,65.10,65.00,65.10,68821,4478816,0.00,70
108/10/15,65.00,65.10,64.90,65.10,24339,1581965,0.00,27
108/10/16,65.10,65.10,65.00,65.00,161040,10482900,-0.10,21
108/10/17,65.10,65.10,65.00,65.10,210297,13680205,0.10,26
108/10/18,65.00,65.10,64.90,65.00,274228,17840920,-0.10,33
108/10/21,65.00,65.10,64.80,65.00,253280,16461243,0.00,34
108/10/22,64.90,65.00,64.80,65.00,209120,13591988,0.00,20
108/10/23,65.00,65.00,64.90,65.00,116121,7547439,0.00,26
108/10/24,65.00,65.00,65.00,65.00,101365,6588651,0.00,27
108/10/25,65.00,65.10,64.90,65.00,259101,16840244,0.00,45
108/10/28,65.00,65.00,64.80,65.00,161930,10517166,0.00,58
108/10/29,65.00,65.00,64.90,64.90,234452,15228042,-0.10,58
108/10/30,64.80,65.00,64.80,65.00,43761,2839634,0.10,38
108/10/31,64.90,65.00,64.90,65.00,54056,3511428,0.00,36
108/11/01,64.90,64.90,64.80,64.90,67428,4374732,-0.10,30
108/11/04,64.90,64.90,64.80,64.90,146017,9473996,0.00,49
108/11/05,64.80,64.90,64.80,64.90,141035,9139267,0.00,31
108/11/06,64.80,65.00,64.80,65.00,175288,11368101,0.10,48
108/11/07,64.80,65.00,64.80,65.00,57143,3710877,0.00,37
108/11/08,65.00,65.00,64.80,65.00,151143,9809063,0.00,45
108/11/11,64.90,65.00,64.80,65.00,197158,12795751,0.00,46
108/11/12,64.90,64.90,64.80,64.80,26100,1693679,-0.20,29
108/11/13,64.90,64.90,64.80,64.90,230592,14949759,0.10,45
108/11/14,64.80,64.90,64.80,64.90,78100,5061288,0.00,17
108/11/15,64.80,64.90,64.80,64.90,19132,1239853,0.00,11
108/11/18,64.80,64.90,64.80,64.90,132384,8581581,0.00,43
108/11/19,64.90,64.90,64.80,64.90,101831,6608046,0.00,49
108/11/20,64.90,64.90,64.80,64.80,96592,6262398,-0.10,49
108/11/21,64.80,64.90,64.70,64.90,44492,2883078,0.10,47
108/11/22,64.90,64.90,64.80,64.90,35482,2301988,0.00,47
108/11/25,64.90,64.90,64.80,64.90,84083,5455959,0.00,49
108/11/26,64.80,64.90,64.80,64.90,8235,533857,0.00,11
108/11/27,64.90,64.90,64.60,64.80,213747,13865606,-0.10,65
108/11/28,64.60,64.80,64.60,64.80,128300,8298548,0.00,68
108/11/29,64.60,64.80,64.50,64.80,87925,5683453,0.00,39
108/12/02,64.60,64.80,64.60,64.80,130044,8424538,0.00,60
108/12/03,64.90,64.90,64.60,64.60,140100,9081260,-0.20,53
108/12/04,64.80,64.90,64.80,64.90,186112,12073146,0.30,61
108/12/05,64.80,64.80,64.60,64.80,139135,9008407,-0.10,59
108/12/06,64.70,64.80,64.40,64.80,134944,8722073,0.00,41
108/12/09,64.70,64.80,64.70,64.80,149892,9711799,0.00,55
108/12/10,64.80,64.90,64.80,64.90,191000,12380500,0.10,45
108/12/11,64.80,64.90,64.80,64.90,339507,22023951,0.00,55
108/12/12,64.80,64.90,64.80,64.90,277232,17989463,0.00,62
108/12/13,64.80,64.90,64.80,64.90,214969,13948098,0.00,71
108/12/16,64.80,65.00,64.70,64.90,194939,12650156,0.00,61
108/12/17,64.80,64.90,64.80,64.90,58000,3758700,0.00,5
108/12/18,64.80,64.90,64.80,64.90,12793,829284,0.00,16
108/12/19,64.90,64.90,64.80,64.90,228305,14814700,0.00,38
108/12/20,64.80,65.00,64.80,65.00,49144,3191616,0.10,45
108/12/23,64.90,64.90,64.90,64.90,45639,2961907,-0.10,12
108/12/24,64.90,65.00,64.90,65.00,340333,22114644,0.10,49
108/12/25,65.00,65.20,65.00,65.20,135600,8821077,0.20,37
108/12/26,65.00,65.30,65.00,65.30,134286,8755231,0.10,46
108/12/27,65.20,65.40,65.20,65.30,198134,12930810,0.00,33
108/12/30,65.20,65.30,65.20,65.30,47140,3073800,0.00,42
108/12/31,65.20,65.40,65.10,65.40,109210,7124250,0.10,29
109/01/02,65.40,65.50,65.30,65.40,127168,8324852,0.00,20
109/01/03,65.40,65.50,65.30,65.40,261922,17138630,0.00,35
109/01/06,65.30,65.40,65.20,65.40,227360,14851434,0.00,18
109/01/07,65.30,65.40,65.30,65.40,261135,17072115,0.00,23
109/01/08,65.30,65.40,65.30,65.40,238777,15612205,0.00,27
109/01/09,65.40,65.40,65.30,65.40,287603,18807552,0.00,30
109/01/10,65.40,65.50,65.30,65.40,498142,32582343,0.00,58
109/01/13,65.30,65.40,65.30,65.40,200121,13070900,0.00,61
109/01/14,65.40,65.40,65.30,65.40,301000,19675300,0.00,29
109/01/15,65.30,65.50,65.30,65.40,314353,20557076,0.00,51
109/01/16,65.40,65.50,65.30,65.40,448053,29322153,0.00,45
109/01/17,65.30,65.40,65.30,65.40,219463,14351486,0.00,24
109/01/20,65.30,65.40,65.30,65.40,325050,21249664,0.00,34
109/01/30,64.70,65.40,64.70,65.30,223418,14572970,-0.10,63
109/01/31,65.10,65.40,65.10,65.40,114000,7445900,0.10,38
109/02/03,65.00,65.40,65.00,65.40,357161,23349465,0.00,65
109/02/04,65.30,65.50,65.20,65.40,603382,39479090,0.00,51
109/02/05,65.30,65.40,65.30,65.40,496377,32453414,0.00,88
109/02/06,65.40,65.50,65.30,65.50,419000,27398700,0.10,119
109/02/07,65.30,65.70,65.30,65.70,296548,19427268,0.20,103
109/02/10,65.60,65.70,65.60,65.70,233122,15308413,0.00,125
109/02/11,65.60,65.70,65.60,65.70,280879,18452310,0.00,91
109/02/12,65.50,65.80,65.50,65.80,173059,11385958,0.10,34
109/02/13,65.70,65.80,65.70,65.80,197547,12997216,0.00,36
109/02/14,65.80,65.80,65.70,65.80,18140,1193269,0.00,13
109/02/17,65.80,65.80,65.70,65.80,16617,1092697,0.00,18
109/02/18,65.70,65.80,65.70,65.80,23815,1565843,0.00,21
109/02/19,65.80,65.80,65.70,65.80,28132,1849632,0.00,12
109/02/20,65.60,65.80,65.60,65.80,193887,12756373,0.00,28
109/02/21,65.80,65.90,65.80,65.90,154031,10135336,0.10,10
109/02/24,65.80,65.90,65.70,65.90,216524,14247476,0.00,29
109/02/25,65.80,65.90,65.80,65.90,204041,13430689,0.00,17
109/02/26,65.70,65.90,65.70,65.90,226567,14918536,0.00,32
109/02/27,65.80,65.90,65.70,65.90,259643,17101451,0.00,39
109/03/02,65.70,65.90,65.70,65.90,274320,18069695,0.00,54
109/03/03,65.80,65.90,65.80,65.90,153221,10088374,0.00,31
109/03/04,65.80,66.00,65.80,66.00,72023,4741405,0.10,31
109/03/05,65.80,66.10,65.80,66.10,290063,19144038,0.10,44
109/03/06,66.00,66.10,66.00,66.10,274392,18133772,0.00,43
109/03/09,65.90,66.10,65.80,66.00,342632,22633257,-0.10,61
109/03/10,65.80,66.10,65.70,66.00,306500,20220249,0.00,74
109/03/11,65.90,66.10,65.90,66.10,104205,6876847,0.10,29
109/03/12,65.90,65.90,65.30,65.60,417300,27370489,-0.50,131
109/03/13,64.50,64.50,63.60,64.40,626456,40145484,-1.20,178
109/03/16,64.20,64.20,63.30,63.80,527621,33554345,-0.60,173
109/03/17,63.10,63.40,62.40,62.80,719168,45187464,-1.00,273
109/03/18,62.50,62.90,62.40,62.50,686045,42966044,-0.30,883
109/03/19,61.80,61.80,59.30,60.00,2535855,152864394,-2.50,807
109/03/20,60.30,61.30,60.30,61.30,552055,33632355,1.30,161
109/03/23,60.90,61.30,60.30,61.00,837432,50885733,-0.30,166
109/03/24,60.90,61.80,60.90,61.20,275112,16903909,0.20,135
109/03/25,62.30,62.80,61.60,61.60,680686,42134251,0.40,192
109/03/26,61.80,61.80,61.60,61.70,412021,25406587,0.10,164
109/03/27,61.80,61.80,61.60,61.80,359176,22168004,0.10,142
109/03/30,61.70,61.80,61.20,61.80,219800,13534699,0.00,103
109/03/31,61.90,62.00,61.80,62.00,237767,14702475,0.20,82
109/04/01,61.90,62.20,61.80,62.20,97094,6014028,0.20,73
109/04/06,62.00,62.00,61.80,62.00,172335,10670715,-0.20,305
109/04/07,62.00,62.10,61.90,62.10,159165,9870155,0.10,141
109/04/08,62.00,62.20,62.00,62.20,140600,8734300,0.10,67
109/04/09,62.20,62.30,62.10,62.20,180062,11195613,0.00,341
109/04/10,62.30,62.50,62.30,62.40,207122,12926299,0.20,152
109/04/13,62.50,62.70,62.40,62.60,231917,14507603,0.20,124
109/04/14,62.70,62.70,62.60,62.70,199174,12474888,0.10,278
109/04/15,62.90,63.30,62.70,63.10,159025,10009950,0.40,127
109/04/16,63.00,63.20,62.90,63.20,143044,9017572,0.10,108
109/04/17,63.40,63.50,63.20,63.40,154408,9787681,0.20,108
109/04/20,63.40,63.80,63.40,63.80,85792,5458996,0.40,869
109/04/21,63.80,63.80,63.40,63.50,395207,25137223,-0.30,144
109/04/22,63.20,63.70,63.20,63.60,163031,10334568,0.10,89
109/04/23,63.50,63.80,63.50,63.80,116333,7399078,0.20,94
109/04/24,63.80,64.20,63.80,64.20,112350,7181938,0.40,341
109/04/27,64.20,64.50,64.20,64.50,104360,6719882,0.30,102
109/04/28,64.60,64.60,64.40,64.50,95561,6162927,0.00,86
109/04/29,64.70,64.70,64.50,64.60,88869,5742516,0.10,90
109/04/30,64.70,65.00,64.60,65.00,190910,12364116,0.40,542
109/05/04,64.70,65.00,64.70,65.00,86539,5615435,0.00,84
109/05/05,64.90,65.00,64.70,64.80,127626,8278475,-0.20,383
109/05/06,65.00,65.00,64.70,64.80,81048,5252272,0.00,118
109/05/07,64.80,65.00,64.70,65.00,100207,6489848,0.20,302
109/05/08,64.80,64.90,64.80,64.90,112211,7275917,-0.10,863
109/05/11,64.90,64.90,64.70,64.90,84651,5485887,0.00,572
109/05/12,64.80,64.80,64.70,64.80,91347,5915987,-0.10,339
109/05/13,64.80,64.80,64.60,64.70,103230,6678575,-0.10,524
109/05/14,64.70,64.90,64.50,64.90,405810,26256840,0.20,914
109/05/15,64.80,65.00,64.80,65.00,115451,7497623,0.10,105
109/05/18,64.90,65.00,64.80,65.00,118615,7693175,0.00,78
109/05/19,65.00,65.10,64.90,65.00,184748,12006569,0.00,640
109/05/20,64.90,65.00,64.90,65.00,92093,5982424,0.00,593
109/05/21,64.90,65.00,64.90,65.00,86610,5628050,0.00,78
109/05/22,64.90,65.00,64.80,65.00,216200,14049380,0.00,118
109/05/25,64.90,65.00,64.90,65.00,82101,5333554,0.00,84
109/05/26,65.10,65.10,65.00,65.00,98237,6387485,0.00,89
109/05/27,65.00,65.00,64.90,65.00,80627,5239988,0.00,88
109/05/28,65.00,65.00,64.80,64.90,170439,11071871,-0.10,109
109/05/29,64.80,65.00,64.80,65.00,101100,6564388,0.10,86
109/06/01,65.00,65.10,64.90,65.10,77599,5043299,0.10,133
109/06/02,65.00,65.10,64.90,65.10,89357,5809608,0.00,518
109/06/03,65.10,65.20,65.00,65.20,211328,13763866,0.10,346
109/06/04,65.20,65.40,65.20,65.30,195049,12735036,0.10,153
109/06/05,65.40,65.40,65.30,65.40,127500,8334700,0.10,89
109/06/08,65.50,65.50,65.30,65.40,118668,7757220,0.00,115
109/06/09,65.40,65.40,65.30,65.40,116071,7589615,0.00,144
109/06/10,65.40,65.50,65.30,65.50,193956,12686622,0.10,95
109/06/11,65.60,65.60,65.50,65.60,100429,6583511,0.10,250
109/06/12,64.80,65.50,64.80,65.50,148559,9696590,-0.10,100
109/06/15,65.50,65.50,65.40,65.40,84747,5545679,-0.10,84
109/06/16,65.50,65.50,65.30,65.50,121324,7932690,0.10,91
109/06/17,65.70,65.90,65.50,65.90,115207,7570332,0.40,109
109/06/18,65.80,65.90,65.60,65.90,102628,6751869,0.00,101
109/06/19,65.80,66.00,65.80,66.00,228839,15079354,0.10,104
109/06/22,65.80,65.80,65.00,65.80,128692,8421325,-0.20,53
109/06/23,65.30,65.70,65.30,65.70,34616,2267548,-0.10,19
109/06/24,65.40,65.60,65.30,65.60,54281,3552974,-0.10,31
109/06/29,65.50,65.50,65.30,65.50,158274,10360571,-0.10,58
109/06/30,65.40,65.50,65.30,65.50,185972,12162973,0.00,60
109/07/01,63.30,63.50,63.20,63.30,354462,22449039,0.00,148
109/07/02,63.40,63.60,63.40,63.50,548525,34830337,0.20,179
109/07/03,63.50,63.60,63.40,63.50,274014,17398982,0.00,79
109/07/06,63.60,63.60,63.50,63.50,353453,22447027,0.00,40
109/07/07,63.50,63.50,63.40,63.50,114017,7231471,0.00,43
109/07/08,63.50,63.60,63.50,63.60,325175,20663258,0.10,161
109/07/09,63.50,63.60,63.50,63.60,62923,3997309,0.00,31
109/07/10,63.50,63.60,63.40,63.60,110164,6994863,0.00,33
109/07/13,63.50,63.60,63.30,63.50,87951,5576095,-0.10,55
109/07/14,63.50,63.50,63.40,63.50,247561,15706797,0.00,47
109/07/15,63.50,63.60,63.40,63.50,604143,38344180,0.00,331
109/07/16,63.50,63.60,63.40,63.60,266712,16935739,0.10,46
109/07/17,63.50,63.60,63.40,63.60,375991,23875626,0.00,28
109/07/20,63.40,63.60,63.40,63.60,605998,38478278,0.00,33
109/07/21,63.40,63.50,63.40,63.50,131347,8338127,-0.10,27
109/07/22,63.50,63.50,63.50,63.50,235047,14925272,0.00,59
109/07/23,63.50,63.60,63.40,63.60,164835,10465371,0.10,154
109/07/24,63.60,63.60,63.50,63.60,15417,980036,0.00,12
109/07/27,63.40,63.60,63.30,63.60,142208,9022122,0.00,26
109/07/28,63.30,63.80,63.30,63.70,403616,25695953,0.10,322
109/07/29,63.60,63.70,63.50,63.50,710233,45150814,-0.20,32
109/07/30,63.50,63.60,63.40,63.60,540457,34318532,0.10,35
109/07/31,63.50,63.60,63.50,63.60,914338,58060495,0.00,29
109/08/03,63.50,63.60,63.50,63.60,212986,13524612,0.00,19
109/08/04,63.50,63.50,63.40,63.50,215246,13666870,-0.10,20
109/08/05,63.40,63.50,63.40,63.50,146914,9315643,0.00,33
109/08/06,63.40,63.50,63.40,63.50,34518,2188737,0.00,18
109/08/07,63.50,63.50,63.40,63.50,159500,10122849,0.00,55
109/08/10,63.50,63.50,63.40,63.50,405210,25700513,0.00,50
109/08/11,63.50,63.50,63.40,63.50,220112,13975588,0.00,67
109/08/12,63.40,63.50,63.40,63.50,21631,1371578,0.00,15
109/08/13,63.50,63.50,63.40,63.50,141529,8972827,0.00,22
109/08/14,63.40,63.50,63.30,63.40,339208,21505784,-0.10,46
109/08/17,63.40,63.50,63.40,63.50,660000,41857100,0.10,143
109/08/18,63.40,63.50,63.30,63.50,673687,42712852,0.00,67
109/08/19,63.50,63.50,63.40,63.50,693665,43979693,0.00,33
109/08/20,63.40,63.40,63.30,63.40,940232,59606707,-0.10,43
109/08/21,63.30,63.40,63.30,63.40,95102,6020046,0.00,23
109/08/24,63.30,63.50,63.30,63.50,391132,24797701,0.10,95
109/08/25,63.30,63.50,63.30,63.50,211040,13380331,0.00,10
109/08/26,63.40,63.50,63.30,63.50,317490,20127465,0.00,19
109/08/27,63.40,63.50,63.30,63.40,237008,15028380,-0.10,15
109/08/28,63.40,63.50,63.30,63.40,27140,1719847,0.00,14
109/08/31,63.40,63.50,63.30,63.50,243599,15444655,0.10,18
109/09/01,63.40,63.40,63.40,63.40,6223,394515,-0.10,9
109/09/02,63.40,63.40,63.20,63.30,419402,26547484,-0.10,48
109/09/03,63.30,63.30,63.20,63.20,462401,29262501,-0.10,34
109/09/04,63.20,63.40,63.10,63.30,214409,13570948,0.10,22
109/09/07,63.30,63.30,63.10,63.20,221072,13971142,-0.10,18
109/09/08,63.20,63.20,63.00,63.20,285399,18019637,0.00,51
109/09/09,63.10,63.10,63.00,63.10,434599,27420696,-0.10,31
109/09/10,63.30,63.30,63.00,63.10,640405,40407253,0.00,54
109/09/11,63.00,63.10,63.00,63.10,532100,33573509,0.00,46
109/09/14,63.10,63.10,62.90,63.10,190956,12029313,0.00,63
109/09/15,63.00,63.10,62.90,63.10,242180,15255519,0.00,44
109/09/16,63.00,63.00,62.90,63.00,18482,1162916,-0.10,23
109/09/17,63.00,63.10,62.80,63.00,334040,21042816,0.00,44
109/09/18,63.10,63.10,62.80,63.00,288528,18176364,0.00,34
109/09/18,63.10,63.10,62.80,63.00,288528,18176364,0.00,34
109/09/17,63.00,63.10,62.80,63.00,334040,21042816,0.00,44
