106/02/10,51.50,51.90,51.50,51.70,6067870,313816217,X,1741
106/02/13,51.80,51.90,51.70,51.80,2617236,135581878,0.10,896
106/02/14,51.80,51.90,51.70,51.70,1488227,77035604,-0.10,486
106/02/15,51.70,51.80,51.60,51.60,1851604,95716898,-0.10,407
106/02/16,51.70,51.70,51.60,51.60,822240,42469368,,369
106/02/17,51.70,51.80,51.70,51.70,980015,50727762,0.10,274
106/02/18,51.70,52.00,51.70,51.90,521764,27065467,0.20,225
106/02/20,51.90,52.00,51.80,51.90,472454,24526752,,171
106/02/21,51.90,52.20,51.90,52.20,696028,36216156,0.30,280
106/02/22,52.20,52.30,52.10,52.10,1045548,54535527,-0.10,244
106/02/23,52.10,52.30,52.10,52.30,526478,27511484,0.20,177
106/02/24,52.30,52.40,52.20,52.40,284837,14905467,0.10,99
106/03/01,52.40,52.60,52.40,52.60,740630,38871705,0.20,230
106/03/02,52.70,53.00,52.70,53.00,927767,49063657,0.40,280
106/03/03,53.00,53.30,53.00,53.20,4816176,246751433,0.20,223
106/03/06,53.30,53.30,53.10,53.20,424395,22580735,,158
106/03/07,53.20,53.20,53.10,53.10,723383,38432281,-0.10,105
106/03/08,53.10,53.10,52.60,52.80,1355031,71620928,-0.30,200
106/03/09,52.80,52.80,52.70,52.70,170902,9018032,-0.10,63
106/03/10,52.70,52.80,52.70,52.80,226456,11940846,0.10,72
106/03/13,52.80,52.80,52.70,52.70,227920,12011094,-0.10,90
106/03/14,52.70,52.70,52.50,52.50,351411,18472467,-0.20,131
106/03/15,52.60,52.60,52.50,52.60,199559,10489142,0.10,101
106/03/16,52.60,52.60,52.50,52.50,214455,11264882,-0.10,125
106/03/17,52.50,52.60,52.40,52.40,540997,28381537,-0.10,165
106/03/20,52.40,52.40,52.20,52.20,605508,31692513,-0.20,182
106/03/21,52.20,52.40,52.20,52.30,156477,8182539,0.10,82
106/03/22,52.30,52.30,52.00,52.20,1146426,59779485,-0.10,168
106/03/23,52.30,52.30,52.20,52.20,221502,11563597,,85
106/03/24,52.20,52.20,52.10,52.20,120740,6297849,,58
106/03/27,52.20,52.20,52.10,52.10,150827,7869604,-0.10,61
106/03/28,52.20,52.20,52.00,52.10,735412,38333557,,139
106/03/29,52.10,52.20,52.10,52.10,288214,15026644,,77
106/03/30,52.10,52.20,52.00,52.00,631676,32920752,-0.10,97
106/03/31,52.10,52.10,51.90,51.90,784194,40744561,-0.10,135
106/04/05,51.90,52.00,51.90,51.90,277135,14396796,,97
106/04/06,51.90,52.10,51.90,52.00,176676,9196582,0.10,50
106/04/07,52.00,52.20,52.00,52.10,193142,10076084,0.10,64
106/04/10,52.10,52.20,52.10,52.10,108926,5680138,,39
106/04/11,52.20,52.20,52.10,52.10,124009,6463964,,44
106/04/12,52.10,52.30,52.10,52.30,301568,15740090,0.20,87
106/04/13,52.20,52.20,52.10,52.10,104696,5462292,-0.20,42
106/04/14,52.10,52.20,52.10,52.10,325454,16983708,,85
106/04/17,52.10,52.20,52.10,52.20,207793,10844673,0.10,58
106/04/18,52.20,52.30,52.10,52.10,259539,13567628,-0.10,51
106/04/19,52.10,52.30,52.10,52.20,185784,9696068,0.10,62
106/04/20,52.20,52.40,52.20,52.20,268631,14044369,,70
106/04/21,52.20,52.30,52.20,52.20,112295,5863767,,34
106/04/24,52.30,52.30,52.20,52.20,133208,6960735,,20
106/04/25,52.20,52.20,51.80,52.00,933085,48469620,-0.20,139
106/04/26,51.60,52.00,51.60,52.00,745339,38492593,,93
106/04/27,52.00,52.00,51.90,52.00,58250,3027172,,25
106/04/28,51.90,52.00,51.80,51.90,208731,10831958,-0.10,92
106/05/02,51.90,52.00,51.80,51.90,100890,5234405,0.00,57
106/05/03,52.00,52.00,51.90,52.00,298967,15544880,0.10,65
106/05/04,51.90,52.00,51.80,51.90,258919,13424197,-0.10,95
106/05/05,51.90,51.90,51.80,51.80,123054,6377492,-0.10,63
106/05/08,51.80,51.90,51.70,51.80,119655,6197761,0.00,85
106/05/09,51.80,51.80,51.60,51.60,361306,18665884,-0.20,105
106/05/10,51.60,51.80,51.60,51.70,80969,4186696,0.10,50
106/05/11,51.70,51.70,51.60,51.70,115597,5975557,0.00,83
106/05/12,51.70,51.70,51.50,51.60,580769,29940274,-0.10,189
106/05/15,51.60,51.70,51.50,51.50,307590,15866582,-0.10,112
106/05/16,51.50,51.60,51.40,51.50,562837,28987803,0.00,177
106/05/17,51.50,51.50,51.40,51.50,226008,11635610,0.00,66
106/05/18,51.50,51.50,51.40,51.50,162217,8353773,0.00,54
106/05/19,51.50,51.60,51.50,51.60,200865,10345545,0.10,59
106/05/22,51.60,51.60,51.50,51.60,44985,2320326,0.00,38
106/05/23,51.60,51.60,51.50,51.60,91006,4693506,0.00,48
106/05/24,51.70,51.70,51.60,51.60,28954,1494320,0.00,39
106/05/25,51.60,51.80,51.60,51.70,122821,6349341,0.10,47
106/05/26,51.70,51.80,51.60,51.80,121002,6256500,0.10,38
106/05/31,51.80,51.80,51.70,51.80,48323,2500866,0.00,22
106/06/01,51.80,51.80,51.70,51.80,77448,4011300,0.00,58
106/06/02,51.80,51.80,51.70,51.80,81668,4224099,0.00,49
106/06/03,51.80,51.80,51.70,51.80,104506,5411808,0.00,68
106/06/05,51.80,51.90,51.80,51.80,107696,5578846,0.00,97
106/06/06,51.70,51.80,51.70,51.80,56120,2902703,0.00,27
106/06/07,51.80,51.80,51.80,51.80,161497,8365542,0.00,77
106/06/08,51.80,51.80,51.70,51.80,114467,5929041,0.00,65
106/06/09,51.80,51.80,51.70,51.80,101192,5238645,0.00,84
106/06/12,51.80,51.80,51.80,51.80,80226,4155661,0.00,76
106/06/13,51.80,51.80,51.80,51.80,81725,4233354,0.00,77
106/06/14,51.80,51.90,51.70,51.80,108482,5618716,0.00,87
106/06/15,51.80,51.90,51.80,51.80,50544,2618169,0.00,25
106/06/16,51.80,51.80,51.70,51.70,47528,2461092,-0.10,52
106/06/19,51.70,51.80,51.70,51.70,100880,5223993,0.00,74
106/06/20,51.70,51.80,51.70,51.80,125222,6485270,0.10,95
106/06/21,51.80,51.80,51.80,51.80,97708,5061202,0.00,82
106/06/22,51.90,51.90,51.80,51.80,191403,9924933,0.00,120
106/06/23,51.80,51.90,51.80,51.80,206849,10724874,0.00,105
106/06/26,51.90,51.90,51.80,51.80,136207,7056220,0.00,103
106/06/27,51.80,51.80,51.70,51.80,324880,16825803,0.00,153
106/06/28,51.80,51.80,51.80,51.80,86693,4490422,0.00,74
106/06/29,51.80,51.80,51.80,51.80,234641,12154134,0.00,94
106/06/30,51.80,51.80,51.80,51.80,46900,2429419,0.00,32
106/07/03,51.90,51.90,51.80,51.90,252124,13083016,0.10,115
106/07/04,51.90,52.00,51.90,51.90,236655,12282690,0.00,66
106/07/05,51.90,52.00,51.90,51.90,149530,7761345,0.00,57
106/07/06,51.90,51.90,51.90,51.90,139086,7218560,0.00,46
106/07/07,51.90,51.90,51.80,51.80,176500,9154397,-0.10,50
106/07/10,51.90,51.90,51.90,51.90,263894,13695804,0.10,96
106/07/11,51.90,51.90,51.80,51.90,119582,6204371,0.00,45
106/07/12,51.90,52.00,51.80,51.90,247562,12848560,0.00,59
106/07/13,51.90,51.90,51.80,51.90,310177,16095747,0.00,60
106/07/14,51.90,51.90,51.80,51.90,179499,9315246,0.00,28
106/07/17,51.90,51.90,51.90,51.90,167739,8705647,0.00,75
106/07/18,51.90,52.00,51.90,52.00,292063,15180665,0.10,98
106/07/19,52.00,52.00,51.90,51.90,245513,12763320,-0.10,49
106/07/20,51.90,52.00,51.90,51.90,118197,6134619,0.00,54
106/07/21,51.90,51.90,51.90,51.90,256684,13321897,0.00,66
106/07/24,51.90,52.00,51.90,51.90,132601,6882028,0.00,28
106/07/25,51.90,52.00,51.90,52.00,73995,3840740,0.10,23
106/07/26,52.00,52.00,51.90,51.90,163945,8508933,-0.10,61
106/07/27,51.90,52.00,51.90,51.90,108758,5644108,0.00,78
106/07/28,51.90,51.90,51.90,51.90,215324,11174445,0.00,78
106/07/31,51.90,51.90,51.90,51.90,175040,9083857,0.00,102
106/08/01,51.90,51.90,51.90,51.90,271511,14090757,0.00,79
106/08/02,51.90,52.00,51.90,51.90,189403,9830102,0.00,107
106/08/03,51.90,52.00,51.90,51.90,158047,8205727,0.00,76
106/08/04,51.90,52.00,51.90,52.00,159388,8273892,0.10,85
106/08/07,51.90,52.00,51.90,51.90,52199,2710014,-0.10,65
106/08/08,51.90,52.00,51.90,52.00,621988,32339266,0.10,254
106/08/09,52.00,52.00,51.90,52.00,294441,15309780,0.00,166
106/08/10,52.00,52.00,51.90,51.90,247882,12865771,-0.10,117
106/08/11,51.90,52.00,51.80,51.90,74375,3859924,0.00,46
106/08/14,51.90,51.90,51.80,51.90,148546,7697579,0.00,63
106/08/15,51.90,51.90,51.80,51.80,62931,3264217,-0.10,53
106/08/16,51.80,51.90,51.80,51.80,41595,2156014,0.00,41
106/08/17,51.80,51.90,51.80,51.80,95442,4945290,0.00,50
106/08/18,51.80,51.90,51.80,51.90,458912,23815837,0.10,67
106/08/21,51.90,51.90,51.80,51.90,20266,1050476,0.00,14
106/08/22,51.90,51.90,51.90,51.90,552249,28661494,0.00,39
106/08/23,51.90,52.00,51.90,51.90,32083,1665205,0.00,28
106/08/24,52.00,52.00,51.90,51.90,50919,2643401,0.00,32
106/08/25,51.90,52.00,51.90,51.90,71134,3696642,0.00,56
106/08/28,52.00,52.00,52.00,52.00,122201,6354023,0.10,79
106/08/29,52.00,52.20,52.00,52.20,184582,9609864,0.20,82
106/08/30,52.20,52.20,52.10,52.10,68652,3576604,-0.10,33
106/08/31,52.10,52.20,52.10,52.10,89088,4641476,0.00,39
106/09/01,52.10,52.20,52.10,52.10,314594,16415088,0.00,105
106/09/04,52.10,52.20,52.10,52.10,85834,4472045,0.00,41
106/09/05,52.10,52.20,52.10,52.20,254138,13263883,0.10,64
106/09/06,52.20,52.30,52.20,52.20,87782,4582840,0.00,36
106/09/07,52.20,52.20,52.10,52.20,332635,17362773,0.00,87
106/09/08,52.20,52.30,52.20,52.20,243313,12717535,0.00,64
106/09/11,52.20,52.40,52.20,52.30,83466,4365414,0.10,59
106/09/12,52.30,52.40,52.30,52.40,266660,13970048,0.10,64
106/09/13,52.40,52.40,52.40,52.40,204468,10713870,0.00,70
106/09/14,52.40,52.40,52.30,52.40,132852,6954686,0.00,32
106/09/15,52.30,52.30,52.30,52.30,71421,3735274,-0.10,23
106/09/18,52.30,52.40,52.20,52.30,242689,12695294,0.00,69
106/09/19,52.40,52.40,52.20,52.30,195551,10226903,0.00,44
106/09/20,52.30,52.40,52.20,52.30,181659,9500633,0.00,35
106/09/21,52.40,52.40,52.20,52.30,95081,4972225,0.00,38
106/09/22,52.30,52.30,52.20,52.20,118792,6209135,-0.10,59
106/09/25,52.30,52.40,52.20,52.30,83168,4346836,0.10,43
106/09/26,52.30,52.40,52.30,52.30,256382,13418838,0.00,87
106/09/27,52.30,52.40,52.30,52.30,131216,6866950,0.00,36
106/09/28,52.30,52.30,52.20,52.30,50642,2647908,0.00,30
106/09/29,52.30,52.30,52.20,52.30,79380,4151197,0.00,19
106/09/30,52.30,52.40,52.30,52.30,137800,7211258,0.00,35
106/10/02,52.30,52.40,52.30,52.30,105579,5523963,0.00,40
106/10/03,52.30,52.30,52.30,52.30,105384,5511543,0.00,25
106/10/05,52.30,52.40,52.30,52.30,121461,6352359,0.00,47
106/10/06,52.30,52.30,52.30,52.30,13798,721453,0.00,17
106/10/11,52.30,52.40,52.30,52.30,148571,7770860,0.00,50
106/10/12,52.30,52.30,52.30,52.30,28644,1497948,0.00,16
106/10/13,52.30,52.40,52.30,52.30,170518,8919289,0.00,54
106/10/16,52.30,52.50,52.30,52.30,297361,15581579,0.00,64
106/10/17,52.40,52.40,52.30,52.40,397020,20803441,0.10,54
106/10/18,52.40,52.40,52.40,52.40,150235,7872265,0.00,22
106/10/19,52.40,52.40,52.40,52.40,184055,9644373,0.00,28
106/10/20,52.40,52.40,52.30,52.30,123614,6468850,-0.10,30
106/10/23,52.30,52.40,52.30,52.40,168840,8846028,0.10,38
106/10/24,52.40,52.40,52.30,52.30,126175,6611351,-0.10,31
106/10/25,52.30,52.30,52.30,52.30,274552,14358755,0.00,61
106/10/26,52.30,52.30,52.30,52.30,102567,5364252,0.00,22
106/10/27,52.40,52.40,52.30,52.30,176009,9218169,0.00,37
106/10/30,52.40,52.40,52.30,52.40,203969,10684082,0.10,30
106/10/31,52.40,52.40,52.40,52.40,228450,11970778,0.00,42
106/11/01,52.40,52.50,52.40,52.50,156285,8198632,0.10,29
106/11/02,52.50,52.60,52.40,52.60,268417,14090205,0.10,56
106/11/03,52.60,52.60,52.40,52.50,648480,34027804,-0.10,81
106/11/06,52.50,52.60,52.40,52.40,582794,30559703,-0.10,72
106/11/07,52.50,52.50,52.40,52.40,566419,29702669,0.00,75
106/11/08,52.50,52.50,52.40,52.40,735239,38532994,0.00,103
106/11/09,52.40,52.50,52.40,52.50,30634,1606454,0.10,25
106/11/10,52.50,52.50,52.40,52.40,191313,10042467,-0.10,81
106/11/13,52.50,52.50,52.50,52.50,159522,8374646,0.10,42
106/11/14,52.60,52.60,52.50,52.60,20294,1067204,0.10,17
106/11/15,52.60,52.70,52.60,52.70,172569,9085569,0.10,59
106/11/16,52.70,52.80,52.70,52.70,253715,13379935,0.00,70
106/11/17,52.70,52.70,52.60,52.70,109299,5758725,0.00,35
106/11/20,52.70,52.80,52.70,52.80,346498,18291543,0.10,96
106/11/21,52.90,53.00,52.80,52.80,243877,12900915,0.00,59
106/11/22,52.80,52.80,52.70,52.70,162344,8570393,-0.10,43
106/11/23,52.70,52.70,52.60,52.60,176489,9299520,-0.10,40
106/11/24,52.60,52.80,52.60,52.70,107318,5655493,0.10,33
106/11/27,52.70,52.70,52.70,52.70,98758,5204393,0.00,24
106/11/28,52.70,52.70,52.60,52.60,64390,3390872,-0.10,30
106/11/29,52.70,52.80,52.70,52.70,70997,3742642,0.10,23
106/11/30,52.70,52.70,52.60,52.60,64079,3372047,-0.10,23
106/12/01,52.80,52.80,52.60,52.60,51434,2706152,0.00,24
106/12/04,52.60,52.70,52.60,52.60,18162,956518,0.00,19
106/12/05,52.70,52.70,52.60,52.60,43671,2298525,0.00,20
106/12/06,52.60,52.70,52.60,52.70,396788,20884388,0.10,107
106/12/07,52.60,52.70,52.50,52.50,176032,9253078,-0.20,39
106/12/08,52.60,52.60,52.60,52.60,218983,11518107,0.10,44
106/12/11,52.60,52.60,52.60,52.60,14524,763807,0.00,12
106/12/12,52.60,52.60,52.60,52.60,89100,4686650,0.00,16
106/12/13,52.60,52.60,52.60,52.60,48493,2550582,0.00,19
106/12/14,52.60,52.60,52.60,52.60,141433,7439231,0.00,45
106/12/15,52.60,52.80,52.60,52.60,202088,10646524,0.00,108
106/12/18,52.60,52.70,52.60,52.60,54541,2872353,0.00,26
106/12/19,52.70,52.80,52.70,52.70,235100,12403767,0.10,91
106/12/20,52.70,52.80,52.70,52.80,38723,2043557,0.10,26
106/12/21,52.90,53.00,52.90,52.90,113082,5987232,0.10,58
106/12/22,52.90,53.10,52.90,53.00,201901,10701001,0.10,60
106/12/25,53.00,53.10,53.00,53.00,224100,11877789,0.00,39
106/12/26,53.00,53.10,53.00,53.10,188933,10029549,0.10,39
106/12/27,53.10,53.10,53.00,53.00,156023,8278213,-0.10,31
106/12/28,53.00,53.10,53.00,53.10,29520,1565560,0.10,18
106/12/29,53.00,53.10,52.90,52.90,244499,12954295,-0.20,41
107/01/02,53.00,53.00,52.90,52.90,71591,3787225,0.00,25
107/01/03,52.90,52.90,52.90,52.90,55243,2922256,0.00,19
107/01/04,52.90,53.00,52.90,52.90,45435,2404036,0.00,18
107/01/05,53.00,53.00,52.90,52.90,65793,3480006,0.00,30
107/01/08,52.90,53.00,52.80,52.90,112074,5927296,0.00,44
107/01/09,52.90,53.00,52.90,53.00,146192,7747433,0.10,49
107/01/10,53.10,53.10,52.90,52.90,121164,6423372,-0.10,40
107/01/11,52.90,53.10,52.90,53.00,118308,6276061,0.10,37
107/01/12,53.00,53.10,53.00,53.10,138675,7357105,0.10,37
107/01/15,53.10,53.10,53.00,53.10,55837,2962874,0.00,21
107/01/16,53.00,53.10,53.00,53.10,107342,5697585,0.00,38
107/01/17,53.10,53.20,53.10,53.10,278404,14796069,0.00,62
107/01/18,53.10,53.20,53.00,53.10,87797,4663314,0.00,47
107/01/19,53.00,53.10,53.00,53.10,239423,12704119,0.00,44
107/01/22,53.00,53.10,53.00,53.10,43259,2295627,0.00,28
107/01/23,53.10,53.30,53.10,53.20,238897,12708141,0.10,64
107/01/24,53.10,53.30,53.10,53.20,83400,4438938,0.00,24
107/01/25,53.20,53.30,53.20,53.20,171523,9136419,0.00,49
107/01/26,53.20,53.30,53.10,53.10,39581,2106493,-0.10,19
107/01/29,53.20,53.30,53.10,53.20,71495,3808182,0.10,27
107/01/30,53.20,53.30,53.20,53.20,45800,2438557,0.00,25
107/01/31,53.20,53.30,53.20,53.20,150055,7988420,0.00,34
107/02/01,53.20,53.30,53.20,53.20,81773,4357569,0.00,26
107/02/02,53.20,53.30,53.20,53.30,330151,17595403,0.10,56
107/02/05,53.30,53.40,53.30,53.30,137632,7346858,0.00,36
107/02/06,53.30,53.40,53.10,53.20,335373,17849978,-0.10,104
107/02/07,53.20,53.40,53.20,53.40,123681,6598496,0.20,41
107/02/08,53.40,53.50,53.40,53.40,327047,17466193,0.00,70
107/02/09,53.40,53.40,53.20,53.30,472555,25177968,-0.10,75
107/02/12,53.30,53.30,53.10,53.10,225928,12019084,-0.20,58
107/02/21,53.30,53.40,53.30,53.40,214866,11462979,0.30,44
107/02/22,53.50,53.50,53.40,53.50,147048,7854959,0.10,53
107/02/23,53.50,53.50,53.50,53.50,30274,1619528,0.00,20
107/02/26,53.60,53.80,53.60,53.70,123691,6634367,0.20,42
107/02/27,53.70,53.70,53.70,53.70,184414,9902746,0.00,54
107/03/01,53.70,53.90,53.70,53.90,237559,12790916,0.20,53
107/03/02,53.90,54.00,53.90,54.00,179999,9704746,0.10,34
107/03/05,54.00,54.00,53.90,54.00,114792,6191585,0.00,43
107/03/06,54.00,54.10,53.90,54.10,180870,9769280,0.10,33
107/03/07,54.00,54.00,53.90,54.00,223264,12049601,-0.10,27
107/03/08,54.00,54.30,54.00,54.20,670830,36340530,0.20,67
107/03/09,54.20,54.30,54.10,54.20,76610,4152496,0.00,35
107/03/12,54.20,54.20,54.10,54.20,189783,10276282,0.00,41
107/03/13,54.10,54.20,54.00,54.20,251618,13605631,0.00,37
107/03/14,54.20,54.30,54.10,54.30,69252,3753331,0.10,22
107/03/15,54.30,54.30,54.30,54.30,115182,6254345,0.00,15
107/03/16,54.30,54.30,54.20,54.30,170984,9276233,0.00,34
107/03/19,54.30,54.30,54.20,54.20,103145,5598030,-0.10,19
107/03/20,54.30,54.30,54.20,54.20,81198,4402992,0.00,22
107/03/21,54.30,54.30,54.20,54.30,70186,3805879,0.10,17
107/03/22,54.30,54.30,54.20,54.20,62872,3412188,-0.10,17
107/03/23,54.20,54.20,54.20,54.20,72221,3914134,0.00,24
107/03/26,54.20,54.30,54.10,54.20,324179,17569583,0.00,50
107/03/27,54.20,54.20,54.10,54.20,265388,14382452,0.00,52
107/03/28,54.20,54.30,54.20,54.20,25203,1366062,0.00,12
107/03/29,54.30,54.50,54.30,54.30,354751,19277903,0.10,49
107/03/30,54.40,54.50,54.40,54.50,298147,16219492,0.20,50
107/03/31,54.50,54.50,54.40,54.50,171196,9327922,0.00,33
107/04/02,54.50,54.60,54.50,54.60,544711,29716976,0.10,47
107/04/03,54.60,54.70,54.60,54.70,129645,7079171,0.10,28
107/04/09,54.70,54.80,54.70,54.70,269365,14744492,0.00,41
107/04/10,54.70,54.80,54.70,54.80,160957,8803856,0.10,26
107/04/11,54.70,54.80,54.70,54.80,128315,7019296,0.00,21
107/04/12,54.80,54.80,54.70,54.80,228965,12542390,0.00,28
107/04/13,54.80,54.80,54.80,54.80,50998,2794487,0.00,18
107/04/16,54.80,54.80,54.70,54.80,38072,2085124,0.00,12
107/04/17,54.80,54.80,54.60,54.60,163000,8916500,-0.20,31
107/04/18,54.70,54.80,54.70,54.70,45081,2466105,0.10,14
107/04/19,54.70,54.70,54.60,54.70,44034,2405444,0.00,21
107/04/20,54.70,54.70,54.60,54.70,73044,3994698,0.00,18
107/04/23,54.70,54.70,54.70,54.70,131267,7180251,0.00,12
107/04/24,54.70,54.70,54.60,54.70,146130,7985859,0.00,26
107/04/25,54.60,54.70,54.60,54.70,339061,18530124,0.00,31
107/04/26,54.70,54.70,54.60,54.70,58822,3217059,0.00,20
107/04/27,54.70,54.70,54.60,54.70,169447,9260047,0.00,37
107/04/30,54.70,54.80,54.70,54.80,118632,6499116,0.10,24
107/05/02,54.80,54.90,54.80,54.80,113045,6195752,0.00,10
107/05/03,54.80,54.80,54.70,54.70,105500,5779349,-0.10,25
107/05/04,54.70,54.70,54.70,54.70,359455,19662142,0.00,28
107/05/07,54.70,54.80,54.70,54.70,376737,20607564,0.00,23
107/05/08,54.70,54.80,54.70,54.80,372188,20359226,0.10,28
107/05/09,54.80,54.80,54.70,54.80,509611,27876238,0.00,15
107/05/10,54.70,54.80,54.70,54.80,23879,1305338,0.00,17
107/05/11,54.70,54.80,54.70,54.70,110555,6052546,-0.10,26
107/05/14,54.70,54.70,54.60,54.60,108079,5911289,-0.10,19
107/05/15,54.70,54.80,54.60,54.70,60568,3311855,0.10,22
107/05/16,54.60,54.70,54.60,54.60,17274,943257,-0.10,17
107/05/17,54.60,54.70,54.60,54.60,38307,2094569,0.00,17
107/05/18,54.70,54.70,54.60,54.60,78000,4265700,0.00,24
107/05/21,54.60,54.80,54.60,54.60,7279,397705,0.00,8
107/05/22,54.70,54.70,54.70,54.70,70258,3843008,0.10,17
107/05/23,54.60,54.60,54.60,54.60,9337,509799,-0.10,6
107/05/24,54.60,54.70,54.60,54.70,71528,3908974,0.10,22
107/05/25,54.70,54.70,54.70,54.70,21000,1148700,0.00,9
107/05/28,54.70,54.80,54.70,54.70,126280,6909287,0.00,14
107/05/29,54.70,54.70,54.70,54.70,150000,8205000,0.00,13
107/05/30,54.70,54.70,54.60,54.60,130454,7134761,-0.10,11
107/05/31,54.60,54.60,54.60,54.60,93000,5077800,0.00,21
107/06/01,54.60,54.70,54.60,54.70,92078,5027951,0.10,13
107/06/04,54.70,54.70,54.60,54.60,169170,9236964,-0.10,20
107/06/05,54.70,54.70,54.60,54.70,64812,3544772,0.10,16
107/06/06,54.70,54.70,54.60,54.60,31303,1711782,-0.10,19
107/06/07,54.60,54.60,54.60,54.60,24391,1331606,0.00,26
107/06/08,54.60,54.80,54.60,54.80,74397,4068217,0.20,22
107/06/11,54.70,54.70,54.60,54.70,102386,5599119,-0.10,20
107/06/12,54.70,54.70,54.60,54.70,119156,6515670,0.00,30
107/06/13,54.70,54.70,54.70,54.70,73118,3999495,0.00,13
107/06/14,54.60,54.70,54.60,54.60,18166,992012,-0.10,12
107/06/15,54.50,54.70,54.50,54.70,398036,21732665,0.10,31
107/06/19,54.70,54.80,54.60,54.80,314607,17201502,0.10,42
107/06/20,54.70,54.70,54.60,54.70,88040,4808080,-0.10,20
107/06/21,54.50,54.60,54.50,54.60,63180,3445309,-0.10,12
107/06/22,54.50,54.60,54.50,54.50,81397,4436755,-0.10,19
107/06/25,54.50,54.50,54.40,54.40,148108,8057664,-0.10,35
107/06/26,54.40,54.40,54.30,54.40,95077,5172081,0.00,31
107/06/27,54.40,54.40,54.30,54.40,76145,4141243,0.00,26
107/06/28,54.40,54.40,54.30,54.30,111848,6080074,-0.10,41
107/06/29,54.30,54.30,54.20,54.20,174558,9476832,-0.10,47
107/07/02,54.20,54.30,54.20,54.20,256065,13879797,0.00,52
107/07/03,54.20,54.30,54.10,54.10,501547,27159290,-0.10,113
107/07/04,51.80,51.90,51.80,51.90,525698,27250525,0.00,101
107/07/05,51.90,51.90,51.80,51.90,296292,15369152,0.00,74
107/07/06,51.90,52.00,51.90,51.90,235065,12201173,0.00,38
107/07/09,51.90,52.00,51.90,52.00,112288,5827876,0.10,16
107/07/10,52.00,52.00,51.90,51.90,303006,15730312,-0.10,31
107/07/11,51.90,52.00,51.90,52.00,175584,9118268,0.10,30
107/07/12,51.90,52.00,51.90,51.90,71750,3724222,-0.10,37
107/07/13,51.90,52.00,51.90,52.00,177256,9208312,0.10,33
107/07/16,52.00,52.00,51.90,51.90,124570,6466910,-0.10,48
107/07/17,51.90,51.90,51.80,51.80,176461,9147625,-0.10,67
107/07/18,51.90,51.90,51.80,51.80,60095,3115020,0.00,35
107/07/19,51.90,51.90,51.80,51.80,158152,8194386,0.00,68
107/07/20,51.80,51.90,51.80,51.80,182058,9436200,0.00,52
107/07/23,51.80,51.90,51.80,51.90,222389,11524909,0.10,62
107/07/24,51.90,52.00,51.90,52.00,351884,18284468,0.10,51
107/07/25,52.00,52.10,51.90,52.00,165254,8596508,0.00,47
107/07/26,52.00,52.10,52.00,52.10,108625,5655860,0.10,36
107/07/27,52.00,52.20,52.00,52.20,130354,6790742,0.10,42
107/07/30,52.20,52.30,52.10,52.20,127730,6667277,0.00,39
107/07/31,52.20,52.30,52.20,52.20,281843,14729747,0.00,55
107/08/01,52.20,52.30,52.20,52.30,82502,4306753,0.10,40
107/08/02,52.30,52.30,52.20,52.30,114551,5985562,0.00,45
107/08/03,52.30,52.30,52.20,52.30,128906,6737790,0.00,39
107/08/06,52.30,52.40,52.30,52.40,131938,6903068,0.10,40
107/08/07,52.40,52.50,52.40,52.40,175864,9217785,0.00,32
107/08/08,52.40,52.50,52.40,52.50,221665,11615512,0.10,42
107/08/09,52.50,52.50,52.40,52.40,14711,771784,-0.10,13
107/08/10,52.50,52.50,52.40,52.40,198733,10424235,0.00,38
107/08/13,52.40,52.50,52.30,52.40,303526,15900278,0.00,78
107/08/14,52.40,52.50,52.40,52.50,85660,4489582,0.10,24
107/08/15,52.50,52.50,52.40,52.40,125997,6608742,-0.10,45
107/08/16,52.50,52.50,52.40,52.40,428355,22447394,0.00,63
107/08/17,52.50,52.50,52.40,52.50,172353,9047761,0.10,37
107/08/20,52.50,52.60,52.50,52.60,56194,2951984,0.10,22
107/08/21,52.60,52.70,52.60,52.70,140750,7404873,0.10,47
107/08/22,52.70,52.80,52.70,52.80,95067,5011324,0.10,23
107/08/23,52.80,52.90,52.70,52.90,134815,7119466,0.10,41
107/08/24,52.90,53.20,52.90,53.10,65440,3470620,0.20,38
107/08/27,53.20,53.20,53.10,53.10,66436,3529376,0.00,24
107/08/28,53.10,53.10,53.00,53.00,81233,4309798,-0.10,37
107/08/29,53.10,53.10,53.00,53.00,34326,1820812,0.00,17
107/08/30,53.20,53.20,53.00,53.10,18044,958627,0.10,10
107/08/31,53.20,53.20,53.20,53.20,1116,59348,0.10,3
107/09/03,53.10,53.20,53.10,53.20,7000,371900,0.00,7
107/09/04,53.20,53.30,53.20,53.30,50905,2710044,0.10,28
107/09/05,53.30,53.40,53.20,53.40,97045,5172393,0.10,23
107/09/06,53.30,53.30,53.20,53.30,64524,3437822,-0.10,36
107/09/07,53.20,53.30,53.20,53.20,41772,2222969,-0.10,25
107/09/10,53.20,53.30,53.20,53.30,63000,3354798,0.10,35
107/09/11,53.20,53.30,53.20,53.20,207795,11059019,-0.10,42
107/09/12,53.30,53.30,53.20,53.30,111656,5942168,0.10,20
107/09/13,53.30,53.30,53.20,53.30,138859,7396009,0.00,29
107/09/14,53.20,53.30,53.20,53.30,11289,601245,0.00,9
107/09/17,53.30,53.40,53.30,53.30,42443,2263767,0.00,20
107/09/18,53.30,53.40,53.30,53.30,135138,7213855,0.00,23
107/09/19,53.30,53.40,53.30,53.40,142797,7625179,0.10,19
107/09/20,53.30,53.40,53.30,53.30,28531,1521200,-0.10,19
107/09/21,53.30,53.40,53.30,53.40,10707,570780,0.10,12
107/09/25,53.30,53.40,53.30,53.30,133056,7091973,-0.10,21
107/09/26,53.30,53.50,53.30,53.50,113498,6060343,0.20,19
107/09/27,53.40,53.50,53.30,53.40,162326,8669042,-0.10,28
107/09/28,53.50,53.50,53.40,53.50,94290,5044356,0.10,12
107/10/01,53.50,53.50,53.40,53.40,3798,203011,-0.10,9
107/10/02,53.40,53.50,53.40,53.50,248468,13284289,0.10,30
107/10/03,53.50,53.60,53.50,53.60,166590,8914462,0.10,44
107/10/04,53.50,53.60,53.50,53.60,107081,5730825,0.00,22
107/10/05,53.50,53.50,53.40,53.50,99376,5312978,-0.10,29
107/10/08,53.60,53.60,53.40,53.40,122089,6523924,-0.10,34
107/10/09,53.40,53.50,53.40,53.40,24297,1298829,0.00,10
107/10/11,53.40,53.40,52.90,52.90,292200,15505800,-0.50,103
107/10/12,52.80,53.30,52.80,53.20,238113,12625277,0.30,56
107/10/15,53.20,53.20,53.10,53.10,94740,5033375,-0.10,39
107/10/16,53.10,53.10,53.00,53.00,131530,6981983,-0.10,43
107/10/17,53.10,53.10,53.00,53.00,76310,4050998,0.00,17
107/10/18,53.10,53.10,53.10,53.10,45411,2411200,0.10,21
107/10/19,53.10,53.10,53.00,53.00,62834,3332634,-0.10,25
107/10/22,53.00,53.10,53.00,53.00,64480,3418140,0.00,33
107/10/23,53.00,53.10,53.00,53.00,177049,9384897,0.00,57
107/10/24,53.00,53.10,52.90,52.90,191302,10131473,-0.10,64
107/10/25,52.90,52.90,52.80,52.80,234949,12416205,-0.10,62
107/10/26,52.80,52.90,52.80,52.80,214394,11324000,0.00,53
107/10/29,52.70,52.90,52.70,52.80,3996443,211012244,0.00,33
107/10/30,52.80,53.00,52.80,53.00,78000,4124400,0.20,24
107/10/31,53.00,53.00,52.90,53.00,43406,2299718,0.00,26
107/11/01,52.90,53.00,52.80,52.80,119424,6320185,-0.20,65
107/11/02,52.80,52.90,52.80,52.80,57759,3053551,0.00,28
107/11/05,52.90,52.90,52.80,52.80,83120,4393860,0.00,53
107/11/06,52.90,52.90,52.80,52.80,56534,2989494,0.00,31
107/11/07,53.00,53.00,52.90,53.00,42351,2241203,0.20,26
107/11/08,53.00,53.10,53.00,53.00,33214,1761442,0.00,16
107/11/09,53.00,53.10,53.00,53.10,90081,4778601,0.10,27
107/11/12,53.00,53.10,53.00,53.00,55044,2920632,-0.10,13
107/11/13,53.00,53.10,53.00,53.10,67062,3554278,0.10,26
107/11/14,53.10,53.10,53.00,53.00,95398,5058053,-0.10,20
107/11/15,53.00,53.10,53.00,53.00,94507,5012318,0.00,23
107/11/16,53.00,53.10,53.00,53.10,186000,9873700,0.10,29
107/11/19,53.10,53.20,53.10,53.10,181000,9618500,0.00,31
107/11/20,53.10,53.20,53.10,53.20,72704,3860912,0.10,28
107/11/21,53.20,53.20,53.10,53.10,371180,19722921,-0.10,68
107/11/22,53.10,53.30,53.10,53.20,44836,2385308,0.10,28
107/11/23,53.30,53.30,53.20,53.30,117390,6255308,0.10,40
107/11/26,53.30,53.40,53.30,53.40,42215,2252137,0.10,16
107/11/27,53.40,53.40,53.30,53.40,83702,4469414,0.00,36
107/11/28,53.40,53.50,53.40,53.40,30098,1607402,0.00,9
107/11/29,53.40,53.50,53.40,53.40,168221,8990934,0.00,28
107/11/30,53.50,53.50,53.40,53.40,126803,6780417,0.00,35
107/12/03,53.50,53.50,53.40,53.50,293307,15667561,0.10,61
107/12/04,53.50,53.50,53.40,53.40,135510,7239530,-0.10,24
107/12/05,53.50,53.50,53.20,53.30,208594,11125639,-0.10,50
107/12/06,53.40,53.40,53.30,53.40,54052,2884771,0.10,18
107/12/07,53.40,53.40,53.40,53.40,88282,4714228,0.00,24
107/12/10,53.50,53.50,53.30,53.40,117703,6284267,0.00,31
107/12/11,53.40,53.40,53.30,53.30,28834,1539466,-0.10,15
107/12/12,53.40,53.40,53.20,53.40,135115,7198705,0.10,27
107/12/13,53.40,53.40,53.30,53.40,94227,5025298,0.00,19
107/12/14,53.40,53.40,53.30,53.30,23370,1247556,-0.10,13
107/12/17,53.40,53.40,53.40,53.40,68927,3680605,0.10,30
107/12/18,53.50,53.50,53.40,53.40,25000,1336400,0.00,13
107/12/19,53.40,53.50,53.40,53.50,20865,1114303,0.10,13
107/12/20,53.50,53.50,53.40,53.40,190739,10185709,-0.10,35
107/12/21,53.40,53.40,53.30,53.40,222098,11859930,0.00,30
107/12/22,53.40,53.40,53.30,53.30,221088,11796181,-0.10,46
107/12/23,53.20,53.30,53.20,53.20,207795,11059019,-0.10,42
107/12/24,53.30,53.50,53.30,53.50,18002,961606,0.20,12
107/12/25,53.40,53.50,53.40,53.50,18002,962306,0.00,12
107/12/26,53.50,53.60,53.30,53.30,145309,7769037,-0.20,47
107/12/27,53.40,53.40,53.30,53.40,70114,3740575,0.10,15
107/12/28,53.40,53.40,53.20,53.20,359258,19147923,-0.20,57
108/01/02,53.40,53.50,53.30,53.30,226573,12096169,0.10,42
108/01/03,53.40,53.50,53.40,53.50,50389,2693993,0.20,20
108/01/04,53.40,53.50,53.40,53.50,48676,2603197,0.00,16
108/01/07,53.60,53.70,53.60,53.70,37282,1998486,0.20,16
108/01/08,53.60,53.70,53.60,53.60,117710,6310451,-0.10,43
108/01/09,53.60,53.60,53.40,53.50,695732,37219612,-0.10,63
108/01/10,53.50,53.60,53.50,53.60,132844,7114837,0.10,28
108/01/11,53.60,53.70,53.60,53.70,103584,5562200,0.10,24
108/01/14,53.70,54.10,53.70,54.00,256026,13820095,0.30,212
108/01/15,53.90,54.00,53.80,53.90,422924,22780609,-0.10,109
108/01/16,53.90,54.00,53.80,54.00,344726,18584204,0.10,44
108/01/17,54.00,54.00,54.00,54.00,57384,3098736,0.00,15
108/01/18,54.00,54.00,54.00,54.00,61501,3321002,0.00,13
108/01/21,54.00,54.20,54.00,54.10,86859,4696286,0.10,32
108/01/22,54.10,54.20,54.10,54.20,258588,13993052,0.10,42
108/01/23,54.20,54.40,54.20,54.30,326100,17725719,0.10,42
108/01/24,54.40,54.50,54.30,54.50,267603,14583142,0.20,57
108/01/25,54.50,54.60,54.50,54.50,463442,25272187,0.00,122
108/01/28,54.50,54.60,54.50,54.50,264781,14430585,0.00,37
108/01/29,54.60,54.60,54.50,54.60,121901,6645302,0.10,22
108/01/30,54.60,54.60,54.50,54.60,174656,9522050,0.00,34
108/02/11,54.60,54.80,54.60,54.80,222706,12187645,0.20,51
108/02/12,54.80,55.00,54.80,55.00,157234,8639722,0.20,64
108/02/13,55.00,55.00,54.80,54.90,270820,14875600,-0.10,64
108/02/14,54.90,55.00,54.90,54.90,114002,6269507,0.00,33
108/02/15,55.00,55.10,54.90,55.00,645257,35484908,0.10,501
108/02/18,55.00,55.10,54.90,55.00,1353147,74422424,0.00,550
108/02/19,55.00,55.10,54.90,55.00,1107632,60921294,0.00,245
108/02/20,55.00,55.10,54.90,55.00,263896,14514210,0.00,23
108/02/21,55.00,55.10,55.00,55.00,716607,39421122,0.00,56
108/02/22,55.00,55.20,55.00,55.20,851102,46830810,0.20,56
108/02/25,55.20,55.20,55.00,55.20,630605,34760675,0.00,41
108/02/26,55.20,55.20,55.10,55.10,260000,14326100,-0.10,28
108/02/27,55.10,55.10,55.00,55.10,292415,16106482,0.00,33
108/03/04,55.00,55.20,55.00,55.20,693303,38209165,0.10,48
108/03/05,55.20,55.30,55.20,55.20,671352,37058893,0.00,39
108/03/06,55.20,55.20,55.20,55.20,537700,29680967,0.00,29
108/03/07,55.20,55.20,55.10,55.20,465684,25704820,0.00,16
108/03/08,55.20,55.20,55.10,55.20,296343,16354765,0.00,30
108/03/11,55.20,55.20,55.10,55.20,77075,4247825,0.00,19
108/03/12,55.20,55.20,55.10,55.20,130835,7220125,0.00,37
108/03/13,55.20,55.20,55.10,55.10,225867,12455795,-0.10,51
108/03/14,55.20,55.20,55.10,55.10,116404,6425156,0.00,31
108/03/15,55.10,55.20,55.10,55.10,71900,3964789,0.00,23
108/03/18,55.10,55.30,55.10,55.20,79951,4413692,0.10,27
108/03/19,55.20,55.40,55.20,55.30,63461,3508255,0.10,28
108/03/20,55.30,55.30,55.20,55.30,148663,8220265,0.00,24
108/03/21,55.30,55.30,55.20,55.30,73660,4072465,0.00,21
108/03/22,55.30,55.30,55.20,55.30,57115,3156625,0.00,17
108/03/25,55.20,55.30,55.20,55.30,47767,2641114,0.00,25
108/03/26,55.30,55.30,55.20,55.20,219680,12137536,-0.10,45
108/03/27,55.20,55.30,55.20,55.20,267910,14793630,0.00,35
108/03/28,55.20,55.30,55.10,55.30,243258,13424913,0.10,17
108/03/29,55.30,55.30,55.20,55.20,338400,18682878,-0.10,34
108/04/01,55.30,55.30,55.30,55.30,163792,9057537,0.10,18
108/04/02,55.30,55.40,55.20,55.30,349700,19335769,0.00,41
108/04/03,55.30,55.30,55.20,55.30,259042,14324412,0.00,55
108/04/08,55.30,55.30,55.20,55.30,312958,17304690,0.00,36
108/04/09,55.30,55.30,55.20,55.30,88138,4866690,0.00,17
108/04/10,55.20,55.30,55.20,55.30,181143,10011765,0.00,25
108/04/11,55.20,55.20,55.20,55.20,416000,22963200,-0.10,28
108/04/12,55.20,55.30,55.20,55.20,261530,14439400,0.00,29
108/04/15,55.10,55.20,55.10,55.20,414208,22853117,0.00,34
108/04/16,55.20,55.20,55.10,55.10,353768,19527140,-0.10,27
108/04/17,55.20,55.30,55.10,55.20,224062,12367510,0.10,25
108/04/18,55.20,55.30,55.10,55.30,106540,5880300,0.10,27
108/04/19,55.20,55.20,55.10,55.10,43572,2402415,-0.20,24
108/04/22,55.20,55.20,55.10,55.10,111887,6175934,0.00,45
108/04/23,55.10,55.20,55.10,55.20,189302,10437436,0.10,29
108/04/24,55.30,55.30,55.20,55.20,19933,1100498,0.00,24
108/04/25,55.20,55.20,55.20,55.20,8935,492836,0.00,14
108/04/26,55.20,55.20,55.10,55.20,24502,1352210,0.00,15
108/04/29,55.20,55.40,55.20,55.30,51577,2852905,0.10,35
108/04/30,55.30,55.40,55.30,55.40,53450,2956483,0.10,16
108/05/02,55.40,55.50,55.40,55.40,50981,2824655,0.00,28
108/05/03,55.40,55.50,55.30,55.50,339935,18831309,0.10,26
108/05/06,55.30,55.50,55.30,55.30,352000,19498400,-0.20,26
108/05/07,55.30,55.40,55.30,55.40,331241,18317355,0.10,35
108/05/08,55.40,55.40,55.30,55.40,174999,9694142,0.00,25
108/05/09,55.40,55.50,55.30,55.50,67999,3763944,0.10,26
108/05/10,55.40,55.40,55.30,55.40,191738,10620809,-0.10,30
108/05/13,55.40,55.40,55.30,55.40,202196,11198638,0.00,24
108/05/14,55.30,55.40,55.30,55.40,178125,9860411,0.00,33
108/05/15,55.30,55.40,55.30,55.30,118749,6576817,-0.10,23
108/05/16,55.40,55.40,55.40,55.40,203734,11286715,0.10,27
108/05/17,55.40,55.40,55.30,55.30,14000,774600,-0.10,5
108/05/20,55.40,55.40,55.30,55.40,59232,3281206,0.10,17
108/05/21,55.30,55.40,55.30,55.40,130600,7234578,0.00,20
108/05/22,55.30,55.50,55.30,55.40,125510,6953350,0.00,15
108/05/23,55.30,55.40,55.30,55.30,118189,6541013,-0.10,18
108/05/24,55.30,55.40,55.30,55.30,111300,6165359,0.00,18
108/05/27,55.40,55.40,55.30,55.30,163390,9045467,0.00,18
108/05/28,55.30,55.40,55.20,55.20,201100,11116020,-0.10,26
108/05/29,55.30,55.40,55.30,55.30,105634,5846433,0.10,15
108/05/30,55.40,55.40,55.30,55.30,53268,2945893,0.00,10
108/05/31,55.30,55.30,55.30,55.30,65671,3631537,0.00,16
108/06/03,55.30,55.40,55.30,55.40,235310,13029541,0.10,25
108/06/04,55.40,55.40,55.30,55.40,48001,2657755,0.00,11
108/06/05,55.40,55.40,55.40,55.40,31344,1736422,0.00,25
108/06/06,55.40,55.40,55.30,55.30,14010,775651,-0.10,9
108/06/10,55.30,55.40,55.30,55.40,8400,464880,0.10,8
108/06/11,55.40,55.40,55.30,55.40,87079,4823652,0.00,18
108/06/12,55.40,55.50,55.30,55.50,76407,4229866,0.10,23
108/06/13,55.50,55.50,55.40,55.40,18960,1050292,-0.10,8
108/06/14,55.40,55.40,55.30,55.30,19784,1095376,-0.10,17
108/06/17,55.30,55.30,55.20,55.20,40273,2226041,-0.10,25
108/06/18,55.20,55.30,55.20,55.20,211750,11707924,0.00,24
108/06/19,55.30,55.30,55.20,55.30,40963,2263960,0.10,27
108/06/20,55.30,55.40,55.20,55.20,71795,3965104,-0.10,73
108/06/21,55.20,55.30,55.20,55.30,238618,13186611,0.10,101
108/06/24,55.30,55.30,55.20,55.30,126727,7000629,0.00,88
108/06/25,55.30,55.30,55.20,55.30,121083,6687381,0.00,95
108/06/26,55.30,55.30,55.20,55.20,241610,13349910,-0.10,84
108/06/27,55.20,55.30,55.20,55.20,134700,7435938,0.00,32
108/06/28,55.20,55.30,55.10,55.30,229701,12675794,0.10,34
108/07/01,55.30,55.30,55.20,55.30,39336,2174779,0.00,22
108/07/02,55.30,55.30,55.20,55.20,73809,4081335,-0.10,31
108/07/03,55.20,55.30,55.20,55.20,146666,8106927,0.00,57
108/07/04,55.30,55.30,55.30,55.30,126077,6972049,0.10,42
108/07/05,55.30,55.40,55.30,55.40,90644,5018445,0.10,43
108/07/08,55.50,55.50,55.40,55.50,166616,9246503,0.10,66
108/07/09,53.50,53.90,53.50,53.80,568067,30518800,0.00,228
108/07/10,53.90,54.10,53.90,54.10,358162,19333948,0.30,99
108/07/11,54.00,54.10,54.00,54.10,91592,4953668,0.00,35
108/07/12,54.10,54.20,54.00,54.10,86315,4667010,0.00,34
108/07/15,54.20,54.40,54.20,54.30,160294,8701463,0.20,72
108/07/16,54.40,54.50,54.30,54.40,138740,7547160,0.10,42
108/07/17,54.50,54.60,54.40,54.60,107960,5883431,0.20,40
108/07/18,54.60,54.60,54.40,54.40,67319,3669021,-0.20,40
108/07/19,54.50,54.50,54.50,54.50,28688,1563495,0.10,28
108/07/22,54.60,54.60,54.40,54.40,24316,1322957,-0.10,19
108/07/23,54.40,54.50,54.40,54.50,47000,2557900,0.10,20
108/07/24,54.50,54.50,54.40,54.40,19189,1044661,-0.10,10
108/07/25,54.50,54.50,54.40,54.50,89131,4850422,0.10,38
108/07/26,54.40,54.50,54.40,54.50,83356,4542765,0.00,29
108/07/29,54.50,54.60,54.50,54.60,55274,3012632,0.10,28
108/07/30,54.60,54.70,54.60,54.70,33998,1856686,0.10,19
108/07/31,54.70,55.00,54.70,54.90,134411,7372639,0.20,120
108/08/01,54.80,55.00,54.70,54.90,149637,8204742,0.00,40
108/08/02,54.90,54.90,54.80,54.80,67745,3715524,-0.10,22
108/08/05,54.80,54.90,54.80,54.80,87327,4786718,0.00,18
108/08/06,54.70,55.00,54.70,55.00,258119,14158120,0.20,96
108/08/07,55.00,55.20,55.00,55.10,165075,9096210,0.10,90
108/08/08,55.10,55.20,55.00,55.20,319250,17609424,0.10,93
108/08/12,55.20,55.30,55.10,55.20,200018,11044484,0.00,77
108/08/13,55.20,55.20,55.20,55.20,60037,3313835,0.00,16
108/08/14,55.30,55.50,55.20,55.20,173787,9613885,0.00,85
108/08/15,55.10,55.50,55.10,55.30,152216,8436800,0.10,77
108/08/16,55.40,55.50,55.40,55.50,145284,8061004,0.20,73
108/08/19,55.50,55.80,55.50,55.60,153810,8569654,0.10,83
108/08/20,55.60,55.90,55.60,55.70,157055,8769645,0.10,86
108/08/21,55.70,55.90,55.70,55.80,362231,20188842,0.10,225
108/08/22,55.80,55.90,55.80,55.80,305106,17033493,0.00,152
108/08/23,55.90,55.90,55.80,55.90,314128,17531240,0.10,253
108/08/26,55.90,55.90,55.70,55.80,297159,16588971,-0.10,182
108/08/27,55.80,55.90,55.80,55.90,408301,22813023,0.10,248
108/08/28,55.90,55.90,55.70,55.90,410460,22925766,0.00,265
108/08/29,55.90,56.00,55.90,55.90,212881,11900782,0.00,155
108/08/30,55.90,55.90,55.80,55.90,256255,14324453,0.00,207
108/09/02,55.90,55.90,55.80,55.90,132000,7378600,0.00,87
108/09/03,55.90,55.90,55.70,55.90,46109,2575560,0.00,39
108/09/04,55.90,55.90,55.80,55.80,140130,7819854,-0.10,40
108/09/05,55.80,55.90,55.80,55.90,4248,237211,0.10,10
108/09/06,55.90,56.00,55.80,55.90,63211,3533130,0.00,35
108/09/09,55.90,56.00,55.80,55.90,72844,4070493,0.00,64
108/09/10,55.90,55.90,55.80,55.90,90922,5081355,0.00,52
108/09/11,56.00,56.00,55.90,55.90,43547,2437866,0.00,32
108/09/12,55.90,56.00,55.90,55.90,22469,1256469,0.00,19
108/09/16,55.80,55.90,55.70,55.80,58718,3273818,-0.10,39
108/09/17,55.80,55.90,55.80,55.90,8085,451242,0.10,10
108/09/18,55.90,55.90,55.80,55.80,38601,2155734,-0.10,24
108/09/19,55.80,55.80,55.70,55.70,25464,1419689,-0.10,23
108/09/20,55.70,55.70,55.60,55.60,18268,1016199,-0.10,19
108/09/23,55.60,55.70,55.40,55.70,98040,5451314,0.10,58
108/09/24,55.70,55.70,55.70,55.70,46750,2603971,0.00,42
108/09/25,55.70,55.70,55.60,55.70,70320,3916559,0.00,58
108/09/26,55.70,55.70,55.70,55.70,35592,1982473,0.00,28
108/09/27,55.80,55.80,55.70,55.80,45291,2525407,0.10,43
108/10/01,55.80,55.80,55.70,55.80,36144,2016520,0.00,31
108/10/02,55.80,55.80,55.80,55.80,33000,1841400,0.00,33
108/10/03,55.80,55.80,55.80,55.80,20194,1126746,0.00,24
108/10/04,55.80,55.80,55.70,55.80,36495,2035220,0.00,38
108/10/07,55.80,55.90,55.70,55.90,60825,3393868,0.10,62
108/10/08,55.90,55.90,55.80,55.90,57185,3194703,0.00,48
108/10/09,55.90,56.00,55.90,56.00,24187,1352150,0.10,29
108/10/14,56.00,56.10,55.90,56.00,49924,2795644,0.00,59
108/10/15,56.00,56.00,56.00,56.00,37737,2113272,0.00,32
108/10/16,56.10,56.10,56.10,56.10,80446,4512976,0.10,87
108/10/17,56.20,56.20,56.10,56.20,23649,1327344,0.10,16
108/10/18,56.20,56.30,56.20,56.30,72845,4094185,0.10,80
108/10/21,56.30,56.30,56.20,56.30,201610,11350481,0.00,105
108/10/22,56.30,56.30,56.30,56.30,257500,14497248,0.00,137
108/10/23,56.20,56.30,56.20,56.20,200739,11296384,-0.10,68
108/10/24,56.20,56.20,56.20,56.20,70250,3948000,0.00,37
108/10/25,56.20,56.20,56.10,56.20,153692,8637389,0.00,69
108/10/28,55.30,56.20,55.30,56.10,236379,13249624,-0.10,63
108/10/29,56.10,56.20,56.10,56.10,52302,2934312,0.00,45
108/10/30,56.10,56.20,56.10,56.10,154124,8656355,0.00,68
108/10/31,56.10,56.20,56.10,56.10,79518,4466602,0.00,23
108/11/01,56.00,56.10,56.00,56.10,78300,4392200,0.00,60
108/11/04,56.10,56.10,55.90,55.90,208583,11677631,-0.20,79
108/11/05,55.90,56.00,55.90,55.90,76017,4254845,0.00,16
108/11/06,55.90,56.00,55.90,55.90,110547,6185566,0.00,22
108/11/07,55.90,56.00,55.90,56.00,71193,3982149,0.10,20
108/11/08,56.00,56.00,55.90,56.00,68196,3815876,0.00,56
108/11/11,56.00,56.00,55.90,56.00,150000,8398800,0.00,47
108/11/12,56.00,56.00,55.90,56.00,43375,2428786,0.00,43
108/11/13,55.90,56.00,55.90,56.00,378100,21172680,0.00,174
108/11/14,55.90,56.00,55.90,55.90,80453,4503621,-0.10,22
108/11/15,55.90,55.90,55.90,55.90,29090,1625693,0.00,17
108/11/18,55.90,56.00,55.90,56.00,16162,903807,0.10,9
108/11/19,56.00,56.00,55.90,55.90,103138,5775528,-0.10,17
108/11/20,55.90,55.90,55.90,55.90,45956,2569036,0.00,46
108/11/21,55.90,55.90,55.90,55.90,77040,4306540,0.00,14
108/11/22,55.90,56.00,55.90,55.90,176304,9865492,0.00,43
108/11/25,55.90,56.00,55.90,55.90,132250,7403974,0.00,28
108/11/26,55.90,56.00,55.80,55.90,140043,7828295,0.00,43
108/11/27,55.90,55.90,55.90,55.90,22443,1254473,0.00,17
108/11/28,55.90,56.00,55.90,55.90,91563,5119002,0.00,32
108/11/29,55.90,55.90,55.90,55.90,39089,2185065,0.00,34
108/12/02,55.80,55.90,55.80,55.90,48125,2689387,0.00,47
108/12/03,55.90,56.00,55.90,56.00,115161,6438550,0.10,11
108/12/04,55.80,56.00,55.80,55.90,136000,7614900,-0.10,27
108/12/05,55.90,55.90,55.80,55.80,24094,1345526,-0.10,19
108/12/06,55.80,55.80,55.80,55.80,16853,940396,0.00,14
108/12/09,55.80,55.80,55.80,55.80,1000,55800,0.00,1
108/12/10,55.80,55.90,55.80,55.90,25183,1405292,0.10,13
108/12/11,55.80,56.00,55.80,55.90,154200,8634740,0.00,21
108/12/12,55.70,56.00,55.60,55.90,170700,9552619,0.00,38
108/12/13,55.90,55.90,55.80,55.80,3130,174753,-0.10,6
108/12/16,55.60,55.90,55.60,55.70,217000,12115300,-0.10,32
108/12/17,55.60,55.70,55.60,55.70,13737,764102,0.00,14
108/12/18,55.60,55.70,55.60,55.60,21971,1221785,-0.10,24
108/12/19,55.60,55.60,55.40,55.40,40403,2243024,-0.20,31
108/12/20,55.50,55.60,55.50,55.60,17444,968394,0.20,24
108/12/23,55.60,55.60,55.60,55.60,17691,983480,0.00,13
108/12/24,55.60,55.60,55.60,55.60,8440,469263,0.00,8
108/12/25,55.60,55.80,55.60,55.70,149829,8355095,0.10,19
108/12/26,55.80,55.90,55.80,55.90,63562,3551102,0.20,15
108/12/27,56.00,56.00,55.90,55.90,6123,342337,0.00,9
108/12/30,55.90,55.90,55.70,55.70,23770,1328309,-0.20,17
108/12/31,55.70,55.80,55.40,55.40,36797,2040672,-0.30,27
109/01/02,55.50,56.20,55.50,56.00,116160,6518512,0.60,36
109/01/03,55.70,56.00,55.70,56.00,90202,5047950,0.00,18
109/01/06,55.60,56.00,55.60,56.00,174010,9714957,0.00,82
109/01/07,55.90,55.90,55.80,55.90,104148,5821658,-0.10,96
109/01/08,55.60,55.80,55.60,55.80,20587,1146552,-0.10,16
109/01/09,55.80,55.80,55.70,55.80,68027,3795303,0.00,10
109/01/10,55.70,55.80,55.70,55.70,8675,483229,-0.10,8
109/01/13,55.80,55.80,55.60,55.70,83558,4653423,0.00,23
109/01/14,55.60,55.80,55.60,55.80,50190,2796764,0.10,24
109/01/15,55.80,55.80,55.70,55.80,163108,9086504,0.00,14
109/01/16,55.70,55.80,55.70,55.80,47082,2625459,0.00,14
109/01/17,55.80,56.00,55.80,55.90,99618,5573021,0.10,16
109/01/20,55.90,55.90,55.90,55.90,32600,1822337,0.00,21
109/01/30,55.70,55.90,55.40,55.60,186822,10408220,-0.30,58
109/01/31,55.60,55.90,55.60,55.90,38315,2134419,0.30,26
109/02/03,55.80,56.00,55.80,56.00,563640,31549285,0.10,84
109/02/04,56.00,56.10,55.90,56.10,629695,35296048,0.10,74
109/02/05,56.10,56.10,56.00,56.10,285788,16032205,0.00,83
109/02/06,56.10,56.10,56.00,56.10,169379,9500447,0.00,65
109/02/07,56.10,56.20,56.00,56.00,371255,20797478,-0.10,77
109/02/10,56.00,56.10,56.00,56.00,296654,16618124,0.00,73
109/02/11,56.00,56.10,56.00,56.10,231001,12957255,0.10,72
109/02/12,56.10,56.20,56.10,56.20,187300,10522337,0.10,56
109/02/13,56.20,56.30,55.60,56.30,238407,13395751,0.10,74
109/02/14,56.20,56.30,56.20,56.30,334311,18820484,0.00,79
109/02/17,56.20,56.20,56.20,56.20,56387,3168872,-0.10,38
109/02/18,56.20,56.20,56.20,56.20,34000,1910800,0.00,28
109/02/19,56.20,56.30,56.20,56.20,72192,4058232,0.00,16
109/02/20,56.20,56.30,56.20,56.30,163848,9221072,0.10,24
109/02/21,56.20,56.30,56.20,56.30,158820,8941220,0.00,26
109/02/24,56.10,56.30,56.10,56.30,90894,5108764,0.00,81
109/02/25,56.20,56.30,56.20,56.20,29044,1633164,-0.10,11
109/02/26,56.20,56.30,56.20,56.30,43000,2417100,0.10,13
109/02/27,56.30,56.50,56.30,56.40,259762,14633418,0.10,44
109/03/02,56.30,56.30,56.30,56.30,82482,4643398,-0.10,23
109/03/03,56.30,56.40,56.30,56.30,34411,1937697,0.00,19
109/03/04,56.40,56.50,56.30,56.50,141499,7970192,0.20,55
109/03/05,56.50,56.50,56.40,56.50,446388,25217766,0.00,47
109/03/06,56.50,56.60,56.50,56.50,334066,18874809,0.00,31
109/03/09,56.40,56.60,56.40,56.50,288276,16279411,0.00,41
109/03/10,56.50,56.60,56.40,56.50,265398,14992826,0.00,56
109/03/11,56.50,56.60,56.50,56.50,16355,924285,0.00,16
109/03/12,56.50,56.50,55.70,55.80,282673,15843550,-0.70,100
109/03/13,54.70,55.00,53.60,55.00,478690,26049605,-0.80,201
109/03/16,54.20,54.20,53.50,53.50,304966,16410479,-1.50,157
109/03/17,52.60,53.40,52.30,52.80,515425,27180554,-0.70,265
109/03/18,52.80,53.30,52.50,52.70,239623,12669307,-0.10,134
109/03/19,52.30,52.30,50.10,50.10,673247,34089372,-2.60,273
109/03/20,50.30,51.90,50.30,51.90,292819,15005112,1.80,131
109/03/23,50.90,51.50,50.50,51.20,113652,5798752,-0.70,68
109/03/24,51.20,51.80,51.20,51.60,117680,6067214,0.40,59
109/03/25,52.60,52.80,51.30,51.90,697497,36023292,0.30,150
109/03/26,52.00,52.00,51.00,51.30,491655,25291700,-0.60,192
109/03/27,51.80,52.00,51.60,51.70,228620,11832391,0.40,86
109/03/30,51.30,52.20,51.30,51.60,163011,8422463,-0.10,74
109/03/31,51.90,52.00,51.70,51.90,59021,3061385,0.30,30
109/04/01,52.00,52.00,51.90,52.00,149150,7750700,0.10,47
109/04/06,51.90,51.90,51.50,51.80,70640,3651650,-0.20,41
109/04/07,52.00,52.20,51.80,52.00,112042,5819084,0.20,63
109/04/08,51.80,52.10,51.80,52.00,262000,13626900,0.00,71
109/04/09,52.00,52.20,52.00,52.20,110138,5744245,0.20,45
109/04/10,52.40,52.70,52.30,52.70,204656,10764507,0.50,76
109/04/13,52.80,52.80,52.10,52.30,108267,5677684,-0.40,63
109/04/14,52.40,52.60,52.40,52.40,100173,5254763,0.10,50
109/04/15,52.60,52.70,52.50,52.60,66030,3471071,0.20,35
109/04/16,52.60,53.00,52.60,53.00,85710,4521074,0.40,44
109/04/17,53.20,53.40,53.10,53.40,150505,8011164,0.40,56
109/04/20,53.40,53.40,53.30,53.40,103420,5520426,0.00,26
109/04/21,53.40,53.40,52.80,53.20,130259,6916752,-0.20,64
109/04/22,52.70,53.00,52.60,53.00,125120,6612412,-0.20,47
109/04/23,52.90,53.20,52.90,53.10,157110,8339618,0.10,37
109/04/24,53.10,53.20,53.00,53.20,161370,8570582,0.10,30
109/04/27,53.30,53.50,53.10,53.40,223100,11880820,0.20,67
109/04/28,53.40,53.60,53.40,53.60,122706,6567939,0.20,36
109/04/29,53.60,53.80,53.60,53.80,44218,2373640,0.20,30
109/04/30,53.90,54.20,53.80,54.20,233105,12580148,0.40,57
109/05/04,53.80,54.10,53.70,54.10,63500,3425598,-0.10,37
109/05/05,54.10,54.20,54.00,54.20,84053,4546471,0.10,30
109/05/06,54.00,54.20,53.90,54.20,39079,2110050,0.00,18
109/05/07,54.00,54.20,54.00,54.20,74035,4006985,0.00,32
109/05/08,54.30,54.50,54.30,54.40,83694,4550876,0.20,33
109/05/11,54.50,54.50,54.40,54.50,91122,4959936,0.10,37
109/05/12,54.40,54.40,54.30,54.40,83407,4532698,-0.10,37
109/05/13,54.40,54.40,54.30,54.40,30986,1684737,0.00,22
109/05/14,54.20,54.40,54.20,54.40,133015,7222312,0.00,42
109/05/15,54.40,54.50,54.30,54.50,44013,2392303,0.10,30
109/05/18,54.50,54.50,54.40,54.50,41854,2277859,0.00,22
109/05/19,54.50,54.50,54.40,54.40,64371,3503507,-0.10,34
109/05/20,54.40,54.50,54.40,54.50,94505,5142870,0.10,38
109/05/21,54.40,54.50,54.40,54.40,105100,5724600,-0.10,27
109/05/22,54.50,54.50,54.50,54.50,50241,2738014,0.10,52
109/05/25,54.40,54.50,54.40,54.50,14201,772613,0.00,8
109/05/26,54.50,54.50,54.50,54.50,14100,768450,0.00,9
109/05/27,54.50,54.50,54.40,54.40,83130,4525671,-0.10,40
109/05/28,54.50,54.50,54.50,54.50,94273,5137795,0.10,97
109/05/29,54.30,54.60,54.30,54.60,36591,1994167,0.10,23
109/06/01,54.70,54.70,54.50,54.60,28942,1580068,0.00,24
109/06/02,54.70,54.70,54.60,54.60,271000,14802100,0.00,21
109/06/03,54.70,54.70,54.70,54.70,19999,1093942,0.10,13
109/06/04,54.70,54.90,54.70,54.90,59784,3275981,0.20,49
109/06/05,55.00,55.10,55.00,55.00,35450,1949804,0.10,19
109/06/08,55.00,55.10,54.90,55.00,41592,2285840,0.00,28
109/06/09,55.00,55.20,55.00,55.20,8200,451900,0.20,8
109/06/10,55.20,55.60,55.20,55.50,90987,5048478,0.30,28
109/06/11,55.50,55.70,55.40,55.40,171250,9506750,-0.10,29
109/06/12,55.00,55.20,54.90,55.10,99200,5458300,-0.30,47
109/06/15,55.10,55.20,55.00,55.00,55000,3028900,-0.10,23
109/06/16,55.00,55.80,55.00,55.80,110122,6114045,0.80,41
109/06/17,55.60,56.10,55.60,56.10,165011,9236311,0.30,45
109/06/18,56.00,56.50,55.90,56.30,118882,6696902,0.20,48
109/06/19,56.30,56.40,56.20,56.40,121309,6834304,0.10,33
109/06/22,56.40,56.40,56.20,56.40,95593,5381608,0.00,43
109/06/23,56.50,56.50,56.20,56.40,151237,8511193,0.00,41
109/06/24,56.30,56.40,56.20,56.30,116176,6540372,-0.10,20
109/06/29,56.20,56.30,56.00,56.30,247377,13892812,0.00,65
109/06/30,56.30,56.30,56.10,56.30,205000,11530099,0.00,48
109/07/01,56.30,56.60,56.30,56.50,412300,23284188,0.20,101
109/07/02,54.20,54.50,54.10,54.40,720535,39091047,0.00,524
109/07/03,54.50,54.70,54.40,54.50,153000,8344400,0.10,64
109/07/06,54.60,54.60,54.60,54.60,50042,2731770,0.10,26
109/07/07,54.80,54.80,54.60,54.70,45328,2479376,0.10,28
109/07/08,54.70,54.80,54.60,54.80,334488,18291195,0.10,262
109/07/09,54.70,54.70,53.60,54.50,81574,4431322,-0.30,41
109/07/10,54.10,54.50,54.10,54.40,46034,2504739,-0.10,24
109/07/13,54.30,54.40,54.30,54.40,35011,1902994,0.00,23
109/07/14,54.30,54.40,54.30,54.40,49717,2701032,0.00,33
109/07/15,54.30,54.50,54.30,54.50,255830,13918866,0.10,206
109/07/16,54.50,54.50,54.40,54.50,23400,1274159,0.00,8
109/07/17,54.30,54.40,54.30,54.40,53715,2920352,-0.10,22
